frame,marker,raw,anchor_frame,distance,second_distance,candidate_count,support,mean_error,search_offset,details,method
2305,LBHD,*53,2302,6.797312853127184,,1,3,0.13595215943545233,2,RBHD:114.4/114.8/err0.4;RFHD:209.4/209.4/err0.0;LFHD:170.2/170.3/err0.0,forward_only_radius_rigid_connect
2307,LELA,*54,2302,6.352849915776747,,1,3,0.23390548499330066,4,LSHO:334.9/335.1/err0.3;LUP:187.4/187.6/err0.2;LELB:85.0/84.8/err0.2,forward_only_radius_rigid_connect
2309,LELA,*54,2307,2.935664474869035,,1,3,0.7178581387967805,5,LSHO:335.9/335.1/err0.7;LUP:188.0/187.6/err0.5;LELB:83.8/84.8/err1.0,forward_only_radius_rigid_connect
2309,RBHD,*56,2302,15.937174630612954,,1,3,0.766873176287613,5,LBHD:113.9/114.8/err0.9;RFHD:182.6/181.6/err1.1;LFHD:214.8/214.5/err0.3,forward_only_radius_rigid_connect
2311,LBHD,*53,2305,13.610827554603127,,1,2,0.08485529363930766,5,RFHD:209.5/209.4/err0.1;LFHD:170.4/170.3/err0.1,forward_only_radius_rigid_connect
2313,LELA,*54,2310,4.679991890623285,,1,3,0.23702112040448733,2,LSHO:335.1/335.1/err0.1;LUP:187.7/187.6/err0.1;LELB:84.3/84.8/err0.5,forward_only_radius_rigid_connect
2315,LBHD,*53,2312,6.718915868530358,,1,2,0.16851910425170047,2,RFHD:209.6/209.4/err0.2;LFHD:170.4/170.3/err0.2,forward_only_radius_rigid_connect
2317,C7,*56,2314,6.447709771236004,,1,3,1.1920395776020314,2,CLAV:143.8/143.8/err0.1;STRN:283.1/282.9/err0.2;T10:209.1/212.4/err3.3,forward_only_radius_rigid_connect
2317,LELA,*54,2314,4.670757086690896,,1,3,0.4658412496037556,2,LSHO:334.3/335.1/err0.9;LUP:187.3/187.6/err0.3;LELB:84.6/84.8/err0.2,forward_only_radius_rigid_connect
2318,LBHD,*56,2316,56.210550229221035,,1,2,24.801959352409924,1,RFHD:228.8/209.4/err19.3;LFHD:200.5/170.3/err30.3,forward_only_radius_rigid_connect
2321,LBHD,*53,2318,6.70449307764783,,1,2,24.259978270134397,2,RFHD:228.2/209.4/err18.8;LFHD:200.0/170.3/err29.7,forward_only_radius_rigid_connect
2321,LELA,*54,2318,4.427689083441523,,1,3,0.7914563121447268,2,LSHO:333.5/335.1/err1.6;LUP:186.9/187.6/err0.7;LELB:84.7/84.8/err0.0,forward_only_radius_rigid_connect
2322,LBHD,*56,2321,58.07798107825718,,1,2,0.25335149822173264,2,RFHD:209.6/209.4/err0.2;LFHD:170.6/170.3/err0.3,forward_only_radius_rigid_connect
2323,C7,*53,2317,13.467354272651425,,1,3,1.7680461493011042,5,CLAV:144.0/143.8/err0.2;STRN:282.5/282.9/err0.4;T10:207.8/212.4/err4.7,forward_only_radius_rigid_connect
2325,LELA,*54,2322,4.328521663860195,,1,3,1.2280088971156669,2,LSHO:333.0/335.1/err2.2;LUP:186.6/187.6/err1.0;LELB:85.3/84.8/err0.5,forward_only_radius_rigid_connect
2326,C7,*53,2323,7.005199818475977,,1,3,2.297848458760825,5,CLAV:144.4/143.8/err0.6;STRN:282.0/282.9/err0.9;T10:207.0/212.4/err5.4,forward_only_radius_rigid_connect
2326,LBHD,*56,2322,9.30436935534506,55.98908796286824,2,2,0.30462068331594594,3,RFHD:209.7/209.4/err0.2;LFHD:170.6/170.3/err0.4,forward_only_radius_rigid_connect
2328,C7,*53,2323,11.710196994646285,,1,3,2.571899666390332,4,CLAV:144.4/143.8/err0.7;STRN:281.8/282.9/err1.1;T10:206.5/212.4/err5.9,forward_only_radius_rigid_connect
2328,LBHD,*56,2326,4.729706384241786,56.251688911991266,2,2,0.3229457646056204,1,RFHD:209.7/209.4/err0.2;LFHD:170.7/170.3/err0.4,forward_only_radius_rigid_connect
2329,LELA,*54,2326,4.360685496876485,,1,3,1.473828463165873,2,LSHO:332.6/335.1/err2.6;LUP:186.4/187.6/err1.2;LELB:85.5/84.8/err0.7,forward_only_radius_rigid_connect
2330,C7,*53,2328,4.705473848758464,,1,3,2.7946787938542172,5,CLAV:144.6/143.8/err0.9;STRN:281.7/282.9/err1.2;T10:206.1/212.4/err6.3,forward_only_radius_rigid_connect
2330,LBHD,*56,2328,4.963612548612882,55.996613817923354,2,2,1.2827341954779712,1,RFHD:210.7/209.4/err1.2;LFHD:171.6/170.3/err1.3,forward_only_radius_rigid_connect
2332,LBHD,*53,2330,55.578506014004255,,1,2,22.868671385335645,1,RFHD:226.8/209.4/err17.3;LFHD:198.7/170.3/err28.4,forward_only_radius_rigid_connect
2333,C7,*53,2331,4.742109546401662,59.97152301570767,2,3,4.248960627711123,1,CLAV:142.0/143.8/err1.8;STRN:279.4/282.9/err3.6;T10:205.1/212.4/err7.3,forward_only_radius_rigid_connect
2333,LELA,*54,2330,4.50772031701372,,1,3,1.6903870846077496,2,LSHO:332.2/335.1/err2.9;LUP:186.4/187.6/err1.2;LELB:85.7/84.8/err0.9,forward_only_radius_rigid_connect
2334,LBHD,*56,2332,57.3459514556627,,1,2,0.4527445438244797,1,RFHD:209.8/209.4/err0.4;LFHD:170.8/170.3/err0.5,forward_only_radius_rigid_connect
2337,LELA,*54,2334,4.859908784898406,,1,3,1.9098452829362838,2,LSHO:332.0/335.1/err3.2;LUP:186.3/187.6/err1.3;LELB:86.0/84.8/err1.2,forward_only_radius_rigid_connect
2338,LBHD,*53,2334,57.344693908146816,,1,2,22.866147879214367,3,RFHD:226.2/209.4/err16.8;LFHD:199.2/170.3/err28.9,forward_only_radius_rigid_connect
2339,LBHD,*58,2336,7.18770780269437,,1,2,0.5627377852706701,2,RFHD:210.0/209.4/err0.5;LFHD:170.9/170.3/err0.6,forward_only_radius_rigid_connect
2340,C7,*53,2333,57.84802860250712,,1,3,9.662369145705242,5,CLAV:133.7/143.8/err10.1;STRN:266.9/282.9/err16.0;T10:209.6/212.4/err2.9,forward_only_radius_rigid_connect
2341,C7,*56,2337,9.392913268414926,,1,3,3.257732235849877,3,CLAV:144.8/143.8/err1.1;STRN:281.5/282.9/err1.4;T10:205.1/212.4/err7.3,forward_only_radius_rigid_connect
2341,LBHD,*58,2339,4.60007473804566,54.23529441296508,2,2,0.40106237282944335,1,RFHD:209.6/209.4/err0.2;LFHD:170.9/170.3/err0.6,forward_only_radius_rigid_connect
2341,LELA,*54,2338,5.7994751735466386,,1,3,1.9278292441074616,2,LSHO:331.8/335.1/err3.3;LUP:186.2/187.6/err1.4;LELB:85.9/84.8/err1.1,forward_only_radius_rigid_connect
2343,LBHD,*58,2341,4.4982312057431955,,1,2,0.5523974647441605,1,RFHD:209.9/209.4/err0.5;LFHD:170.9/170.3/err0.6,forward_only_radius_rigid_connect
2345,C7,*53,2342,6.71685922161971,,1,3,3.614102640333016,2,CLAV:145.7/143.8/err1.9;STRN:281.4/282.9/err1.5;T10:205.0/212.4/err7.4,forward_only_radius_rigid_connect
2347,LBHD,*53,2345,51.66473093311391,,1,2,19.757936225938522,1,RFHD:224.1/209.4/err14.7;LFHD:195.1/170.3/err24.9,forward_only_radius_rigid_connect
2349,LBHD,*53,2347,5.220742292307201,53.98324649048053,2,2,20.393042522501332,1,RFHD:224.2/209.4/err14.7;LFHD:196.3/170.3/err26.1,forward_only_radius_rigid_connect
2351,LBHD,*53,2349,4.625360446251914,,1,2,20.690182781234327,1,RFHD:224.6/209.4/err15.2;LFHD:196.5/170.3/err26.2,forward_only_radius_rigid_connect
2351,LELA,*52,2344,17.258755899554057,,1,3,2.7549021688011806,5,LSHO:330.6/335.1/err4.6;LUP:186.1/187.6/err1.5;LELB:87.0/84.8/err2.2,forward_only_radius_rigid_connect
2353,LBHD,*58,2351,56.19760139504761,,1,2,0.43083021185489656,1,RFHD:209.7/209.4/err0.2;LFHD:170.9/170.3/err0.6,forward_only_radius_rigid_connect
2354,C7,*59,2348,15.073955544001143,,1,3,4.321121087293913,5,CLAV:143.0/143.8/err0.8;STRN:278.6/282.9/err4.4;T10:204.6/212.4/err7.8,forward_only_radius_rigid_connect
2354,RASIS,*52,2351,3.385922336138706,,1,3,1.2796610504002406,2,LASIS:262.0/262.3/err0.4;RPSIS:168.3/167.0/err1.3;LPSIS:240.0/242.2/err2.2,forward_only_radius_rigid_connect
2355,LELA,*53,2351,11.043930418844567,,1,3,3.099381858989029,3,LSHO:329.9/335.1/err5.2;LUP:186.4/187.6/err1.2;LELB:87.6/84.8/err2.9,forward_only_radius_rigid_connect
2356,LBHD,*54,2353,6.637896447321417,,1,2,0.39742836291149786,2,RFHD:209.7/209.4/err0.2;LFHD:170.8/170.3/err0.6,forward_only_radius_rigid_connect
2358,RASIS,*52,2355,3.100939528698593,,1,3,0.9350623894195943,2,LASIS:262.2/262.3/err0.2;RPSIS:167.7/167.0/err0.6;LPSIS:240.2/242.2/err2.0,forward_only_radius_rigid_connect
2359,LELA,*53,2355,11.33754656250744,,1,3,3.590204856575118,3,LSHO:329.4/335.1/err5.8;LUP:186.5/187.6/err1.1;LELB:88.7/84.8/err3.9,forward_only_radius_rigid_connect
2360,LBHD,*54,2357,6.507608924629093,,1,2,0.28495539083630206,2,RFHD:209.6/209.4/err0.2;LFHD:170.7/170.3/err0.4,forward_only_radius_rigid_connect
2363,RMEP,*59,2357,6.949991751390995,,1,3,5.319976544098452,5,RTROC:417.8/423.8/err5.9;RTH:285.7/291.7/err6.0;RLEP:127.2/131.3/err4.0,forward_only_radius_rigid_connect
2364,LBHD,*54,2361,6.444492654676751,,1,2,0.5348237944083678,2,RFHD:208.8/209.4/err0.7;LFHD:169.8/170.3/err0.4,forward_only_radius_rigid_connect
2364,RASIS,*52,2359,4.591908937463549,,1,3,1.234470247195323,4,LASIS:261.6/262.3/err0.8;RPSIS:167.6/167.0/err0.5;LPSIS:239.8/242.2/err2.4,forward_only_radius_rigid_connect
2364,RMEP,*59,2363,0.5753487609377707,,1,3,5.344366710753984,5,RTROC:417.7/423.8/err6.1;RTH:285.7/291.7/err6.1;RLEP:127.4/131.3/err3.9,forward_only_radius_rigid_connect
2366,RMEP,*59,2364,1.171904021638884,,1,3,5.452469114139494,1,RTROC:417.4/423.8/err6.4;RTH:285.5/291.7/err6.2;RLEP:127.5/131.3/err3.7,forward_only_radius_rigid_connect
2368,LBHD,*54,2365,5.960170735359591,,1,2,0.46582611947823693,2,RFHD:209.9/209.4/err0.5;LFHD:170.7/170.3/err0.4,forward_only_radius_rigid_connect
2368,RMEP,*59,2366,1.1795798033065834,,1,3,5.617136009837424,1,RTROC:417.1/423.8/err6.6;RTH:285.2/291.7/err6.5;RLEP:127.6/131.3/err3.7,forward_only_radius_rigid_connect
2370,RASIS,*52,2364,5.675680040021081,,1,3,1.6092510648905431,5,LASIS:260.6/262.3/err1.7;RPSIS:167.2/167.0/err0.2;LPSIS:239.3/242.2/err2.9,forward_only_radius_rigid_connect
2370,RMEP,*59,2368,0.9312056520932435,,1,3,5.5439565738234835,1,RTROC:417.0/423.8/err6.8;RTH:285.2/291.7/err6.6;RLEP:128.0/131.3/err3.3,forward_only_radius_rigid_connect
2372,LBHD,*53,2368,7.88384595623867,,1,2,0.5155124676803808,3,RFHD:209.9/209.4/err0.5;LFHD:170.8/170.3/err0.6,forward_only_radius_rigid_connect
2372,RASIS,*52,2367,4.788913468202378,,1,3,1.7589503260720392,4,LASIS:260.3/262.3/err2.0;RPSIS:166.9/167.0/err0.1;LPSIS:239.1/242.2/err3.2,forward_only_radius_rigid_connect
2372,RMEP,*59,2370,1.5345448455339619,,1,3,5.823910279992252,1,RTROC:416.7/423.8/err7.1;RTH:284.8/291.7/err6.9;RLEP:127.8/131.3/err3.5,forward_only_radius_rigid_connect
2374,RMEP,*59,2372,1.7118146376372434,,1,3,6.252079293967327,1,RTROC:416.4/423.8/err7.3;RTH:283.9/291.7/err7.8;RLEP:127.6/131.3/err3.7,forward_only_radius_rigid_connect
2375,LELA,*53,2362,40.67292469428368,,1,3,4.525228561974946,5,LSHO:327.5/335.1/err7.6;LUP:187.1/187.6/err0.5;LELB:90.2/84.8/err5.4,forward_only_radius_rigid_connect
2376,LBHD,*54,2373,6.1193840070990735,,1,2,0.32193568918225424,2,RFHD:209.1/209.4/err0.4;LFHD:170.0/170.3/err0.3,forward_only_radius_rigid_connect
2376,LELA,*53,2375,4.503272447982308,,1,3,5.796584274271258,5,LSHO:325.7/335.1/err9.4;LUP:185.6/187.6/err2.0;LELB:90.8/84.8/err6.0,forward_only_radius_rigid_connect
2376,RASIS,*52,2373,3.149892239014078,,1,3,2.0263907046577665,2,LASIS:259.9/262.3/err2.5;RPSIS:166.9/167.0/err0.1;LPSIS:238.7/242.2/err3.5,forward_only_radius_rigid_connect
2376,RMEP,*59,2374,1.9831023096138423,,1,3,6.3963066875619505,1,RTROC:416.2/423.8/err7.5;RTH:283.9/291.7/err7.8;RLEP:127.4/131.3/err3.8,forward_only_radius_rigid_connect
2378,LELA,*53,2376,6.196753815956529,,1,3,6.34051392297089,5,LSHO:324.7/335.1/err10.5;LUP:184.9/187.6/err2.7;LELB:90.6/84.8/err5.9,forward_only_radius_rigid_connect
2378,RMEP,*59,2376,2.1666057445916818,,1,3,6.568669450884485,1,RTROC:416.1/423.8/err7.7;RTH:283.7/291.7/err8.0;RLEP:127.3/131.3/err4.0,forward_only_radius_rigid_connect
2379,LELA,*53,2378,2.942908817047582,,1,3,6.60561997669402,5,LSHO:324.2/335.1/err10.9;LUP:184.5/187.6/err3.0;LELB:90.7/84.8/err5.9,forward_only_radius_rigid_connect
2379,RELA,*58,2375,7.047466854571173,,1,3,5.236366068727231,3,RSHO:325.4/334.9/err9.5;RUP:181.5/179.9/err1.6;RELB:91.0/86.4/err4.6,forward_only_radius_rigid_connect
2380,C7,*61,2371,19.128835808670228,,1,3,5.808981749421709,5,CLAV:143.7/143.8/err0.1;STRN:276.4/282.9/err6.5;T10:201.6/212.4/err10.8,forward_only_radius_rigid_connect
2380,LBHD,*54,2377,6.867810584588566,,1,2,0.44785250930773657,2,RFHD:209.9/209.4/err0.4;LFHD:170.7/170.3/err0.5,forward_only_radius_rigid_connect
2380,RMEP,*59,2378,2.1418139411213124,,1,3,7.045005532616178,1,RTROC:415.6/423.8/err8.1;RTH:283.1/291.7/err8.6;RLEP:126.8/131.3/err4.4,forward_only_radius_rigid_connect
2381,C7,*61,2380,2.382098015041991,,1,3,5.789985151438041,5,CLAV:143.7/143.8/err0.1;STRN:276.5/282.9/err6.5;T10:201.6/212.4/err10.8,forward_only_radius_rigid_connect
2381,LELA,*53,2379,4.3914873297265515,,1,3,5.879960044026272,1,LSHO:325.2/335.1/err10.0;LUP:185.6/187.6/err2.0;LELB:90.5/84.8/err5.7,forward_only_radius_rigid_connect
2381,RELA,*58,2377,6.744483170995396,,1,3,5.399201471372582,3,RSHO:325.2/334.9/err9.7;RUP:181.7/179.9/err1.8;RELB:91.2/86.4/err4.8,forward_only_radius_rigid_connect
2382,RASIS,*52,2377,7.126501388691335,,1,3,2.7117881063775067,4,LASIS:259.2/262.3/err3.2;RPSIS:166.5/167.0/err0.6;LPSIS:237.8/242.2/err4.4,forward_only_radius_rigid_connect
2382,RMEP,*59,2380,3.105652466174111,,1,3,7.191855461429957,1,RTROC:415.4/423.8/err8.4;RTH:282.8/291.7/err8.9;RLEP:127.0/131.3/err4.3,forward_only_radius_rigid_connect
2383,C7,*58,2381,5.385341639789408,,1,3,6.306992864070376,5,CLAV:144.0/143.8/err0.2;STRN:276.2/282.9/err6.8;T10:200.5/212.4/err12.0,forward_only_radius_rigid_connect
2383,LELA,*53,2381,5.28812429849196,,1,3,6.2626720607989155,1,LSHO:324.6/335.1/err10.6;LUP:185.2/187.6/err2.3;LELB:90.6/84.8/err5.8,forward_only_radius_rigid_connect
2384,LBHD,*54,2380,10.476053005242367,,1,2,0.2700282071854332,3,RFHD:209.5/209.4/err0.1;LFHD:170.7/170.3/err0.4,forward_only_radius_rigid_connect
2384,RASIS,*52,2382,3.6666679025597366,,1,3,3.0246222733803543,5,LASIS:258.9/262.3/err3.5;RPSIS:166.2/167.0/err0.8;LPSIS:237.4/242.2/err4.8,forward_only_radius_rigid_connect
2384,RMEP,*59,2382,2.8578754806582,,1,3,7.631735377700636,1,RTROC:415.0/423.8/err8.8;RTH:282.2/291.7/err9.5;RLEP:126.7/131.3/err4.6,forward_only_radius_rigid_connect
2385,LELA,*53,2383,4.277113915391243,,1,3,6.060488385235819,1,LSHO:324.7/335.1/err10.4;LUP:185.6/187.6/err1.9;LELB:90.6/84.8/err5.8,forward_only_radius_rigid_connect
2385,LMEP,*61,2382,8.447753083064374,,1,3,1.4332448173769212,2,LTROC:420.7/420.2/err0.5;LTH:296.4/300.1/err3.7;LLEP:125.8/125.8/err0.1,forward_only_radius_rigid_connect
2386,C7,*58,2381,14.068733592857384,,1,3,6.885650942035501,4,CLAV:144.3/143.8/err0.5;STRN:276.0/282.9/err7.0;T10:199.2/212.4/err13.2,forward_only_radius_rigid_connect
2386,LBHD,*54,2382,11.96454862514114,,1,2,1.293421265412789,3,RFHD:210.7/209.4/err1.3;LFHD:171.5/170.3/err1.3,forward_only_radius_rigid_connect
2386,RMEP,*59,2384,5.232041763975538,,1,3,8.15163560947959,1,RTROC:413.7/423.8/err10.1;RTH:281.3/291.7/err10.4;RLEP:127.3/131.3/err4.0,forward_only_radius_rigid_connect
2387,LELA,*53,2385,4.5512520183344565,,1,3,6.3581534700356785,1,LSHO:324.1/335.1/err11.1;LUP:185.3/187.6/err2.3;LELB:90.5/84.8/err5.7,forward_only_radius_rigid_connect
2388,LBHD,*54,2384,13.039815867384101,,1,2,1.271655637066786,3,RFHD:210.7/209.4/err1.3;LFHD:171.5/170.3/err1.2,forward_only_radius_rigid_connect
2388,RASIS,*52,2385,6.8209940897078605,,1,3,3.411040375099693,2,LASIS:258.4/262.3/err3.9;RPSIS:165.9/167.0/err1.1;LPSIS:237.0/242.2/err5.2,forward_only_radius_rigid_connect
2389,LBHD,*54,2386,9.924248431126625,,1,2,1.2082439197331212,2,RFHD:210.7/209.4/err1.2;LFHD:171.4/170.3/err1.2,forward_only_radius_rigid_connect
2389,LELA,*53,2387,4.098991249418139,,1,3,6.672804195929795,1,LSHO:323.3/335.1/err11.8;LUP:184.8/187.6/err2.8;LELB:90.2/84.8/err5.4,forward_only_radius_rigid_connect
2389,LMEP,*61,2386,5.376824275664713,,1,3,1.703990479944456,2,LTROC:419.6/420.2/err0.7;LTH:296.2/300.1/err4.0;LLEP:125.3/125.8/err0.5,forward_only_radius_rigid_connect
2390,C7,*58,2383,22.016959606284047,,1,3,7.677784968974369,5,CLAV:144.7/143.8/err0.9;STRN:275.7/282.9/err7.2;T10:197.5/212.4/err14.9,forward_only_radius_rigid_connect
2391,LELA,*53,2389,4.061378383889612,,1,3,6.823168718548999,1,LSHO:322.9/335.1/err12.2;LUP:184.8/187.6/err2.8;LELB:90.2/84.8/err5.4,forward_only_radius_rigid_connect
2392,C7,*58,2386,20.89523151771455,,1,3,8.054154710864518,5,CLAV:144.9/143.8/err1.1;STRN:275.7/282.9/err7.3;T10:196.6/212.4/err15.8,forward_only_radius_rigid_connect
2392,RASIS,*52,2389,8.37318573990732,,1,3,3.8766869136494884,2,LASIS:258.0/262.3/err4.3;RPSIS:165.5/167.0/err1.5;LPSIS:236.5/242.2/err5.8,forward_only_radius_rigid_connect
2393,LELA,*53,2391,4.0458118763005215,,1,3,6.91978072931046,1,LSHO:322.6/335.1/err12.5;LUP:184.8/187.6/err2.8;LELB:90.2/84.8/err5.4,forward_only_radius_rigid_connect
2393,LMEP,*61,2390,6.544482011682822,,1,3,2.6767613352686275,2,LTROC:418.6/420.2/err1.6;LTH:295.3/300.1/err4.9;LLEP:124.2/125.8/err1.6,forward_only_radius_rigid_connect
2394,C7,*58,2392,8.088481936041816,,1,3,8.395830106550903,5,CLAV:145.1/143.8/err1.3;STRN:275.6/282.9/err7.3;T10:195.9/212.4/err16.5,forward_only_radius_rigid_connect
2395,LBHD,*54,2390,21.243840417090354,,1,2,0.3174185434090049,4,RFHD:209.8/209.4/err0.3;LFHD:170.5/170.3/err0.3,forward_only_radius_rigid_connect
2395,LELA,*53,2393,4.149141607499374,,1,3,7.059560002298421,1,LSHO:322.3/335.1/err12.8;LUP:184.7/187.6/err2.9;LELB:90.3/84.8/err5.5,forward_only_radius_rigid_connect
2396,RASIS,*52,2392,13.045645486731065,,1,3,4.24143573548929,3,LASIS:257.6/262.3/err4.7;RPSIS:165.1/167.0/err1.9;LPSIS:236.1/242.2/err6.1,forward_only_radius_rigid_connect
2397,LELA,*53,2395,4.5914553393968465,,1,3,7.056322486358013,1,LSHO:322.1/335.1/err13.0;LUP:184.8/187.6/err2.8;LELB:90.1/84.8/err5.3,forward_only_radius_rigid_connect
2397,LMEP,*61,2394,7.99385581090513,,1,3,3.3504675476401027,2,LTROC:417.1/420.2/err3.2;LTH:294.8/300.1/err5.3;LLEP:124.2/125.8/err1.6,forward_only_radius_rigid_connect
2399,LBHD,*54,2396,14.508473049538292,,1,2,0.1685223096856987,2,RFHD:209.7/209.4/err0.3;LFHD:170.2/170.3/err0.1,forward_only_radius_rigid_connect
2399,LELA,*53,2397,5.187980025789761,,1,3,7.0426810546299805,1,LSHO:322.0/335.1/err13.1;LUP:185.0/187.6/err2.6;LELB:90.1/84.8/err5.4,forward_only_radius_rigid_connect
2401,C7,*54,2394,32.75924373100237,,1,3,9.448018359259075,5,CLAV:145.9/143.8/err2.1;STRN:275.5/282.9/err7.4;T10:193.6/212.4/err18.8,forward_only_radius_rigid_connect
2401,LBHD,*52,2399,10.365659821291702,,1,2,0.14955807312733782,1,RFHD:209.7/209.4/err0.2;LFHD:170.3/170.3/err0.1,forward_only_radius_rigid_connect
2401,LELA,*53,2399,5.5813810005311275,,1,3,7.133648791266452,1,LSHO:321.7/335.1/err13.4;LUP:185.0/187.6/err2.6;LELB:90.1/84.8/err5.3,forward_only_radius_rigid_connect
2403,C7,*62,2402,48.26801310874126,,1,3,10.630915657418635,4,CLAV:134.8/143.8/err9.0;STRN:264.2/282.9/err18.8;T10:208.2/212.4/err4.2,forward_only_radius_rigid_connect
2403,LELA,*53,2401,6.298235525081625,,1,3,7.207211576679025,1,LSHO:321.5/335.1/err13.7;LUP:184.9/187.6/err2.7;LELB:90.1/84.8/err5.3,forward_only_radius_rigid_connect
2404,C7,*62,2403,5.530531706131204,,1,3,10.672864113579664,4,CLAV:135.0/143.8/err8.7;STRN:264.3/282.9/err18.7;T10:207.8/212.4/err4.6,forward_only_radius_rigid_connect
2404,LBHD,*52,2401,16.383780152070372,,1,2,0.25518097644750526,2,RFHD:209.2/209.4/err0.2;LFHD:169.9/170.3/err0.3,forward_only_radius_rigid_connect
2405,LELA,*53,2403,7.097390128478212,,1,3,7.269229857537638,1,LSHO:321.3/335.1/err13.8;LUP:185.0/187.6/err2.6;LELB:90.1/84.8/err5.4,forward_only_radius_rigid_connect
2406,C7,*54,2404,12.240821910265772,,1,3,13.098408204386155,1,CLAV:129.5/143.8/err14.3;STRN:263.5/282.9/err19.5;T10:206.9/212.4/err5.5,forward_only_radius_rigid_connect
2407,LELA,*53,2405,8.02734784830411,,1,3,7.4692665410194365,1,LSHO:320.9/335.1/err14.3;LUP:184.7/187.6/err2.9;LELB:90.0/84.8/err5.2,forward_only_radius_rigid_connect
2408,C7,*52,2406,10.165237055520134,,1,3,12.102455436794543,1,CLAV:130.5/143.8/err13.2;STRN:265.2/282.9/err17.7;T10:207.1/212.4/err5.3,forward_only_radius_rigid_connect
2408,LBHD,*61,2405,18.07861083351366,,1,2,0.7004745570157951,2,RFHD:208.8/209.4/err0.6;LFHD:169.5/170.3/err0.8,forward_only_radius_rigid_connect
2408,RASIS,*54,2402,28.9005734888614,,1,3,4.84254929094152,5,LASIS:257.2/262.3/err5.2;RPSIS:164.3/167.0/err2.8;LPSIS:235.6/242.2/err6.6,forward_only_radius_rigid_connect
2409,LELA,*53,2407,8.6047859198583,,1,3,7.596898048646366,1,LSHO:320.6/335.1/err14.5;LUP:184.4/187.6/err3.1;LELB:89.9/84.8/err5.1,forward_only_radius_rigid_connect
2409,RASIS,*54,2404,25.151700084414628,,1,3,5.011321143336119,4,LASIS:257.1/262.3/err5.2;RPSIS:164.1/167.0/err3.0;LPSIS:235.4/242.2/err6.8,forward_only_radius_rigid_connect
2410,RASIS,*54,2409,5.4056903172655595,,1,3,5.091878703499996,4,LASIS:257.1/262.3/err5.3;RPSIS:163.9/167.0/err3.1;LPSIS:235.3/242.2/err6.9,forward_only_radius_rigid_connect
2411,C7,*52,2408,23.109674304745113,,1,3,13.063918289276046,2,CLAV:130.3/143.8/err13.5;STRN:262.8/282.9/err20.1;T10:206.8/212.4/err5.6,forward_only_radius_rigid_connect
2411,LELA,*53,2409,10.03641305316727,,1,3,7.532652709419987,1,LSHO:320.8/335.1/err14.4;LUP:184.7/187.6/err2.9;LELB:90.1/84.8/err5.4,forward_only_radius_rigid_connect
2411,RASIS,*54,2410,5.483169367787472,,1,3,5.1864434789452405,4,LASIS:257.0/262.3/err5.3;RPSIS:163.8/167.0/err3.2;LPSIS:235.2/242.2/err7.0,forward_only_radius_rigid_connect
2411,RMEP,*61,2404,21.682519867658915,,1,3,15.794020774369741,5,RTROC:402.8/423.8/err20.9;RTH:273.5/291.7/err18.2;RLEP:123.1/131.3/err8.2,forward_only_radius_rigid_connect
2413,C7,*52,2411,41.84223648114053,,1,3,10.83089343539632,3,CLAV:146.8/143.8/err3.0;STRN:275.5/282.9/err7.5;T10:190.4/212.4/err22.1,forward_only_radius_rigid_connect
2413,LELA,*53,2411,10.045865759430672,,1,3,7.714695697783047,1,LSHO:320.4/335.1/err14.7;LUP:184.3/187.6/err3.3;LELB:89.9/84.8/err5.1,forward_only_radius_rigid_connect
2413,RASIS,*54,2411,11.270814262002235,,1,3,5.3102676074494,1,LASIS:257.0/262.3/err5.4;RPSIS:163.6/167.0/err3.4;LPSIS:235.1/242.2/err7.1,forward_only_radius_rigid_connect
2414,C7,*52,2411,40.7168456805245,,1,3,10.884969210469981,2,CLAV:146.9/143.8/err3.1;STRN:275.5/282.9/err7.4;T10:190.2/212.4/err22.2,forward_only_radius_rigid_connect
2415,LELA,*53,2413,11.318980577123753,,1,3,7.72316444572471,1,LSHO:320.4/335.1/err14.8;LUP:184.4/187.6/err3.2;LELB:89.9/84.8/err5.2,forward_only_radius_rigid_connect
2415,RMEP,*61,2408,22.951406353437985,,1,3,17.11598543942648,5,RTROC:400.4/423.8/err23.4;RTH:272.0/291.7/err19.8;RLEP:123.1/131.3/err8.2,forward_only_radius_rigid_connect
2416,RASIS,*52,2413,17.310767660144737,,1,3,5.322475347460028,2,LASIS:257.0/262.3/err5.3;RPSIS:163.4/167.0/err3.6;LPSIS:235.2/242.2/err7.0,forward_only_radius_rigid_connect
2417,LELA,*53,2415,12.141190871967463,,1,3,7.656727460762393,1,LSHO:320.4/335.1/err14.8;LUP:184.4/187.6/err3.2;LELB:89.8/84.8/err5.0,forward_only_radius_rigid_connect
2417,RASIS,*52,2416,5.865440987537379,,1,3,5.3519141604289855,2,LASIS:257.0/262.3/err5.3;RPSIS:163.4/167.0/err3.6;LPSIS:235.1/242.2/err7.1,forward_only_radius_rigid_connect
2419,LELA,*53,2417,12.885863401645823,,1,3,7.637123163594235,1,LSHO:320.4/335.1/err14.8;LUP:184.5/187.6/err3.1;LELB:89.9/84.8/err5.1,forward_only_radius_rigid_connect
2419,RASIS,*52,2417,11.898829936966974,,1,3,5.351024124703287,1,LASIS:257.1/262.3/err5.3;RPSIS:163.4/167.0/err3.7;LPSIS:235.1/242.2/err7.1,forward_only_radius_rigid_connect
2420,C7,*54,2414,43.15978051907937,,1,3,10.968671732610593,5,CLAV:147.1/143.8/err3.3;STRN:275.7/282.9/err7.2;T10:190.0/212.4/err22.4,forward_only_radius_rigid_connect
2421,LELA,*53,2419,13.755536925071947,,1,3,7.626318507591013,1,LSHO:320.5/335.1/err14.7;LUP:184.7/187.6/err2.9;LELB:90.1/84.8/err5.3,forward_only_radius_rigid_connect
2421,RMEP,*59,2415,18.391103313970756,,1,3,18.983994491194878,5,RTROC:397.2/423.8/err26.5;RTH:269.2/291.7/err22.5;RLEP:123.4/131.3/err7.9,forward_only_radius_rigid_connect
2422,RMEP,*59,2418,11.786496404736726,,1,3,19.09819898195911,3,RTROC:396.7/423.8/err27.1;RTH:269.3/291.7/err22.4;RLEP:123.5/131.3/err7.8,forward_only_radius_rigid_connect
2423,C7,*52,2420,22.612002763733134,,1,3,10.944708356046855,5,CLAV:147.1/143.8/err3.3;STRN:275.8/282.9/err7.2;T10:190.0/212.4/err22.4,forward_only_radius_rigid_connect
2423,LELA,*53,2421,13.881810121280791,,1,3,7.461426267459042,1,LSHO:320.3/335.1/err14.9;LUP:184.3/187.6/err3.3;LELB:89.0/84.8/err4.2,forward_only_radius_rigid_connect
2423,RASIS,*54,2419,24.63391460314879,,1,3,5.424972455734093,3,LASIS:257.1/262.3/err5.3;RPSIS:163.3/167.0/err3.7;LPSIS:234.9/242.2/err7.3,forward_only_radius_rigid_connect
2424,C7,*52,2423,7.6630714502078545,,1,3,10.955664671881038,5,CLAV:147.1/143.8/err3.3;STRN:275.8/282.9/err7.1;T10:190.0/212.4/err22.4,forward_only_radius_rigid_connect
2424,RMEP,*59,2422,5.785716035938516,,1,3,19.468320833059085,1,RTROC:395.6/423.8/err28.1;RTH:269.2/291.7/err22.5;RLEP:123.5/131.3/err7.7,forward_only_radius_rigid_connect
2425,C7,*52,2420,38.00988844860853,,1,3,10.939952616009796,4,CLAV:147.1/143.8/err3.3;STRN:275.8/282.9/err7.1;T10:190.0/212.4/err22.4,forward_only_radius_rigid_connect
2425,LELA,*53,2423,15.80847187446084,,1,3,7.597688790152465,1,LSHO:320.6/335.1/err14.6;LUP:184.8/187.6/err2.8;LELB:90.2/84.8/err5.4,forward_only_radius_rigid_connect
2427,LELA,*53,2425,15.825689191006017,,1,3,7.656752127992291,1,LSHO:320.5/335.1/err14.6;LUP:184.8/187.6/err2.8;LELB:90.3/84.8/err5.5,forward_only_radius_rigid_connect
2427,RASIS,*52,2423,25.570056780135364,,1,3,5.476068682172705,5,LASIS:257.1/262.3/err5.2;RPSIS:163.3/167.0/err3.8;LPSIS:234.8/242.2/err7.4,forward_only_radius_rigid_connect
2428,C7,*54,2425,23.40922203488713,,1,3,10.938703373398937,2,CLAV:147.0/143.8/err3.2;STRN:275.9/282.9/err7.1;T10:189.9/212.4/err22.5,forward_only_radius_rigid_connect
2428,RASIS,*52,2423,32.06866744954533,,1,3,5.4759698546081665,4,LASIS:257.2/262.3/err5.2;RPSIS:163.3/167.0/err3.7;LPSIS:234.7/242.2/err7.5,forward_only_radius_rigid_connect
2429,C7,*54,2428,7.859083441908588,,1,3,10.825398116013824,2,CLAV:146.7/143.8/err2.9;STRN:275.9/282.9/err7.1;T10:189.9/212.4/err22.5,forward_only_radius_rigid_connect
2429,LELA,*53,2427,15.620618687892373,,1,3,7.435568346542496,1,LSHO:320.6/335.1/err14.6;LUP:184.6/187.6/err3.0;LELB:89.5/84.8/err4.7,forward_only_radius_rigid_connect
2431,C7,*54,2429,15.757540850073577,,1,3,10.955354759172318,1,CLAV:147.0/143.8/err3.2;STRN:275.9/282.9/err7.1;T10:189.8/212.4/err22.6,forward_only_radius_rigid_connect
2431,RASIS,*58,2428,19.473439034082794,,1,3,5.409189033799104,5,LASIS:257.3/262.3/err5.0;RPSIS:163.4/167.0/err3.6;LPSIS:234.6/242.2/err7.6,forward_only_radius_rigid_connect
2433,LELA,*52,2429,34.22987963528881,,1,3,7.747194884290853,3,LSHO:320.0/335.1/err15.1;LUP:184.1/187.6/err3.5;LELB:89.4/84.8/err4.6,forward_only_radius_rigid_connect
2434,LELA,*52,2433,8.735051291834584,,1,3,7.71957929087588,3,LSHO:320.1/335.1/err15.1;LUP:184.2/187.6/err3.4;LELB:89.5/84.8/err4.7,forward_only_radius_rigid_connect
2434,RASIS,*54,2428,38.04274296784138,,1,3,4.095853978756035,5,LASIS:258.8/262.3/err3.6;RPSIS:164.6/167.0/err2.5;LPSIS:236.0/242.2/err6.3,forward_only_radius_rigid_connect
2435,LELA,*52,2434,8.806448318897543,,1,3,7.671757089069184,3,LSHO:320.2/335.1/err14.9;LUP:184.4/187.6/err3.2;LELB:89.7/84.8/err4.9,forward_only_radius_rigid_connect
2437,C7,*53,2435,12.923914227086062,,1,3,11.026105415019837,1,CLAV:150.3/143.8/err6.5;STRN:279.2/282.9/err3.7;T10:189.5/212.4/err22.9,forward_only_radius_rigid_connect
2437,LELA,*52,2435,17.693574501685603,,1,3,7.516836565236441,1,LSHO:320.7/335.1/err14.5;LUP:184.6/187.6/err2.9;LELB:89.9/84.8/err5.2,forward_only_radius_rigid_connect
2438,RASIS,*54,2431,39.66766163459644,,1,3,4.254851594149585,5,LASIS:260.9/262.3/err1.4;RPSIS:162.5/167.0/err4.5;LPSIS:235.3/242.2/err6.9,forward_only_radius_rigid_connect
2439,LELA,*52,2437,17.85679126354961,,1,3,7.402034705313288,1,LSHO:321.1/335.1/err14.1;LUP:184.9/187.6/err2.6;LELB:90.3/84.8/err5.5,forward_only_radius_rigid_connect
2441,C7,*54,2437,29.970237969713985,,1,3,10.95480643872682,3,CLAV:149.9/143.8/err6.1;STRN:279.5/282.9/err3.4;T10:189.1/212.4/err23.3,forward_only_radius_rigid_connect
2441,LELA,*52,2439,19.652027170328672,,1,3,7.304813128627927,1,LSHO:321.8/335.1/err13.4;LUP:185.7/187.6/err1.8;LELB:91.5/84.8/err6.7,forward_only_radius_rigid_connect
2441,RASIS,*58,2434,41.544210868957485,,1,3,2.6773071621415547,5,LASIS:260.0/262.3/err2.3;RPSIS:166.1/167.0/err0.9;LPSIS:237.4/242.2/err4.8,forward_only_radius_rigid_connect
2442,C7,*54,2441,7.2540939077895565,,1,3,11.04751328331117,3,CLAV:150.1/143.8/err6.3;STRN:279.6/282.9/err3.4;T10:189.0/212.4/err23.4,forward_only_radius_rigid_connect
2443,C7,*54,2442,7.1901685312274495,,1,3,10.984612834605153,3,CLAV:149.8/143.8/err6.0;STRN:279.6/282.9/err3.3;T10:188.8/212.4/err23.6,forward_only_radius_rigid_connect
2443,LELA,*52,2441,16.778582935066353,,1,3,6.927523535043662,1,LSHO:322.5/335.1/err12.6;LUP:186.0/187.6/err1.6;LELB:91.3/84.8/err6.5,forward_only_radius_rigid_connect
2443,RASIS,*58,2438,34.75607032856558,,1,3,2.131703716133586,4,LASIS:260.4/262.3/err1.9;RPSIS:166.7/167.0/err0.3;LPSIS:238.1/242.2/err4.2,forward_only_radius_rigid_connect
2445,C7,*54,2443,14.066723962838335,,1,3,11.024885179256776,1,CLAV:149.9/143.8/err6.1;STRN:279.7/282.9/err3.2;T10:188.6/212.4/err23.8,forward_only_radius_rigid_connect
2445,LELA,*52,2443,16.43435007184412,,1,3,6.380597653593507,1,LSHO:323.5/335.1/err11.6;LUP:186.3/187.6/err1.3;LELB:91.0/84.8/err6.2,forward_only_radius_rigid_connect
2447,C7,*54,2445,13.48157990266515,,1,3,10.932184745413224,1,CLAV:149.7/143.8/err5.9;STRN:280.0/282.9/err3.0;T10:188.5/212.4/err23.9,forward_only_radius_rigid_connect
2447,LELA,*52,2445,17.36872321997091,,1,3,6.240669238645324,1,LSHO:323.9/335.1/err11.2;LUP:186.5/187.6/err1.1;LELB:91.2/84.8/err6.4,forward_only_radius_rigid_connect
2449,C7,*54,2447,13.11155128601629,45.49209670891277,2,3,10.855914289803755,1,CLAV:149.3/143.8/err5.6;STRN:280.0/282.9/err2.9;T10:188.3/212.4/err24.1,forward_only_radius_rigid_connect
2449,LELA,*52,2447,20.804650290642503,,1,3,6.878360560927841,1,LSHO:323.4/335.1/err11.7;LUP:186.7/187.6/err0.9;LELB:92.8/84.8/err8.0,forward_only_radius_rigid_connect
2449,RASIS,*59,2443,29.60772171588387,,1,3,3.4618554734835434,5,LASIS:263.8/262.3/err1.5;RPSIS:163.4/167.0/err3.6;LPSIS:236.9/242.2/err5.3,forward_only_radius_rigid_connect
2450,RASIS,*59,2445,27.687800035508644,,1,3,3.3897061855200454,4,LASIS:264.0/262.3/err1.7;RPSIS:163.6/167.0/err3.4;LPSIS:237.1/242.2/err5.1,forward_only_radius_rigid_connect
2451,C7,*54,2449,12.081711437421504,46.01471284060061,2,3,10.752740524204805,1,CLAV:149.5/143.8/err5.8;STRN:280.6/282.9/err2.3;T10:188.2/212.4/err24.2,forward_only_radius_rigid_connect
2451,LELA,*52,2449,14.207438667757957,,1,3,6.091549881450476,1,LSHO:324.5/335.1/err10.6;LUP:186.6/187.6/err1.0;LELB:91.4/84.8/err6.6,forward_only_radius_rigid_connect
2453,C7,*54,2451,11.705627952671346,,1,3,10.644779555528393,1,CLAV:149.3/143.8/err5.5;STRN:280.8/282.9/err2.2;T10:188.1/212.4/err24.3,forward_only_radius_rigid_connect
2453,LELA,*52,2451,15.330712419996667,,1,3,6.015787565552377,1,LSHO:324.8/335.1/err10.4;LUP:186.6/187.6/err1.0;LELB:91.5/84.8/err6.7,forward_only_radius_rigid_connect
2453,RMEP,*61,2451,4.101207636314981,,1,2,15.826901136188567,1,RTH:262.1/291.7/err29.6;RLEP:129.3/131.3/err2.0,forward_only_radius_rigid_connect
2455,C7,*54,2453,10.593503337284055,46.89111646640324,2,3,10.536714010676405,1,CLAV:149.3/143.8/err5.6;STRN:281.3/282.9/err1.7;T10:188.0/212.4/err24.4,forward_only_radius_rigid_connect
2455,LELA,*52,2453,17.043706804714922,,1,3,6.551220727614175,1,LSHO:324.4/335.1/err10.8;LUP:186.8/187.6/err0.8;LELB:92.9/84.8/err8.1,forward_only_radius_rigid_connect
2455,RMEP,*61,2453,14.251066030193984,,1,2,21.843947868148113,1,RTH:257.1/291.7/err34.7;RLEP:122.2/131.3/err9.0,forward_only_radius_rigid_connect
2456,RASIS,*58,2451,22.939480339089364,,1,3,2.8537001253989254,4,LASIS:264.7/262.3/err2.3;RPSIS:164.8/167.0/err2.3;LPSIS:238.3/242.2/err4.0,forward_only_radius_rigid_connect
2457,C7,*54,2455,9.494629963702856,47.308135325970575,2,3,10.254532922267979,1,CLAV:149.1/143.8/err5.4;STRN:281.8/282.9/err1.1;T10:188.1/212.4/err24.3,forward_only_radius_rigid_connect
2457,LELA,*59,2455,12.3241645439338,,1,3,6.355343164436405,1,LSHO:324.7/335.1/err10.5;LUP:186.7/187.6/err0.9;LELB:92.5/84.8/err7.7,forward_only_radius_rigid_connect
2458,RASIS,*58,2453,20.876494004705766,,1,3,2.788457528006461,4,LASIS:264.9/262.3/err2.5;RPSIS:165.0/167.0/err2.1;LPSIS:238.4/242.2/err3.8,forward_only_radius_rigid_connect
2459,C7,*54,2457,8.754988106779487,47.611867614043575,2,3,10.30213124786214,1,CLAV:149.6/143.8/err5.8;STRN:282.1/282.9/err0.9;T10:188.2/212.4/err24.3,forward_only_radius_rigid_connect
2459,LELA,*59,2457,12.309337770014377,,1,3,9.098181364799549,1,LSHO:320.2/335.1/err14.9;LUP:182.7/187.6/err4.9;LELB:92.2/84.8/err7.5,forward_only_radius_rigid_connect
2461,C7,*54,2459,7.61544155201092,48.20478999900035,2,3,10.17780193301786,1,CLAV:149.4/143.8/err5.6;STRN:282.3/282.9/err0.7;T10:188.2/212.4/err24.3,forward_only_radius_rigid_connect
2461,RMEP,*61,2455,19.393413238737633,,1,2,15.475693487050222,5,RTH:261.6/291.7/err30.2;RLEP:130.5/131.3/err0.8,forward_only_radius_rigid_connect
2462,RMEP,*61,2457,8.656416713423225,,1,2,15.336544374500278,4,RTH:261.6/291.7/err30.1;RLEP:130.7/131.3/err0.5,forward_only_radius_rigid_connect
2463,C7,*54,2461,6.535671616559767,49.23932465759139,2,3,10.055322716325426,1,CLAV:148.9/143.8/err5.1;STRN:282.4/282.9/err0.5;T10:187.9/212.4/err24.5,forward_only_radius_rigid_connect
2464,RMEP,*61,2462,3.3527463903946413,,1,2,15.114056354970614,1,RTH:261.7/291.7/err30.0;RLEP:131.1/131.3/err0.2,forward_only_radius_rigid_connect
2465,C7,*54,2463,5.396155758806481,49.56730591172241,2,3,9.859747407427335,1,CLAV:148.5/143.8/err4.8;STRN:282.5/282.9/err0.5;T10:188.1/212.4/err24.3,forward_only_radius_rigid_connect
2466,RMEP,*61,2464,2.9867750724375792,,1,2,15.105723379041734,1,RTH:261.7/291.7/err30.0;RLEP:131.1/131.3/err0.2,forward_only_radius_rigid_connect
2467,C7,*54,2465,3.6947505157964367,50.50567079356399,2,3,9.72228563563138,1,CLAV:148.5/143.8/err4.8;STRN:282.8/282.9/err0.1;T10:188.1/212.4/err24.3,forward_only_radius_rigid_connect
2467,RASIS,*58,2459,19.996619655998582,,1,3,2.9897700458371994,5,LASIS:265.7/262.3/err3.4;RPSIS:165.2/167.0/err1.9;LPSIS:238.5/242.2/err3.7,forward_only_radius_rigid_connect
2468,RMEP,*61,2466,2.64611107483708,,1,2,15.272559845692186,1,RTH:261.7/291.7/err30.0;RLEP:131.8/131.3/err0.5,forward_only_radius_rigid_connect
2469,C7,*54,2467,1.9676874828260469,,1,3,10.42070141424936,1,CLAV:149.5/143.8/err5.7;STRN:283.9/282.9/err0.9;T10:187.8/212.4/err24.7,forward_only_radius_rigid_connect
2470,RMEP,*61,2468,2.423586999586391,,1,2,15.33371052732771,1,RTH:261.7/291.7/err30.0;RLEP:131.9/131.3/err0.7,forward_only_radius_rigid_connect
2471,C7,*54,2469,0.9275516451773185,51.33297174514698,2,3,10.51923068901751,1,CLAV:149.5/143.8/err5.7;STRN:284.1/282.9/err1.2;T10:187.7/212.4/err24.7,forward_only_radius_rigid_connect
2473,C7,*54,2471,1.0716824579707118,,1,3,9.685925923199486,1,CLAV:148.0/143.8/err4.2;STRN:283.3/282.9/err0.3;T10:187.9/212.4/err24.5,forward_only_radius_rigid_connect
2475,C7,*54,2473,2.1128141602369617,53.84126455848617,2,3,9.590408193131898,1,CLAV:147.8/143.8/err4.0;STRN:283.3/282.9/err0.4;T10:188.0/212.4/err24.4,forward_only_radius_rigid_connect
2476,LELA,*61,2459,30.056695936215817,,1,3,7.256463968511933,5,LSHO:322.6/335.1/err12.6;LUP:184.9/187.6/err2.7;LELB:91.3/84.8/err6.5,forward_only_radius_rigid_connect
2477,C7,*54,2475,3.6890405588124127,54.82903816362331,2,3,9.393734898858071,1,CLAV:147.4/143.8/err3.7;STRN:283.3/282.9/err0.4;T10:188.2/212.4/err24.2,forward_only_radius_rigid_connect
2479,C7,*54,2477,5.268867271278934,56.49103698118921,2,3,9.179503013068095,1,CLAV:147.1/143.8/err3.3;STRN:283.3/282.9/err0.3;T10:188.5/212.4/err23.9,forward_only_radius_rigid_connect
2479,LELA,*59,2476,16.914661733312368,,1,3,7.662584863603996,5,LSHO:322.0/335.1/err13.2;LUP:185.5/187.6/err2.1;LELB:92.5/84.8/err7.7,forward_only_radius_rigid_connect
2480,LELA,*59,2479,7.2738522590512416,,1,3,7.807363833565479,5,LSHO:321.7/335.1/err13.4;LUP:185.7/187.6/err1.9;LELB:92.8/84.8/err8.1,forward_only_radius_rigid_connect
2481,C7,*54,2479,7.1519077095093495,57.070262739656656,2,3,9.206867854417046,1,CLAV:147.2/143.8/err3.4;STRN:283.5/282.9/err0.6;T10:188.8/212.4/err23.6,forward_only_radius_rigid_connect
2481,LELA,*59,2476,32.72545520588467,,1,3,7.961575753203012,4,LSHO:321.4/335.1/err13.8;LUP:185.6/187.6/err2.0;LELB:92.9/84.8/err8.1,forward_only_radius_rigid_connect
2482,LELA,*59,2481,11.827930064207964,,1,3,8.1596961602325,4,LSHO:320.4/335.1/err14.8;LUP:184.5/187.6/err3.1;LELB:91.4/84.8/err6.6,forward_only_radius_rigid_connect
2483,C7,*54,2481,8.9552700832436,57.875965093370404,2,3,9.398848267229832,1,CLAV:147.6/143.8/err3.8;STRN:284.0/282.9/err1.1;T10:189.2/212.4/err23.3,forward_only_radius_rigid_connect
2485,C7,*54,2483,9.59728505221583,59.191363491007614,2,3,8.908954381465094,1,CLAV:147.0/143.8/err3.3;STRN:283.5/282.9/err0.6;T10:189.5/212.4/err22.9,forward_only_radius_rigid_connect
2485,LELA,*53,2482,35.79769043205253,,1,3,7.5551179911255035,2,LSHO:320.9/335.1/err14.2;LUP:186.0/187.6/err1.6;LELB:91.7/84.8/err6.9,forward_only_radius_rigid_connect
2486,LELA,*53,2485,11.915591318386838,,1,3,9.172509115506367,2,LSHO:317.9/335.1/err17.2;LUP:183.7/187.6/err3.9;LELB:91.2/84.8/err6.4,forward_only_radius_rigid_connect
2487,C7,*54,2485,11.212906509912093,,1,3,8.530893314336055,1,CLAV:146.7/143.8/err2.9;STRN:283.1/282.9/err0.2;T10:189.9/212.4/err22.5,forward_only_radius_rigid_connect
2488,LELA,*53,2486,28.33406847322844,,1,3,9.507979679191394,1,LSHO:317.0/335.1/err18.2;LUP:183.7/187.6/err3.8;LELB:91.3/84.8/err6.5,forward_only_radius_rigid_connect
2489,C7,*54,2487,12.68130340962093,,1,3,8.305757058620742,1,CLAV:146.3/143.8/err2.5;STRN:282.7/282.9/err0.3;T10:190.3/212.4/err22.1,forward_only_radius_rigid_connect
2490,LELA,*53,2488,31.417802350261702,,1,3,9.935950960662945,1,LSHO:315.5/335.1/err19.6;LUP:183.9/187.6/err3.7;LELB:91.3/84.8/err6.5,forward_only_radius_rigid_connect
2491,C7,*54,2489,14.442477349082754,,1,3,8.193404122801127,1,CLAV:146.4/143.8/err2.6;STRN:282.6/282.9/err0.4;T10:190.8/212.4/err21.6,forward_only_radius_rigid_connect
2492,LELA,*53,2490,35.51266456636044,,1,3,9.45627505220113,1,LSHO:316.2/335.1/err19.0;LUP:185.8/187.6/err1.8;LELB:92.4/84.8/err7.6,forward_only_radius_rigid_connect
2493,C7,*54,2491,15.84569971799138,,1,3,8.004116696507802,1,CLAV:146.4/143.8/err2.6;STRN:282.7/282.9/err0.2;T10:191.3/212.4/err21.1,forward_only_radius_rigid_connect
2494,LELA,*53,2492,36.90255472045039,,1,3,9.970473409536439,1,LSHO:314.8/335.1/err20.3;LUP:185.8/187.6/err1.7;LELB:92.6/84.8/err7.8,forward_only_radius_rigid_connect
2495,C7,*54,2493,17.38759598992193,,1,3,7.934555006065541,1,CLAV:146.9/143.8/err3.1;STRN:282.7/282.9/err0.2;T10:191.9/212.4/err20.5,forward_only_radius_rigid_connect
2496,LELA,*53,2494,38.15046332760846,,1,3,11.033092599382982,1,LSHO:312.4/335.1/err22.8;LUP:184.9/187.6/err2.7;LELB:92.4/84.8/err7.6,forward_only_radius_rigid_connect
2497,C7,*54,2495,17.829684214921382,,1,3,7.9903059048083565,1,CLAV:146.1/143.8/err2.3;STRN:281.4/282.9/err1.5;T10:192.3/212.4/err20.1,forward_only_radius_rigid_connect
2498,LELA,*53,2496,40.99212960492368,,1,3,11.606463430591711,1,LSHO:310.5/335.1/err24.6;LUP:184.5/187.6/err3.0;LELB:91.9/84.8/err7.2,forward_only_radius_rigid_connect
2499,C7,*54,2497,19.869900291619693,,1,3,7.454610695228278,1,CLAV:144.8/143.8/err1.0;STRN:281.2/282.9/err1.8;T10:192.8/212.4/err19.6,forward_only_radius_rigid_connect
2500,LELA,*53,2498,42.17759671799316,,1,3,12.07138506064708,1,LSHO:308.8/335.1/err26.3;LUP:184.2/187.6/err3.3;LELB:91.4/84.8/err6.6,forward_only_radius_rigid_connect
2502,LELA,*53,2500,42.94881082335267,,1,3,12.311981442776172,1,LSHO:307.0/335.1/err28.2;LUP:184.1/187.6/err3.4;LELB:90.1/84.8/err5.3,forward_only_radius_rigid_connect
2504,LELA,*53,2502,43.22780863326563,,1,3,12.76562927879443,1,LSHO:304.7/335.1/err30.5;LUP:183.9/187.6/err3.7;LELB:88.9/84.8/err4.1,forward_only_radius_rigid_connect
2506,LELA,*53,2504,43.103697937143444,,1,3,13.23940594534515,1,LSHO:302.6/335.1/err32.5;LUP:183.7/187.6/err3.9;LELB:88.1/84.8/err3.3,forward_only_radius_rigid_connect
2508,LELA,*53,2506,42.6083421654651,,1,3,13.855186322709647,1,LSHO:300.6/335.1/err34.5;LUP:183.4/187.6/err4.2;LELB:87.6/84.8/err2.8,forward_only_radius_rigid_connect
2510,LELA,*53,2508,41.56034325403191,,1,3,14.006653333486307,1,LSHO:299.0/335.1/err36.1;LUP:183.3/187.6/err4.3;LELB:86.4/84.8/err1.6,forward_only_radius_rigid_connect
2512,LELA,*53,2510,40.1023138101597,,1,3,14.071461376182697,1,LSHO:298.1/335.1/err37.1;LUP:183.6/187.6/err3.9;LELB:86.0/84.8/err1.2,forward_only_radius_rigid_connect
2514,LELA,*53,2512,38.55582069772317,,1,3,13.90289716569391,1,LSHO:297.5/335.1/err37.7;LUP:184.0/187.6/err3.6;LELB:85.3/84.8/err0.5,forward_only_radius_rigid_connect
2516,LELA,*53,2514,37.60461229792856,,1,3,13.714457118703217,1,LSHO:297.1/335.1/err38.1;LUP:184.7/187.6/err2.9;LELB:85.0/84.8/err0.2,forward_only_radius_rigid_connect
2518,LELA,*53,2516,36.02006430857708,,1,2,1.4794200087958629,1,LUP:184.9/187.6/err2.7;LELB:84.5/84.8/err0.3,forward_only_radius_rigid_connect
2520,LELA,*53,2518,33.89557286442037,,1,2,1.7065803651936378,1,LUP:184.8/187.6/err2.7;LELB:84.1/84.8/err0.7,forward_only_radius_rigid_connect
2520,RWRB,*62,2518,35.20850588626018,,1,3,6.843362107025338,1,RDW:145.6/150.1/err4.6;RFIN:78.5/92.9/err14.5;RWRA:71.1/69.6/err1.5,forward_only_radius_rigid_connect
2522,LELA,*53,2520,32.11485899412839,,1,2,1.616470066944693,1,LUP:185.3/187.6/err2.3;LELB:83.8/84.8/err0.9,forward_only_radius_rigid_connect
2522,RWRB,*62,2520,35.24186825348105,,1,3,7.057260892195596,1,RDW:145.9/150.1/err4.2;RFIN:78.1/92.9/err14.9;RWRA:71.6/69.6/err2.1,forward_only_radius_rigid_connect
2524,LELA,*53,2522,29.578480846153195,,1,2,1.3365224061889123,1,LUP:185.9/187.6/err1.7;LELB:83.8/84.8/err1.0,forward_only_radius_rigid_connect
2524,RWRB,*62,2522,34.435402975247214,,1,3,7.005030807434859,1,RDW:146.2/150.1/err3.9;RFIN:77.6/92.9/err15.3;RWRA:71.4/69.6/err1.8,forward_only_radius_rigid_connect
2526,LELA,*53,2524,26.574182740551848,,1,2,1.0371633134124494,1,LUP:186.5/187.6/err1.1;LELB:83.8/84.8/err1.0,forward_only_radius_rigid_connect
2527,RWRB,*62,2524,49.55760452415879,,1,3,6.63176986824855,2,RDW:146.8/150.1/err3.3;RFIN:77.9/92.9/err15.1;RWRA:71.1/69.6/err1.5,forward_only_radius_rigid_connect
2528,LELA,*53,2526,23.18207150230481,,1,2,0.8882083399826612,1,LUP:187.0/187.6/err0.6;LELB:83.6/84.8/err1.2,forward_only_radius_rigid_connect
2529,RWRB,*61,2527,31.159450472330857,,1,3,6.454448191141712,3,RDW:147.2/150.1/err2.9;RFIN:77.8/92.9/err15.1;RWRA:70.9/69.6/err1.3,forward_only_radius_rigid_connect
2530,LELA,*53,2528,19.70293534277966,,1,2,0.9595228188548646,1,LUP:187.2/187.6/err0.4;LELB:83.2/84.8/err1.5,forward_only_radius_rigid_connect
2530,RWRB,*61,2527,46.281870496085446,,1,3,6.352990896740664,2,RDW:147.1/150.1/err3.1;RFIN:77.7/92.9/err15.3;RWRA:70.3/69.6/err0.7,forward_only_radius_rigid_connect
2532,LELA,*53,2530,16.40369356265232,,1,2,1.0380179511336252,1,LUP:187.4/187.6/err0.2;LELB:82.9/84.8/err1.9,forward_only_radius_rigid_connect
2532,RWRB,*61,2530,26.472574452604285,,1,3,5.627871333901548,1,RDW:147.2/150.1/err2.9;RFIN:79.8/92.9/err13.1;RWRA:68.7/69.6/err0.8,forward_only_radius_rigid_connect
2534,RWRB,*61,2532,28.85449010353821,,1,3,5.8678881907895954,1,RDW:148.0/150.1/err2.1;RFIN:77.7/92.9/err15.3;RWRA:69.8/69.6/err0.2,forward_only_radius_rigid_connect
2535,LELA,*53,2532,19.311123400401694,,1,2,1.2761780876463007,2,LUP:188.3/187.6/err0.7;LELB:82.9/84.8/err1.9,forward_only_radius_rigid_connect
2536,RWRB,*61,2534,25.522667911724632,,1,3,6.073753999938437,1,RDW:148.4/150.1/err1.7;RFIN:76.5/92.9/err16.4;RWRA:69.7/69.6/err0.1,forward_only_radius_rigid_connect
2538,LMEP,*54,2533,56.75908718968618,,1,3,3.9288111562992043,4,LTROC:429.3/420.2/err9.1;LTH:302.5/300.1/err2.3;LLEP:126.1/125.8/err0.4,forward_only_radius_rigid_connect
2538,RWRB,*61,2536,23.82207225856213,,1,3,6.199474592547328,1,RDW:148.8/150.1/err1.4;RFIN:75.7/92.9/err17.2;RWRA:69.5/69.6/err0.0,forward_only_radius_rigid_connect
2539,LELA,*53,2536,15.908017391510407,,1,2,1.8760542348255242,2,LUP:190.6/187.6/err3.0;LELB:84.0/84.8/err0.8,forward_only_radius_rigid_connect
2540,RWRB,*61,2538,25.266428150612256,,1,3,7.728316396235409,1,RDW:150.3/150.1/err0.2;RFIN:71.8/92.9/err21.1;RWRA:71.5/69.6/err1.9,forward_only_radius_rigid_connect
2541,LELA,*53,2539,10.723305408616655,,1,3,8.089734090271435,1,LSHO:315.4/335.1/err19.8;LUP:191.2/187.6/err3.6;LELB:83.9/84.8/err0.9,forward_only_radius_rigid_connect
2543,LELA,*53,2541,10.777611430336117,,1,3,7.146705888454164,1,LSHO:318.2/335.1/err16.9;LUP:191.2/187.6/err3.6;LELB:83.9/84.8/err0.9,forward_only_radius_rigid_connect
2543,RWRB,*54,2540,29.8686304497363,,1,3,8.563366333830217,2,RDW:150.8/150.1/err0.6;RFIN:69.8/92.9/err23.1;RWRA:71.5/69.6/err2.0,forward_only_radius_rigid_connect
2544,RWRB,*54,2543,10.0995085983619,,1,3,8.92506652523691,2,RDW:151.5/150.1/err1.4;RFIN:68.9/92.9/err24.0;RWRA:70.9/69.6/err1.4,forward_only_radius_rigid_connect
2545,LELA,*53,2543,11.019252101664675,,1,3,6.6477238166601325,1,LSHO:320.2/335.1/err14.9;LUP:190.8/187.6/err3.2;LELB:82.9/84.8/err1.8,forward_only_radius_rigid_connect
2546,RWRA,*54,2544,16.52172649004109,,1,2,4.562012135699014,1,RDW:165.4/166.6/err1.2;RFIN:96.7/104.6/err7.9,forward_only_radius_rigid_connect
2546,T10,*62,2544,14.83905969077044,,1,2,5.746560801973558,1,CLAV:244.6/241.8/err2.9;STRN:226.9/218.3/err8.6,forward_only_radius_rigid_connect
2547,LELA,*53,2545,11.639712160956845,,1,3,5.411748994327202,1,LSHO:322.5/335.1/err12.7;LUP:190.2/187.6/err2.6;LELB:83.8/84.8/err1.0,forward_only_radius_rigid_connect
2548,RWRA,*54,2546,13.567883250784009,,1,2,5.2813430231081995,1,RDW:164.4/166.6/err2.2;RFIN:96.2/104.6/err8.4,forward_only_radius_rigid_connect
2548,T10,*62,2546,14.382628121360096,,1,2,5.8293737262388845,1,CLAV:245.0/241.8/err3.2;STRN:226.7/218.3/err8.4,forward_only_radius_rigid_connect
2549,LELA,*53,2547,12.518673133639409,,1,3,4.884280267108139,1,LSHO:324.3/335.1/err10.9;LUP:189.7/187.6/err2.1;LELB:83.2/84.8/err1.6,forward_only_radius_rigid_connect
2550,RWRA,*54,2548,13.31069108950658,,1,2,5.761709906632696,1,RDW:164.3/166.6/err2.3;RFIN:95.4/104.6/err9.2,forward_only_radius_rigid_connect
2550,T10,*62,2548,13.52931748963833,,1,2,7.242373525612649,1,CLAV:246.9/241.8/err5.2;STRN:227.6/218.3/err9.3,forward_only_radius_rigid_connect
2552,RWRA,*54,2550,14.347991791706182,,1,2,5.997947518238483,1,RDW:164.5/166.6/err2.1;RFIN:94.8/104.6/err9.9,forward_only_radius_rigid_connect
2553,LELA,*53,2550,21.73188279608578,,1,3,3.9000988065673803,2,LSHO:327.7/335.1/err7.4;LUP:189.8/187.6/err2.2;LELB:82.7/84.8/err2.1,forward_only_radius_rigid_connect
2553,LMEP,*56,2547,47.37417707614962,,1,3,2.032009695061992,5,LTROC:424.2/420.2/err4.0;LTH:301.9/300.1/err1.8;LLEP:125.5/125.8/err0.3,forward_only_radius_rigid_connect
2554,RWRA,*54,2552,14.268741843510949,,1,2,6.458498916931603,1,RDW:164.6/166.6/err2.0;RFIN:93.7/104.6/err10.9,forward_only_radius_rigid_connect
2555,LELA,*53,2553,15.855076976032578,,1,3,3.4503028349535185,1,LSHO:329.6/335.1/err5.6;LUP:190.3/187.6/err2.7;LELB:82.7/84.8/err2.1,forward_only_radius_rigid_connect
2556,RWRA,*54,2554,16.56327831862667,,1,2,6.554537676918223,1,RDW:164.5/166.6/err2.1;RFIN:93.6/104.6/err11.1,forward_only_radius_rigid_connect
2557,LELA,*53,2555,16.31159227650506,,1,3,3.1580419847648735,1,LSHO:331.4/335.1/err3.7;LUP:191.0/187.6/err3.4;LELB:82.5/84.8/err2.3,forward_only_radius_rigid_connect
2559,LELA,*53,2557,16.432243179488676,,1,3,2.6514894976534626,1,LSHO:332.6/335.1/err2.5;LUP:191.1/187.6/err3.5;LELB:82.8/84.8/err2.0,forward_only_radius_rigid_connect
2561,LELA,*53,2559,16.3024625901788,,1,3,1.792642282150453,1,LSHO:334.2/335.1/err1.0;LUP:190.1/187.6/err2.5;LELB:82.9/84.8/err1.9,forward_only_radius_rigid_connect
2561,LMEP,*56,2556,33.409487154464806,,1,3,0.876029098638791,4,LTROC:418.7/420.2/err1.5;LTH:300.2/300.1/err0.1;LLEP:124.7/125.8/err1.0,forward_only_radius_rigid_connect
2561,RWRA,*62,2556,59.090256467607205,,1,2,6.024668606858555,4,RDW:165.2/166.6/err1.4;RFIN:93.9/104.6/err10.7,forward_only_radius_rigid_connect
2562,RWRA,*62,2561,11.70775571780491,,1,2,7.039703567174172,4,RDW:166.9/166.6/err0.3;RFIN:90.9/104.6/err13.7,forward_only_radius_rigid_connect
2563,LELA,*53,2561,16.178150727551337,,1,3,1.3842597958561953,1,LSHO:335.6/335.1/err0.5;LUP:189.5/187.6/err1.9;LELB:83.0/84.8/err1.8,forward_only_radius_rigid_connect
2563,RWRA,*62,2562,14.732025294666318,,1,2,8.378950890437132,4,RDW:164.7/166.6/err1.9;RFIN:89.8/104.6/err14.8,forward_only_radius_rigid_connect
2564,RWRA,*62,2563,16.124163179697128,,1,2,8.249627711497617,4,RDW:167.2/166.6/err0.6;RFIN:88.7/104.6/err15.9,forward_only_radius_rigid_connect
2565,LELA,*53,2563,16.350488040570394,,1,3,1.4619898802865379,1,LSHO:335.9/335.1/err0.7;LUP:189.4/187.6/err1.8;LELB:83.0/84.8/err1.8,forward_only_radius_rigid_connect
2566,RWRA,*62,2564,34.63045930351987,,1,2,8.577512005809396,1,RDW:166.1/166.6/err0.5;RFIN:87.9/104.6/err16.7,forward_only_radius_rigid_connect
2567,LELA,*53,2565,16.84092511835443,,1,3,1.2774360226658625,1,LSHO:335.4/335.1/err0.3;LUP:189.2/187.6/err1.7;LELB:82.9/84.8/err1.9,forward_only_radius_rigid_connect
2569,LELA,*53,2567,17.31394032895865,,1,3,1.303781805535787,1,LSHO:334.8/335.1/err0.4;LUP:189.1/187.6/err1.5;LELB:82.7/84.8/err2.0,forward_only_radius_rigid_connect
2569,LMEP,*56,2564,17.65875803661816,,1,3,3.594328996081581,4,LTROC:412.9/420.2/err7.3;LTH:298.3/300.1/err1.8;LLEP:124.1/125.8/err1.6,forward_only_radius_rigid_connect
2571,LELA,*53,2569,17.3299569807727,,1,3,1.4688090979720225,1,LSHO:334.3/335.1/err0.8;LUP:189.0/187.6/err1.4;LELB:82.6/84.8/err2.2,forward_only_radius_rigid_connect
2573,LELA,*53,2571,17.160012530727524,,1,3,1.6263473163473208,1,LSHO:333.8/335.1/err1.4;LUP:188.8/187.6/err1.2;LELB:82.5/84.8/err2.3,forward_only_radius_rigid_connect
2575,LELA,*53,2573,17.10274608562781,,1,3,1.950510033269642,1,LSHO:332.8/335.1/err2.4;LUP:188.7/187.6/err1.1;LELB:82.4/84.8/err2.4,forward_only_radius_rigid_connect
2577,LELA,*53,2575,17.154539940924337,,1,3,2.1604193289128895,1,LSHO:331.8/335.1/err3.4;LUP:188.4/187.6/err0.8;LELB:82.4/84.8/err2.3,forward_only_radius_rigid_connect
2577,LMEP,*56,2572,5.91267315034462,,1,3,4.66586801665882,4,LTROC:410.1/420.2/err10.1;LTH:297.4/300.1/err2.7;LLEP:124.6/125.8/err1.2,forward_only_radius_rigid_connect
2579,LELA,*53,2577,17.17468213980468,,1,3,2.5451786975760817,1,LSHO:330.7/335.1/err4.5;LUP:188.3/187.6/err0.7;LELB:82.4/84.8/err2.4,forward_only_radius_rigid_connect
2581,LELA,*53,2579,17.327285477130133,,1,3,2.996851458015494,1,LSHO:329.4/335.1/err5.7;LUP:188.3/187.6/err0.7;LELB:82.3/84.8/err2.5,forward_only_radius_rigid_connect
2583,LELA,*53,2581,17.606467406187985,,1,3,3.4037165764418185,1,LSHO:328.1/335.1/err7.0;LUP:188.3/187.6/err0.8;LELB:82.3/84.8/err2.4,forward_only_radius_rigid_connect
2585,LELA,*53,2583,18.015684728717797,,1,3,3.839264369458675,1,LSHO:327.0/335.1/err8.1;LUP:188.6/187.6/err1.0;LELB:82.4/84.8/err2.4,forward_only_radius_rigid_connect
2585,LMEP,*56,2580,12.359192675214814,,1,3,6.382686617666503,4,LTROC:407.6/420.2/err12.6;LTH:295.0/300.1/err5.1;LLEP:124.3/125.8/err1.4,forward_only_radius_rigid_connect
2587,LELA,*53,2585,18.45244087702694,,1,3,4.023446367952398,1,LSHO:326.5/335.1/err8.7;LUP:188.8/187.6/err1.2;LELB:82.6/84.8/err2.1,forward_only_radius_rigid_connect
2589,LELA,*53,2587,18.973320908539872,,1,3,3.8807665091770267,1,LSHO:326.6/335.1/err8.5;LUP:188.9/187.6/err1.3;LELB:82.9/84.8/err1.9,forward_only_radius_rigid_connect
2591,LELA,*53,2589,19.471401116780335,,1,3,3.634015326953095,1,LSHO:327.3/335.1/err7.8;LUP:189.3/187.6/err1.7;LELB:83.4/84.8/err1.4,forward_only_radius_rigid_connect
2593,LELA,*53,2591,20.034143215502333,,1,3,3.302589186355173,1,LSHO:328.0/335.1/err7.1;LUP:189.5/187.6/err1.9;LELB:83.9/84.8/err0.9,forward_only_radius_rigid_connect
2593,LMEP,*56,2588,25.960472609670695,,1,3,5.3716377993772015,4,LTROC:406.8/420.2/err13.5;LTH:297.8/300.1/err2.3;LLEP:125.4/125.8/err0.3,forward_only_radius_rigid_connect
2595,LELA,*53,2593,20.751873033279246,,1,3,2.9403830807858307,1,LSHO:328.7/335.1/err6.5;LUP:189.6/187.6/err2.0;LELB:84.5/84.8/err0.3,forward_only_radius_rigid_connect
2597,LELA,*53,2595,21.506431414003387,,1,3,2.819983520497909,1,LSHO:329.2/335.1/err5.9;LUP:189.9/187.6/err2.3;LELB:84.6/84.8/err0.2,forward_only_radius_rigid_connect
2599,LELA,*53,2597,22.368973201697052,,1,3,3.159104172386113,1,LSHO:329.6/335.1/err5.6;LUP:190.6/187.6/err3.0;LELB:85.7/84.8/err0.9,forward_only_radius_rigid_connect
2601,LMEP,*56,2596,33.76050971477476,,1,3,4.048503877453986,4,LTROC:409.5/420.2/err10.8;LTH:299.1/300.1/err1.0;LLEP:125.4/125.8/err0.4,forward_only_radius_rigid_connect
2603,LELA,*63,2599,45.60876318168211,,1,3,3.680345058709482,3,LSHO:329.9/335.1/err5.2;LUP:191.6/187.6/err4.0;LELB:86.6/84.8/err1.8,forward_only_radius_rigid_connect
2605,LELA,*63,2603,24.579482755263097,,1,3,3.489983980909386,4,LSHO:330.0/335.1/err5.1;LUP:191.2/187.6/err3.6;LELB:86.5/84.8/err1.7,forward_only_radius_rigid_connect
2606,LELA,*63,2605,12.12029584566704,,1,3,3.394524249140815,4,LSHO:330.2/335.1/err5.0;LUP:191.0/187.6/err3.4;LELB:86.6/84.8/err1.8,forward_only_radius_rigid_connect
2608,LELA,*63,2606,24.139638308098533,,1,3,3.2041926705433212,1,LSHO:330.5/335.1/err4.7;LUP:190.4/187.6/err2.8;LELB:86.9/84.8/err2.1,forward_only_radius_rigid_connect
2610,LELA,*63,2608,24.697084372686085,,1,3,2.9826580478013036,1,LSHO:330.7/335.1/err4.5;LUP:189.7/187.6/err2.1;LELB:87.2/84.8/err2.4,forward_only_radius_rigid_connect
2612,LELA,*63,2610,25.758993545648632,,1,3,2.6734568404612467,1,LSHO:330.9/335.1/err4.3;LUP:188.9/187.6/err1.3;LELB:87.2/84.8/err2.4,forward_only_radius_rigid_connect
2613,RSHO,*65,2610,29.816708701943895,,1,2,16.750629686208143,2,RUP:157.4/175.3/err17.9;RELB:316.0/331.5/err15.6,forward_only_radius_rigid_connect
2614,LELA,*63,2612,26.881642302841467,,1,3,2.7104759231501796,1,LSHO:330.9/335.1/err4.3;LUP:188.8/187.6/err1.2;LELB:87.4/84.8/err2.7,forward_only_radius_rigid_connect
2616,LELA,*63,2614,27.340584964408954,,1,3,3.3734108222811963,1,LSHO:331.8/335.1/err3.3;LUP:190.3/187.6/err2.7;LELB:88.9/84.8/err4.1,forward_only_radius_rigid_connect
2617,RSHO,*65,2614,32.45347493633713,,1,2,14.605264819131747,2,RUP:158.7/175.3/err16.6;RELB:318.9/331.5/err12.6,forward_only_radius_rigid_connect
2618,LELA,*63,2616,29.008342023537416,,1,3,3.34815609294985,1,LSHO:332.3/335.1/err2.9;LUP:190.5/187.6/err2.9;LELB:89.0/84.8/err4.3,forward_only_radius_rigid_connect
2620,LELA,*63,2618,30.046438325326356,,1,3,3.238477863520979,1,LSHO:331.2/335.1/err3.9;LUP:189.5/187.6/err1.9;LELB:88.6/84.8/err3.8,forward_only_radius_rigid_connect
2620,LMEP,*57,2615,52.5732294206098,,1,3,3.427559254945971,4,LTROC:412.5/420.2/err7.8;LTH:297.6/300.1/err2.5;LLEP:125.8/125.8/err0.0,forward_only_radius_rigid_connect
2621,RSHO,*65,2618,38.884733088667296,,1,2,11.611678849796192,2,RUP:161.5/175.3/err13.8;RELB:322.1/331.5/err9.4,forward_only_radius_rigid_connect
2622,LELA,*63,2620,31.337948935621796,,1,3,3.5948688362208543,1,LSHO:331.5/335.1/err3.7;LUP:189.9/187.6/err2.3;LELB:89.6/84.8/err4.8,forward_only_radius_rigid_connect
2624,LMEP,*57,2621,32.54717158821342,,1,3,3.114909946390341,2,LTROC:413.6/420.2/err6.6;LTH:297.5/300.1/err2.6;LLEP:125.9/125.8/err0.1,forward_only_radius_rigid_connect
2625,LELA,*62,2622,47.612099053875085,,1,3,3.2342715065659937,2,LSHO:331.6/335.1/err3.6;LUP:189.2/187.6/err1.6;LELB:89.3/84.8/err4.5,forward_only_radius_rigid_connect
2625,RSHO,*65,2622,43.44995124153672,,1,2,8.615673695588782,2,RUP:165.3/175.3/err10.0;RELB:324.3/331.5/err7.3,forward_only_radius_rigid_connect
2627,LELA,*62,2625,32.221154056949366,,1,3,3.390592786115178,3,LSHO:332.7/335.1/err2.4;LUP:190.0/187.6/err2.4;LELB:90.2/84.8/err5.4,forward_only_radius_rigid_connect
2628,LMEP,*57,2625,34.20697030268878,,1,3,3.7540657000217834,2,LTROC:412.8/420.2/err7.4;LTH:297.3/300.1/err2.9;LLEP:124.8/125.8/err1.0,forward_only_radius_rigid_connect
2629,LELA,*62,2627,32.5227929555297,,1,3,3.0907193405834668,1,LSHO:333.2/335.1/err1.9;LUP:189.5/187.6/err1.9;LELB:90.2/84.8/err5.4,forward_only_radius_rigid_connect
2629,RSHO,*65,2626,46.16967509472418,,1,2,6.602946299239306,2,RUP:167.9/175.3/err7.4;RELB:325.7/331.5/err5.8,forward_only_radius_rigid_connect
2632,LMEP,*57,2629,31.559953188150256,,1,3,4.134495287969448,2,LTROC:412.5/420.2/err7.7;LTH:296.2/300.1/err3.9;LLEP:125.0/125.8/err0.8,forward_only_radius_rigid_connect
2633,RSHO,*65,2630,47.92256964915499,,1,2,5.666912090741661,2,RUP:168.9/175.3/err6.4;RELB:326.6/331.5/err4.9,forward_only_radius_rigid_connect
2636,LMEP,*57,2633,17.68321022296679,,1,3,12.41118220058758,2,LTROC:403.1/420.2/err17.1;LTH:285.6/300.1/err14.6;LLEP:120.2/125.8/err5.6,forward_only_radius_rigid_connect
2637,RSHO,*65,2634,47.678272718145635,,1,2,4.930286876201421,2,RUP:169.8/175.3/err5.6;RELB:327.2/331.5/err4.3,forward_only_radius_rigid_connect
2641,RSHO,*65,2638,44.990152705402345,,1,2,4.382852808590215,2,RUP:169.5/175.3/err5.8;RELB:328.6/331.5/err3.0,forward_only_radius_rigid_connect
2645,RSHO,*65,2642,41.06231543582408,,1,2,4.611744411609152,2,RUP:168.4/175.3/err6.9;RELB:329.2/331.5/err2.3,forward_only_radius_rigid_connect
2647,LMEP,*54,2644,16.625103277421683,,1,3,12.80279588633058,2,LTROC:404.2/420.2/err16.1;LTH:285.7/300.1/err14.4;LLEP:117.8/125.8/err7.9,forward_only_radius_rigid_connect
2649,RSHO,*65,2646,32.11430031147355,,1,2,3.1661830168075795,2,RUP:169.0/175.3/err6.3;RELB:331.5/331.5/err0.0,forward_only_radius_rigid_connect
2651,LMEP,*54,2648,11.783270090712096,,1,3,14.407121076516688,2,LTROC:405.2/420.2/err15.0;LTH:277.5/300.1/err22.6;LLEP:120.2/125.8/err5.5,forward_only_radius_rigid_connect
2653,LELA,*55,2649,30.999843055105256,,1,3,0.9516391609071869,3,LSHO:335.6/335.1/err0.5;LUP:186.7/187.6/err0.9;LELB:86.2/84.8/err1.4,forward_only_radius_rigid_connect
2653,RSHO,*65,2650,25.403570153269836,,1,2,3.362333195879444,2,RUP:169.3/175.3/err6.0;RELB:332.3/331.5/err0.7,forward_only_radius_rigid_connect
2655,LELA,*55,2653,14.5215927634334,,1,3,1.1350852136162313,4,LSHO:336.1/335.1/err0.9;LUP:186.5/187.6/err1.1;LELB:86.1/84.8/err1.3,forward_only_radius_rigid_connect
2655,LMEP,*54,2652,6.307899360484502,,1,3,9.757526706627422,2,LTROC:412.2/420.2/err8.1;LTH:283.7/300.1/err16.4;LLEP:121.0/125.8/err4.8,forward_only_radius_rigid_connect
2657,RSHO,*65,2654,21.824788585432547,,1,2,3.3755975502553213,2,RUP:169.9/175.3/err5.4;RELB:332.9/331.5/err1.3,forward_only_radius_rigid_connect
2659,LELA,*55,2656,20.29753212400969,,1,3,1.6298641659419058,2,LSHO:338.9/335.1/err3.7;LUP:187.1/187.6/err0.5;LELB:85.5/84.8/err0.7,forward_only_radius_rigid_connect
2659,LMEP,*54,2656,8.310464132540869,,1,3,9.86784175539652,2,LTROC:411.8/420.2/err8.4;LTH:285.9/300.1/err14.2;LLEP:118.8/125.8/err6.9,forward_only_radius_rigid_connect
2661,RSHO,*65,2658,17.199440722173787,,1,2,3.359817603406256,2,RUP:170.7/175.3/err4.6;RELB:333.7/331.5/err2.1,forward_only_radius_rigid_connect
2663,LELA,*55,2660,18.280980788417878,,1,3,2.0550852931626715,2,LSHO:340.9/335.1/err5.8;LUP:187.9/187.6/err0.3;LELB:84.7/84.8/err0.1,forward_only_radius_rigid_connect
2663,LMEP,*54,2660,8.750287354077004,,1,3,9.399330290126775,2,LTROC:413.1/420.2/err7.2;LTH:285.8/300.1/err14.3;LLEP:119.1/125.8/err6.7,forward_only_radius_rigid_connect
2665,LELA,*55,2663,11.725490875792854,,1,3,2.412331342892306,1,LSHO:341.4/335.1/err6.3;LUP:188.4/187.6/err0.8;LELB:84.6/84.8/err0.1,forward_only_radius_rigid_connect
2667,LMEP,*54,2664,7.684122979762893,,1,3,8.223483898250572,2,LTROC:414.4/420.2/err5.8;LTH:286.6/300.1/err13.6;LLEP:120.5/125.8/err5.3,forward_only_radius_rigid_connect
2669,LELA,*55,2666,17.0753308654962,,1,3,1.9667722719178424,2,LSHO:340.5/335.1/err5.4;LUP:187.9/187.6/err0.3;LELB:84.6/84.8/err0.2,forward_only_radius_rigid_connect
2671,LMEP,*54,2668,4.794728546484222,,1,3,8.996255089671488,2,LTROC:414.3/420.2/err5.9;LTH:285.8/300.1/err14.4;LLEP:119.0/125.8/err6.7,forward_only_radius_rigid_connect
2673,LELA,*55,2670,16.79446878525892,,1,3,1.792419314714105,2,LSHO:339.6/335.1/err4.4;LUP:187.5/187.6/err0.1;LELB:83.9/84.8/err0.9,forward_only_radius_rigid_connect
2675,LMEP,*54,2672,3.3498473758848366,,1,3,7.996307408146033,2,LTROC:416.1/420.2/err4.2;LTH:285.8/300.1/err14.3;LLEP:120.2/125.8/err5.5,forward_only_radius_rigid_connect
2677,LELA,*55,2674,16.81759613872152,,1,3,1.6769876298393218,2,LSHO:338.0/335.1/err2.8;LUP:186.8/187.6/err0.7;LELB:83.3/84.8/err1.5,forward_only_radius_rigid_connect
2679,LMEP,*54,2676,2.498616322223536,,1,2,9.31108651800551,2,LTH:286.6/300.1/err13.6;LLEP:120.7/125.8/err5.1,forward_only_radius_rigid_connect
2681,LELA,*55,2678,17.324273491571894,,1,3,1.0214233070730074,2,LSHO:335.1/335.1/err0.0;LUP:186.1/187.6/err1.4;LELB:83.2/84.8/err1.6,forward_only_radius_rigid_connect
2681,RSHO,*65,2678,7.301485029398395,,1,2,5.169784604228525,2,RUP:178.6/175.3/err3.3;RELB:338.6/331.5/err7.1,forward_only_radius_rigid_connect
2683,LMEP,*54,2680,3.669633838985407,,1,3,7.063830031826318,2,LTROC:416.6/420.2/err3.7;LTH:287.2/300.1/err12.9;LLEP:121.1/125.8/err4.7,forward_only_radius_rigid_connect
2685,LELA,*55,2682,16.29390849932232,,1,3,2.021245274520657,2,LSHO:332.3/335.1/err2.8;LUP:185.9/187.6/err1.6;LELB:83.2/84.8/err1.6,forward_only_radius_rigid_connect
2685,RSHO,*65,2682,8.664035954931354,,1,2,6.6296221266117925,2,RUP:180.5/175.3/err5.2;RELB:339.6/331.5/err8.1,forward_only_radius_rigid_connect
2687,LMEP,*54,2684,4.513679524299251,,1,3,6.864503918418985,2,LTROC:416.4/420.2/err3.8;LTH:287.8/300.1/err12.4;LLEP:121.4/125.8/err4.4,forward_only_radius_rigid_connect
2689,LELA,*55,2686,14.304183269282843,,1,3,2.8393024197294827,2,LSHO:329.8/335.1/err5.4;LUP:186.0/187.6/err1.6;LELB:83.2/84.8/err1.6,forward_only_radius_rigid_connect
2689,RSHO,*65,2686,8.607756222363872,,1,2,7.088595977505776,2,RUP:181.4/175.3/err6.0;RELB:339.7/331.5/err8.1,forward_only_radius_rigid_connect
2691,LMEP,*54,2688,4.8758666430141115,,1,2,7.734308204438918,2,LTROC:416.7/420.2/err3.5;LTH:288.2/300.1/err12.0,forward_only_radius_rigid_connect
2693,LELA,*55,2690,11.752433720678136,,1,3,3.418834621668689,2,LSHO:327.7/335.1/err7.4;LUP:186.3/187.6/err1.3;LELB:83.2/84.8/err1.6,forward_only_radius_rigid_connect
2693,RSHO,*65,2690,8.36357956079045,,1,2,7.393065429541764,2,RUP:181.9/175.3/err6.6;RELB:339.7/331.5/err8.2,forward_only_radius_rigid_connect
2695,LMEP,*54,2692,4.062960336267253,,1,3,5.9692429229383634,2,LTROC:416.6/420.2/err3.6;LTH:288.3/300.1/err11.8;LLEP:123.2/125.8/err2.5,forward_only_radius_rigid_connect
2697,LELA,*55,2694,9.589103105354411,,1,3,3.72207367747752,2,LSHO:326.5/335.1/err8.7;LUP:186.7/187.6/err0.9;LELB:83.2/84.8/err1.6,forward_only_radius_rigid_connect
2697,RSHO,*65,2694,7.952961433804645,,1,2,7.558589090787905,2,RUP:182.3/175.3/err6.9;RELB:339.7/331.5/err8.2,forward_only_radius_rigid_connect
2699,LMEP,*54,2696,2.3714566434229387,,1,3,5.801537806948929,2,LTROC:416.6/420.2/err3.6;LTH:288.7/300.1/err11.5;LLEP:123.4/125.8/err2.3,forward_only_radius_rigid_connect
2701,LELA,*55,2698,8.051608515816175,,1,3,3.917453628975513,2,LSHO:325.8/335.1/err9.3;LUP:186.6/187.6/err0.9;LELB:83.3/84.8/err1.5,forward_only_radius_rigid_connect
2701,RSHO,*65,2698,7.6759331681479015,,1,2,7.648773098792475,2,RUP:182.4/175.3/err7.1;RELB:339.7/331.5/err8.2,forward_only_radius_rigid_connect
2703,LMEP,*54,2700,1.7848352486924655,,1,3,6.549042080316421,2,LTROC:415.5/420.2/err4.7;LTH:288.9/300.1/err11.3;LLEP:122.1/125.8/err3.7,forward_only_radius_rigid_connect
2705,LELA,*55,2702,7.008217823518559,,1,3,4.0290530800671105,2,LSHO:325.7/335.1/err9.5;LUP:186.4/187.6/err1.2;LELB:83.4/84.8/err1.4,forward_only_radius_rigid_connect
2705,RSHO,*65,2702,7.293910337138391,,1,2,7.867869011584958,2,RUP:182.7/175.3/err7.4;RELB:339.9/331.5/err8.4,forward_only_radius_rigid_connect
2707,LMEP,*54,2704,1.9494767125833437,,1,3,7.003479395316295,2,LTROC:415.6/420.2/err4.6;LTH:289.0/300.1/err11.2;LLEP:120.5/125.8/err5.2,forward_only_radius_rigid_connect
2709,LELA,*55,2706,6.471964393386998,,1,3,4.11926491189612,2,LSHO:325.8/335.1/err9.4;LUP:186.0/187.6/err1.6;LELB:83.4/84.8/err1.4,forward_only_radius_rigid_connect
2709,RSHO,*65,2706,6.954142746751841,,1,2,8.063633175357594,2,RUP:183.0/175.3/err7.7;RELB:339.9/331.5/err8.4,forward_only_radius_rigid_connect
2711,LMEP,*54,2708,1.9913591319919284,,1,3,6.373657947476616,2,LTROC:415.5/420.2/err4.7;LTH:289.2/300.1/err10.9;LLEP:122.3/125.8/err3.5,forward_only_radius_rigid_connect
2713,LELA,*55,2710,6.780335564244925,,1,3,4.1943733234850145,2,LSHO:326.1/335.1/err9.1;LUP:185.7/187.6/err1.9;LELB:83.2/84.8/err1.6,forward_only_radius_rigid_connect
2713,RSHO,*65,2710,6.8177191508487125,,1,2,8.181606714898592,2,RUP:183.3/175.3/err8.0;RELB:339.9/331.5/err8.4,forward_only_radius_rigid_connect
2715,LMEP,*54,2712,2.9919816101085095,,1,3,6.56890273590443,2,LTROC:415.6/420.2/err4.6;LTH:289.0/300.1/err11.2;LLEP:121.8/125.8/err4.0,forward_only_radius_rigid_connect
2717,LELA,*55,2714,7.605758607588795,,1,3,4.012546945854349,2,LSHO:326.7/335.1/err8.4;LUP:185.6/187.6/err2.0;LELB:83.2/84.8/err1.6,forward_only_radius_rigid_connect
2717,RSHO,*65,2714,7.051968447513365,,1,2,8.167573787268239,2,RUP:183.3/175.3/err8.0;RELB:339.9/331.5/err8.3,forward_only_radius_rigid_connect
2719,LMEP,*54,2716,15.328231000638558,,1,3,7.168775134070349,2,LTROC:413.7/420.2/err6.5;LTH:286.5/300.1/err13.6;LLEP:127.1/125.8/err1.4,forward_only_radius_rigid_connect
2721,LELA,*55,2718,9.63026239394431,,1,3,3.797921795573828,2,LSHO:327.5/335.1/err7.6;LUP:185.7/187.6/err1.9;LELB:82.9/84.8/err1.8,forward_only_radius_rigid_connect
2721,RSHO,*65,2718,7.218522134361869,,1,2,7.934974726728726,2,RUP:183.0/175.3/err7.7;RELB:339.7/331.5/err8.2,forward_only_radius_rigid_connect
2723,LMEP,*54,2720,2.3936443008587163,,1,3,7.335100360980728,2,LTROC:413.5/420.2/err6.7;LTH:286.4/300.1/err13.7;LLEP:127.3/125.8/err1.6,forward_only_radius_rigid_connect
2725,LELA,*55,2722,10.100966654587122,,1,3,3.2962669066539547,2,LSHO:328.5/335.1/err6.7;LUP:186.1/187.6/err1.4;LELB:83.0/84.8/err1.8,forward_only_radius_rigid_connect
2725,RSHO,*65,2722,7.320844227464666,,1,2,7.376154918725106,2,RUP:182.6/175.3/err7.3;RELB:338.9/331.5/err7.4,forward_only_radius_rigid_connect
2729,LELA,*55,2726,11.196909851595448,,1,3,2.821037569007212,2,LSHO:329.4/335.1/err5.7;LUP:186.5/187.6/err1.0;LELB:83.1/84.8/err1.7,forward_only_radius_rigid_connect
2729,RSHO,*65,2726,7.2673013690214425,,1,2,7.062705727270895,2,RUP:182.3/175.3/err7.0;RELB:338.7/331.5/err7.2,forward_only_radius_rigid_connect
2733,LELA,*55,2730,12.257056393812745,,1,3,2.3037720372178447,2,LSHO:330.5/335.1/err4.7;LUP:186.9/187.6/err0.7;LELB:83.2/84.8/err1.6,forward_only_radius_rigid_connect
2733,RSHO,*65,2730,7.2117087832964835,,1,2,6.818844700575653,2,RUP:182.1/175.3/err6.8;RELB:338.4/331.5/err6.8,forward_only_radius_rigid_connect
2737,LELA,*55,2734,13.15397316920952,,1,3,1.7334635062485215,2,LSHO:331.7/335.1/err3.5;LUP:187.3/187.6/err0.3;LELB:83.3/84.8/err1.5,forward_only_radius_rigid_connect
2737,RSHO,*65,2734,6.9083479816757345,,1,2,6.76737468322078,2,RUP:182.1/175.3/err6.8;RELB:338.2/331.5/err6.7,forward_only_radius_rigid_connect
2740,LMEP,*54,2728,20.83274643872341,,1,3,5.594844006551814,5,LTROC:416.0/420.2/err4.3;LTH:290.8/300.1/err9.3;LLEP:122.6/125.8/err3.2,forward_only_radius_rigid_connect
2741,LELA,*55,2738,14.202588282621994,,1,3,1.2636655690818703,2,LSHO:332.8/335.1/err2.4;LUP:187.7/187.6/err0.1;LELB:83.5/84.8/err1.3,forward_only_radius_rigid_connect
2741,RSHO,*65,2738,6.53842487284648,,1,2,6.848560443813582,2,RUP:182.2/175.3/err6.9;RELB:338.3/331.5/err6.8,forward_only_radius_rigid_connect
2745,LELA,*55,2742,13.750880148776998,,1,3,0.9937606210831831,2,LSHO:333.7/335.1/err1.4;LUP:188.0/187.6/err0.4;LELB:83.6/84.8/err1.2,forward_only_radius_rigid_connect
2745,RSHO,*65,2742,6.239910813720232,,1,2,6.91701782861098,2,RUP:182.2/175.3/err6.9;RELB:338.4/331.5/err6.9,forward_only_radius_rigid_connect
2748,LMEP,*54,2743,6.834396694462584,,1,3,5.637588969770751,4,LTROC:415.9/420.2/err4.4;LTH:290.9/300.1/err9.2;LLEP:122.4/125.8/err3.4,forward_only_radius_rigid_connect
2749,RSHO,*65,2746,5.992488999926632,,1,2,7.198577102012891,2,RUP:182.4/175.3/err7.1;RELB:338.8/331.5/err7.3,forward_only_radius_rigid_connect
2751,LELA,*55,2746,21.83518264991404,,1,3,0.6646364672796968,4,LSHO:334.8/335.1/err0.4;LUP:188.3/187.6/err0.7;LELB:83.9/84.8/err0.9,forward_only_radius_rigid_connect
2753,LELA,*55,2748,21.097524944829836,,1,3,0.57617490953668,4,LSHO:335.0/335.1/err0.1;LUP:188.4/187.6/err0.8;LELB:84.0/84.8/err0.8,forward_only_radius_rigid_connect
2753,RSHO,*65,2750,5.782634780050591,,1,2,7.467688322339043,2,RUP:182.5/175.3/err7.2;RELB:339.2/331.5/err7.7,forward_only_radius_rigid_connect
2756,LMEP,*54,2751,6.493919200707616,,1,3,6.030205645162819,4,LTROC:415.3/420.2/err5.0;LTH:290.5/300.1/err9.6;LLEP:122.2/125.8/err3.5,forward_only_radius_rigid_connect
2757,LELA,*55,2754,11.150190748339977,,1,3,0.5461744618068138,2,LSHO:335.3/335.1/err0.2;LUP:188.5/187.6/err0.9;LELB:84.2/84.8/err0.6,forward_only_radius_rigid_connect
2757,RSHO,*65,2754,5.771777143511953,,1,2,7.632733924119194,2,RUP:182.5/175.3/err7.2;RELB:339.6/331.5/err8.0,forward_only_radius_rigid_connect
2761,LELA,*52,2758,9.791348253313258,,1,3,0.530090570195109,2,LSHO:335.5/335.1/err0.3;LUP:188.6/187.6/err1.0;LELB:84.6/84.8/err0.2,forward_only_radius_rigid_connect
2761,RSHO,*65,2758,5.899907233292153,,1,2,7.701635442492261,2,RUP:182.4/175.3/err7.1;RELB:339.9/331.5/err8.3,forward_only_radius_rigid_connect
2764,LMEP,*54,2759,6.269409129273244,,1,3,6.1314269641140795,4,LTROC:415.0/420.2/err5.2;LTH:290.5/300.1/err9.7;LLEP:122.3/125.8/err3.5,forward_only_radius_rigid_connect
2765,LELA,*52,2762,8.314342697260187,,1,3,0.6063856005223917,2,LSHO:335.6/335.1/err0.4;LUP:188.9/187.6/err1.3;LELB:84.9/84.8/err0.1,forward_only_radius_rigid_connect
2765,RASIS,*55,2762,3.7953322136541034,,1,3,1.759504842347231,2,LASIS:259.7/262.3/err2.6;RPSIS:166.1/167.0/err1.0;LPSIS:240.5/242.2/err1.7,forward_only_radius_rigid_connect
2765,RSHO,*65,2762,6.4397746776123865,,1,2,7.4286768836595485,2,RUP:181.9/175.3/err6.6;RELB:339.8/331.5/err8.3,forward_only_radius_rigid_connect
2769,LELA,*52,2766,8.137404075145898,,1,3,0.6223332602053849,2,LSHO:335.5/335.1/err0.3;LUP:188.9/187.6/err1.3;LELB:85.0/84.8/err0.2,forward_only_radius_rigid_connect
2769,RASIS,*55,2766,5.519582739251211,,1,3,1.7784235517625386,2,LASIS:259.8/262.3/err2.5;RPSIS:166.1/167.0/err0.9;LPSIS:240.3/242.2/err1.9,forward_only_radius_rigid_connect
2769,RSHO,*65,2766,5.93174177861688,,1,2,6.707481277627608,2,RUP:181.0/175.3/err5.7;RELB:339.2/331.5/err7.7,forward_only_radius_rigid_connect
2773,LELA,*52,2770,6.308784859969055,,1,3,0.6416244015336664,2,LSHO:335.3/335.1/err0.2;LUP:188.9/187.6/err1.3;LELB:85.2/84.8/err0.4,forward_only_radius_rigid_connect
2773,RASIS,*55,2770,5.250823894817809,,1,3,1.822607232886175,2,LASIS:259.6/262.3/err2.7;RPSIS:166.1/167.0/err1.0;LPSIS:240.4/242.2/err1.8,forward_only_radius_rigid_connect
2773,RSHO,*65,2770,5.90106423025422,,1,2,6.352693791296488,2,RUP:180.6/175.3/err5.3;RELB:339.0/331.5/err7.4,forward_only_radius_rigid_connect
2777,LELA,*52,2774,5.636827085832537,,1,3,0.6684792626142363,2,LSHO:335.3/335.1/err0.1;LUP:188.9/187.6/err1.3;LELB:85.4/84.8/err0.6,forward_only_radius_rigid_connect
2777,RASIS,*55,2774,4.923712329102719,,1,3,1.9177720413717243,2,LASIS:259.5/262.3/err2.8;RPSIS:166.1/167.0/err0.9;LPSIS:240.2/242.2/err2.0,forward_only_radius_rigid_connect
2777,RSHO,*65,2774,5.698131946606277,,1,2,6.155072167186873,2,RUP:180.3/175.3/err5.0;RELB:338.9/331.5/err7.3,forward_only_radius_rigid_connect
2780,LMEP,*57,2774,6.659650863860015,,1,3,5.563826501875941,5,LTROC:415.6/420.2/err4.6;LTH:291.7/300.1/err8.4;LLEP:122.1/125.8/err3.7,forward_only_radius_rigid_connect
2781,LELA,*52,2778,5.243238704435716,,1,3,0.6805377722930691,2,LSHO:335.1/335.1/err0.0;LUP:188.8/187.6/err1.2;LELB:85.6/84.8/err0.8,forward_only_radius_rigid_connect
2781,RASIS,*55,2778,4.687146979404202,,1,3,1.9875327112773296,2,LASIS:259.4/262.3/err3.0;RPSIS:166.1/167.0/err1.0;LPSIS:240.2/242.2/err2.1,forward_only_radius_rigid_connect
2781,RSHO,*65,2778,5.43034959099359,,1,2,5.953278323043989,2,RUP:180.0/175.3/err4.7;RELB:338.7/331.5/err7.2,forward_only_radius_rigid_connect
2785,RASIS,*55,2782,17.097351583939812,,1,3,3.9728426890316846,2,LASIS:263.2/262.3/err0.8;RPSIS:173.5/167.0/err6.5;LPSIS:246.8/242.2/err4.6,forward_only_radius_rigid_connect
2785,RSHO,*65,2782,5.36448854394302,,1,2,5.849084167521099,2,RUP:179.8/175.3/err4.5;RELB:338.7/331.5/err7.2,forward_only_radius_rigid_connect
2789,RASIS,*55,2786,16.123831089599122,,1,3,3.8039813753046396,2,LASIS:263.2/262.3/err0.9;RPSIS:173.3/167.0/err6.3;LPSIS:246.4/242.2/err4.2,forward_only_radius_rigid_connect
2789,RSHO,*65,2786,5.3035847096470015,,1,2,5.724735267554237,2,RUP:179.8/175.3/err4.5;RELB:338.5/331.5/err7.0,forward_only_radius_rigid_connect
2793,RASIS,*55,2790,3.998794054556059,,1,3,3.837837268690464,2,LASIS:263.2/262.3/err0.9;RPSIS:173.4/167.0/err6.3;LPSIS:246.5/242.2/err4.3,forward_only_radius_rigid_connect
2793,RSHO,*65,2790,5.336513481240622,,1,2,5.654562993251815,2,RUP:179.8/175.3/err4.5;RELB:338.3/331.5/err6.8,forward_only_radius_rigid_connect
2797,RASIS,*55,2794,9.602490224774712,,1,3,2.2648016874686903,2,LASIS:259.3/262.3/err3.1;RPSIS:165.9/167.0/err1.1;LPSIS:239.6/242.2/err2.6,forward_only_radius_rigid_connect
2797,RSHO,*65,2794,5.341273629667542,,1,2,5.685391331989877,2,RUP:179.9/175.3/err4.6;RELB:338.3/331.5/err6.8,forward_only_radius_rigid_connect
2801,RASIS,*55,2798,3.2409562091712822,,1,3,2.2714174932711537,2,LASIS:259.4/262.3/err3.0;RPSIS:165.9/167.0/err1.2;LPSIS:239.5/242.2/err2.7,forward_only_radius_rigid_connect
2801,RSHO,*65,2798,5.837362109982534,,1,2,6.006891307684015,2,RUP:180.1/175.3/err4.8;RELB:338.7/331.5/err7.2,forward_only_radius_rigid_connect
2805,RASIS,*55,2802,3.0357114567971686,,1,3,3.9675020679000284,2,LASIS:263.0/262.3/err0.7;RPSIS:173.9/167.0/err6.9;LPSIS:246.5/242.2/err4.3,forward_only_radius_rigid_connect
2805,RSHO,*65,2802,2.7282823536376863,,1,2,6.127747567466713,2,RUP:180.8/175.3/err5.5;RELB:338.3/331.5/err6.7,forward_only_radius_rigid_connect
2809,RASIS,*55,2806,10.604332243731234,,1,3,2.0190828292187937,2,LASIS:260.0/262.3/err2.4;RPSIS:166.1/167.0/err1.0;LPSIS:239.5/242.2/err2.7,forward_only_radius_rigid_connect
2813,RASIS,*55,2810,2.588774257637916,,1,3,2.042771998479784,2,LASIS:260.0/262.3/err2.3;RPSIS:166.0/167.0/err1.0;LPSIS:239.4/242.2/err2.8,forward_only_radius_rigid_connect
2817,RASIS,*55,2814,8.187086299018022,,1,3,1.3351484466907948,2,LASIS:260.8/262.3/err1.6;RPSIS:168.5/167.0/err1.5;LPSIS:241.3/242.2/err0.9,forward_only_radius_rigid_connect
2821,RASIS,*55,2818,1.9117092117739818,,1,3,1.8510890826878115,2,LASIS:260.7/262.3/err1.6;RPSIS:166.1/167.0/err1.0;LPSIS:239.2/242.2/err3.0,forward_only_radius_rigid_connect
2825,RASIS,*55,2822,1.350831063534956,,1,3,1.090264845123471,2,LASIS:263.0/262.3/err0.6;RPSIS:166.4/167.0/err0.7;LPSIS:240.2/242.2/err2.0,forward_only_radius_rigid_connect
