frame,marker,raw,forward_distance,backward_distance,forward_anchor_frame,backward_anchor_frame,support,mean_error,second_distance,candidate_count,method
2304,LBHD,*53,4.621549810447356,,2302,,2,0.04537501116395504,,1,radius_single_high_conf_forward
2305,LELA,*54,3.611157429252378,,2302,,3,0.09044411774229862,,1,radius_single_high_conf_forward
2305,RBHD,*56,6.674243984447648,,2302,,2,0.3144497419803258,,1,radius_single_high_conf_forward
2306,LELA,*54,1.3573737156509997,,2305,,3,0.16325185201448753,,1,radius_single_high_conf_forward
2306,RBHD,*56,2.2709971407717924,,2305,,2,0.3627680576798298,,1,radius_single_high_conf_forward
2308,LBHD,*53,9.038602297359432,,2304,,3,0.31789322656134306,,1,radius_single_high_conf_forward
2308,LELA,*54,3.021683140975195,,2306,,3,0.8544080861371744,,1,radius_single_high_conf_forward
2308,RBHD,*56,4.640581951022964,,2306,,2,0.5613141607957175,,1,radius_single_high_conf_forward
2309,LBHD,*53,2.2211001568841726,,2308,,2,0.07730260175176795,,1,radius_single_high_conf_forward
2310,LBHD,*53,10.106894932201197,,2309,,3,4.740779686758667,,1,radius_single_high_conf_forward
2310,LELA,*54,3.0680612319682643,,2308,,3,0.5752799619902381,,1,radius_single_high_conf_forward
2310,RBHD,*56,4.589282179044429,,2308,,2,0.536378508851584,,1,radius_single_high_conf_forward
2310,RMEP,*58,3.867078157526385,2.5365443628361093,2305,2312,3,0.6956044469728132,,,radius_bidirectional_rigid
2311,RMEP,*58,2.722829849107881,,2310,,3,0.6270206863554222,,1,radius_single_high_conf_forward
2312,C7,*56,8.48714300025111,,2308,,3,0.9323788543482294,,1,radius_single_high_conf_forward
2312,LBHD,*53,3.981898098897929,,2310,,3,0.5259420154957345,57.71979599027119,2,radius_single_high_conf_forward
2312,LELA,*54,3.1246009919125286,,2310,,3,0.3052327340509085,,1,radius_single_high_conf_forward
2312,RBHD,*59,4.934731494321568,,2310,,2,0.9485453236977577,,1,radius_single_high_conf_forward
2312,RMEP,*58,,3.2997478540611564,,2314,3,0.9058732568234878,,1,radius_single_high_conf_backward
2313,C7,*56,3.574886895354601,,2312,,3,2.505825073229071,,1,radius_single_high_conf_forward
2313,RMEP,*58,2.1734258207919908,,2311,,3,1.09932151002504,,1,radius_single_high_conf_forward
2314,C7,*56,2.1255198642199127,,2313,,3,2.5928723483605722,,1,radius_single_high_conf_forward
2314,LBHD,*53,4.430323163682501,,2312,,3,0.560820962718258,,1,radius_single_high_conf_forward
2314,LELA,*54,3.1035372096836147,,2312,,3,0.24443068376498425,,1,radius_single_high_conf_forward
2314,RBHD,*59,4.848938992049023,,2312,,2,1.1103132376648688,,1,radius_single_high_conf_forward
2314,RMEP,*58,,2.7546966786334446,,2316,3,1.1898402298934627,,1,radius_single_high_conf_backward
2315,RMEP,*58,2.5460443240905133,,2313,,3,1.339684964480739,,1,radius_single_high_conf_forward
2316,C7,*56,4.277246005648513,,2314,,3,2.8596790821278923,,1,radius_single_high_conf_forward
2316,LBHD,*53,12.711271614702163,,2314,,2,3.98326173898883,,1,radius_single_high_conf_forward
2316,LELA,*54,3.125698460367083,,2314,,3,0.38773914798512976,,1,radius_single_high_conf_forward
2316,RMEP,*58,,3.221969233744529,,2318,3,1.4814077383101676,,1,radius_single_high_conf_backward
2317,RBHD,*59,7.4189139345934585,,2314,,2,1.2490477030724207,,1,radius_single_high_conf_forward
2317,RMEP,*58,2.9643905017399406,,2315,,3,1.626679752776577,,1,radius_single_high_conf_forward
2318,LELA,*54,3.0877121411410946,,2316,,3,0.5538317208601219,,1,radius_single_high_conf_forward
2318,RMEP,*58,,3.5480483717423335,,2320,3,1.7560504732473134,,1,radius_single_high_conf_backward
2319,RMEP,*58,3.438682236894715,,2317,,3,1.8791652390248146,,1,radius_single_high_conf_forward
2320,LELA,*54,2.9787063068576263,,2318,,3,0.7179025572447747,,1,radius_single_high_conf_forward
2320,RMEP,*58,,3.7506675746888605,,2322,3,1.988060305688909,,1,radius_single_high_conf_backward
2321,RMEP,*58,3.6470618373065737,,2319,,3,2.0980434719929897,,1,radius_single_high_conf_forward
2322,C7,*53,13.327024256184355,,2316,,3,3.487303880826848,,1,radius_single_high_conf_forward
2322,LELA,*54,2.9085473445496914,,2320,,3,0.8530523039732193,,1,radius_single_high_conf_forward
2322,RMEP,*58,,3.7453093779088973,,2324,3,2.175066101538268,,1,radius_single_high_conf_backward
2323,RMEP,*58,3.7863819514106387,,2321,,3,2.241469383424743,,1,radius_single_high_conf_forward
2324,LELA,*54,2.874241595587025,,2322,,3,1.0297590111093864,,1,radius_single_high_conf_forward
2324,RMEP,*58,,3.7486681397186126,,2326,3,2.3219410749074427,,1,radius_single_high_conf_backward
2325,RMEP,*58,3.7293918214794273,,2323,,3,2.4001233739430083,,1,radius_single_high_conf_forward
2326,LELA,*54,2.8862002919232426,,2324,,3,1.2940300933862734,,1,radius_single_high_conf_forward
2326,RMEP,*58,,3.9586150864479155,,2328,3,2.475037249412727,,1,radius_single_high_conf_backward
2327,C7,*53,11.13649173238923,,2322,,3,2.4117288437869036,,1,radius_single_high_conf_forward
2327,RMEP,*58,4.174952461014317,,2325,,3,2.7240374766584807,,1,radius_single_high_conf_forward
2328,LELA,*54,2.9015423302316607,,2326,,3,1.4104188154911508,,1,radius_single_high_conf_forward
2328,RMEP,*58,,1.7989347462011125,,2329,3,2.8185497588446253,,1,radius_single_high_conf_backward
2329,C7,*53,4.686388825897624,,2327,,3,2.654301883478657,,1,radius_single_high_conf_forward
2329,RMEP,*58,3.5713445588990234,8.539155891569559,2327,2334,3,2.9247941485538007,,,radius_bidirectional_rigid
2330,LELA,*54,2.9314426308242902,,2328,,3,1.529340419143864,,1,radius_single_high_conf_forward
2331,C7,*53,6.1800937494941595,,2329,,3,4.08791541437904,58.08395996858543,2,radius_single_high_conf_forward
2332,LELA,*54,2.9820320090666943,,2330,,3,1.6457062448722535,,1,radius_single_high_conf_forward
2334,LELA,*54,3.0370847302384463,,2332,,3,1.7455972390631775,,1,radius_single_high_conf_forward
2336,C7,*53,11.860670782876198,,2331,,3,4.301942924769226,,1,radius_single_high_conf_forward
2336,LBHD,*56,4.648789107324271,,2334,,2,0.49798236633503734,57.667400632112944,2,radius_single_high_conf_forward
2336,LELA,*54,3.200192930786997,,2334,,3,1.8454349321199384,,1,radius_single_high_conf_forward
2337,C7,*53,8.958773174555393,,2333,,3,3.189222735086531,,1,radius_single_high_conf_forward
2338,LELA,*54,3.376652761182557,,2336,,3,1.9596748993561068,,1,radius_single_high_conf_forward
2340,LELA,*54,3.635629013312441,,2338,,3,2.023149984179019,,1,radius_single_high_conf_forward
2342,C7,*56,12.800056141050874,,2337,,3,4.185913192703585,58.51042158168241,2,radius_single_high_conf_forward
2342,LELA,*54,4.21561231358516,,2340,,3,1.9948190516755488,,1,radius_single_high_conf_forward
2342,RMEP,*59,6.64182611929501,0.8647587365734568,2336,2343,3,4.108886325172866,,,radius_bidirectional_rigid
2343,RMEP,*59,3.800568916182559,3.259502646306289,2339,2346,3,4.182840850502449,,,radius_bidirectional_rigid
2344,LELA,*54,4.297172574663101,,2342,,3,2.1329819535698014,,1,radius_single_high_conf_forward
2345,LBHD,*58,4.64067658321855,,2343,,2,0.5543329207953462,53.63258742964544,2,radius_single_high_conf_forward
2346,C7,*53,8.913021234114682,,2342,,3,3.415415520530511,,1,radius_single_high_conf_forward
2346,RMEP,*59,,3.833867237421785,,2350,3,3.6503977573065356,,1,radius_single_high_conf_backward
2347,LELA,*54,7.058146419821993,,2344,,3,2.348452232668928,,1,radius_single_high_conf_forward
2348,C7,*53,4.847623634766591,,2346,,3,3.3963882198193005,,1,radius_single_high_conf_forward
2348,LELA,*54,2.43229175126612,,2347,,3,2.4642340375553147,,1,radius_single_high_conf_forward
2350,C7,*53,10.286328108125183,,2346,,3,4.257880487273487,57.45455628127232,2,radius_single_high_conf_forward
2350,LELA,*52,5.136465041074024,,2348,,3,2.655953062496053,,1,radius_single_high_conf_forward
2353,LELA,*53,8.096538733473668,,2350,,3,2.995184046658693,,1,radius_single_high_conf_forward
2353,RASIS,*52,2.2254236567743253,,2351,,3,1.246503406026335,,1,radius_single_high_conf_forward
2354,LELA,*53,2.7569431448943944,,2353,,3,3.041878249257138,,1,radius_single_high_conf_forward
2355,LBHD,*54,4.474724008015102,,2353,,2,0.5585178913446072,,1,radius_single_high_conf_forward
2355,RASIS,*52,2.312660545377413,,2353,,3,0.878695956801522,,1,radius_single_high_conf_forward
2357,C7,*59,14.768507844189378,,2350,,3,3.5621883050965644,,1,radius_single_high_conf_forward
2357,LBHD,*54,4.366063711358574,,2355,,2,0.6382481236893653,54.31275943755631,2,radius_single_high_conf_forward
2357,LELA,*53,8.53957812475948,,2354,,3,3.3377281379169497,,1,radius_single_high_conf_forward
2357,RASIS,*52,1.81924268241146,,2355,,3,1.382669938381459,,1,radius_single_high_conf_forward
2358,C7,*59,3.3974609660088038,,2357,,3,4.178527803812737,55.49893317188657,2,radius_single_high_conf_forward
2358,LELA,*53,2.7378157331861557,,2357,,3,3.4993134216984507,,1,radius_single_high_conf_forward
2359,LBHD,*54,4.376535821420191,,2357,,2,1.3777169870219268,,1,radius_single_high_conf_forward
2359,RASIS,*52,3.0428879651228407,,2357,,3,1.000754482053831,,1,radius_single_high_conf_forward
2360,C7,*58,12.675353162405383,,2354,,3,4.20109568035276,,1,radius_single_high_conf_forward
2361,LBHD,*54,4.578098454902949,,2359,,2,0.43354821694805423,,1,radius_single_high_conf_forward
2361,RASIS,*52,1.8238990394915158,,2359,,3,1.0354853676642601,,1,radius_single_high_conf_forward
2362,C7,*58,8.135628463990619,,2358,,3,4.345985192049757,,1,radius_single_high_conf_forward
2362,LELA,*53,10.976233795825529,,2358,,3,4.0914743622208745,,1,radius_single_high_conf_forward
2362,RMEP,*59,6.746581835020998,1.2000022888937867,2357,2364,3,5.283831735359669,,,radius_bidirectional_rigid
2363,LBHD,*54,4.276205245787107,,2361,,2,0.2613508433277758,,1,radius_single_high_conf_forward
2363,RASIS,*52,1.8348512380737594,,2361,,3,1.174960198778346,,1,radius_single_high_conf_forward
2365,LBHD,*54,4.169450192720543,,2363,,2,0.36004630970444396,,1,radius_single_high_conf_forward
2366,C7,*53,11.762833562961298,,2360,,3,4.50076525691416,,1,radius_single_high_conf_forward
2366,RASIS,*52,2.7134958833731346,,2363,,3,1.432997030092982,,1,radius_single_high_conf_forward
2367,LBHD,*54,3.93140451600662,,2365,,2,0.5475638443235482,,1,radius_single_high_conf_forward
2367,RASIS,*52,0.9497775173017341,,2366,,3,1.4757774186056356,,1,radius_single_high_conf_forward
2368,C7,*53,11.540504486300625,,2362,,3,4.573570063477443,59.23170139585126,2,radius_single_high_conf_forward
2369,RASIS,*52,1.9677581530940527,,2367,,3,1.583689222972917,,1,radius_single_high_conf_forward
2370,LBHD,*53,5.959072451923637,,2367,,2,0.5247944097397692,,1,radius_single_high_conf_forward
2371,C7,*54,9.523532617304124,,2366,,3,4.822363172109381,,1,radius_single_high_conf_forward
2371,LBHD,*53,1.9730617089979876,,2370,,2,0.30298272879767296,58.196082049098315,2,radius_single_high_conf_forward
2371,RASIS,*52,1.8800008058674056,,2369,,3,1.672686766023844,,1,radius_single_high_conf_forward
2373,LBHD,*53,4.000470401999134,,2371,,2,0.3586694563372106,,1,radius_single_high_conf_forward
2373,RASIS,*52,1.9384586643286335,,2371,,3,1.7850726383641984,,1,radius_single_high_conf_forward
2375,LBHD,*54,4.21096831040178,,2373,,2,0.4058333643626497,,1,radius_single_high_conf_forward
2375,RASIS,*52,2.0516524181141054,,2373,,3,1.945889771149685,,1,radius_single_high_conf_forward
2377,LBHD,*54,4.201576965434984,,2375,,2,0.4808680360064841,,1,radius_single_high_conf_forward
2377,LELA,*53,2.248253182531862,,2376,,3,4.862828613837834,,1,radius_single_high_conf_forward
2377,RASIS,*52,2.277222692509336,,2375,,3,2.1148443544815145,,1,radius_single_high_conf_forward
2377,RELA,*58,3.829134273316367,,2375,,3,4.834176833699256,,1,radius_single_high_conf_forward
2379,LBHD,*54,4.495472963865717,,2377,,2,0.46577523860729286,,1,radius_single_high_conf_forward
2380,RASIS,*52,3.98705428395519,,2377,,3,2.404468846213651,,1,radius_single_high_conf_forward
2381,RASIS,*52,1.5167917748232125,,2380,,3,2.602279818638209,,1,radius_single_high_conf_forward
2382,LBHD,*54,7.412400569146367,,2379,,2,0.2619227599908811,,1,radius_single_high_conf_forward
2383,RASIS,*52,3.4012323403988707,,2381,,3,2.874534778488718,,1,radius_single_high_conf_forward
2384,LMEP,*61,7.763838293238267,,2382,,3,1.5183436745510523,,1,radius_single_high_conf_forward
2385,RASIS,*52,3.8898437604436817,,2383,,3,3.1306379746993875,,1,radius_single_high_conf_forward
2386,LMEP,*61,3.2025345854577574,,2384,,3,1.4683904503127156,,1,radius_single_high_conf_forward
2387,RASIS,*52,4.409235111048764,,2385,,3,3.4113147566249418,,1,radius_single_high_conf_forward
2387,RMEP,*59,5.536910614961563,5.745447881370283,2385,2390,3,8.294171112648073,,,radius_bidirectional_rigid
2388,LMEP,*61,3.5121407415752013,,2386,,3,1.6719731640153412,,1,radius_single_high_conf_forward
2389,RASIS,*52,4.9386287112840135,,2387,,3,3.6319210657861447,,1,radius_single_high_conf_forward
2390,LBHD,*54,5.896338295039221,,2388,,2,0.6229979025027887,,1,radius_single_high_conf_forward
2390,LMEP,*61,3.8414832854076892,,2388,,3,1.690645333174577,,1,radius_single_high_conf_forward
2391,RASIS,*52,5.427448697583478,,2389,,3,3.7714995932579334,,1,radius_single_high_conf_forward
2392,LMEP,*61,4.206985095745198,,2390,,3,2.189462423556956,,1,radius_single_high_conf_forward
2393,LBHD,*54,13.203033990738538,,2390,,2,1.106241227250166,,1,radius_single_high_conf_forward
2394,LBHD,*54,4.351122418259626,,2393,,2,1.2210205396981024,59.48306934564708,2,radius_single_high_conf_forward
2394,LMEP,*61,4.813672575632887,,2392,,3,2.772109257846689,,1,radius_single_high_conf_forward
2394,RASIS,*52,9.19427271115711,,2391,,3,3.78600426942999,,1,radius_single_high_conf_forward
2395,RASIS,*52,3.319429202114885,,2394,,3,3.5487207559058525,,1,radius_single_high_conf_forward
2396,LBHD,*54,8.294953786538441,,2394,,2,0.1486665438489041,,1,radius_single_high_conf_forward
2396,LMEP,*61,5.216449351988388,,2394,,3,3.464576625308368,,1,radius_single_high_conf_forward
2397,RASIS,*52,7.076685868955296,,2395,,3,3.8560774203210904,,1,radius_single_high_conf_forward
2397,RMEP,*59,17.530595505415505,10.015486304901094,2389,2401,3,10.91715646177741,,,radius_bidirectional_rigid
2398,LBHD,*54,9.51791005272063,,2396,,2,0.23785753609085702,,1,radius_single_high_conf_forward
2398,LMEP,*61,5.782095845006395,,2396,,3,3.874733059783054,,1,radius_single_high_conf_forward
2399,RASIS,*52,7.6175550846514115,,2397,,3,3.9231155927399946,,1,radius_single_high_conf_forward
2402,LMEP,*61,11.662088584300397,,2398,,3,4.45072178087688,,1,radius_single_high_conf_forward
2402,RASIS,*59,12.471624619948798,,2399,,3,4.3491635657551155,,1,radius_single_high_conf_forward
2402,RMEP,*58,7.837666519694233,14.693489140084976,2399,2407,3,12.501575696064975,,,radius_bidirectional_rigid
2403,LBHD,*52,11.10196107703231,,2401,,2,0.18405943238735745,,1,radius_single_high_conf_forward
2404,RASIS,*54,9.04584553611571,,2402,,3,4.482404962078959,,1,radius_single_high_conf_forward
2405,LBHD,*52,10.97543441544365,,2403,,2,0.4316573616195569,,1,radius_single_high_conf_forward
2410,LBHD,*59,12.949615351264056,,2408,,2,0.5079444766916623,,1,radius_single_high_conf_forward
2414,RMEP,*61,19.636423198399637,6.5928573208228665,2408,2416,3,16.818521825244417,,,radius_bidirectional_rigid
2417,RMEP,*61,6.464836972732248,14.876005486082585,2415,2422,3,17.682050388452613,,,radius_bidirectional_rigid
2426,RMEP,*59,8.505157270111123,15.484120773699686,2423,2432,3,20.12504955574356,,,radius_bidirectional_rigid
2442,RASIS,*58,7.898744444396538,,2441,,3,3.0207418012636253,,1,radius_single_high_conf_forward
2445,RASIS,*58,8.537074221414501,,2443,,3,3.746885190428619,,1,radius_single_high_conf_forward
2451,RASIS,*59,5.097942175464885,,2450,,3,3.3116864904790475,,1,radius_single_high_conf_forward
2453,RASIS,*58,9.728081250684003,,2451,,3,3.1248209031101624,,1,radius_single_high_conf_forward
2459,RASIS,*58,3.4801474817909113,,2458,,3,2.8165946775150132,,1,radius_single_high_conf_forward
2460,RMEP,*61,15.079406135370126,5.595483054935644,2455,2462,2,17.42165095083469,,,radius_bidirectional_rigid
2471,RMEP,*61,2.2657009593098754,6.396053476966793,2469,2477,2,15.357712186913986,,,radius_bidirectional_rigid
2523,LMEP,*54,48.47872080376622,54.84088558102996,2402,2527,3,3.0935883307891507,,,radius_bidirectional_rigid
2528,LMEP,*54,43.02657233757525,43.59881162022535,2525,2531,3,6.95561442225394,,,radius_bidirectional_rigid
2532,LMEP,*54,42.06382743850657,36.28003837824994,2529,2535,3,6.244440537762813,,,radius_bidirectional_rigid
2534,LELA,*53,13.483043919383528,,2532,,2,1.0474208241601701,,1,radius_single_high_conf_forward
2536,LELA,*53,11.539782562376756,,2534,,2,1.425958311498917,,1,radius_single_high_conf_forward
2536,LMEP,*54,34.86614765367718,32.251859203164585,2533,2539,3,4.276790415936991,,,radius_bidirectional_rigid
2538,LELA,*53,10.665463208162585,,2536,,2,1.6452617139350636,,1,radius_single_high_conf_forward
2550,LELA,*53,12.794596958504117,,2548,,3,4.5614004864098705,,1,radius_single_high_conf_forward
2551,LMEP,*56,31.950474416635117,23.044265377196766,2547,2554,3,2.7120290215744,,,radius_bidirectional_rigid
2552,LELA,*53,14.266794195741019,,2550,,3,4.117226013392842,,1,radius_single_high_conf_forward
2555,LMEP,*56,22.77247553805423,20.931770146532404,2552,2558,3,2.043809878405696,,,radius_bidirectional_rigid
2559,LMEP,*56,20.104595855671533,18.935535855164648,2556,2562,3,0.9383712677961995,,,radius_bidirectional_rigid
2563,LMEP,*56,16.66113032495878,13.04774412858672,2560,2566,3,1.4207492035898592,,,radius_bidirectional_rigid
2567,LMEP,*56,11.9480292783478,8.129079659701286,2564,2570,3,2.9822448736458114,,,radius_bidirectional_rigid
2571,LMEP,*56,7.304784534250991,4.403957344128947,2568,2574,3,3.900546953808629,,,radius_bidirectional_rigid
2575,LMEP,*56,3.8925251129618004,3.685954914117828,2572,2578,3,4.552655931729532,,,radius_bidirectional_rigid
2579,LMEP,*56,4.036729769053074,5.5996041552356655,2576,2582,3,4.724339380514451,,,radius_bidirectional_rigid
2583,LMEP,*56,6.392499450026963,9.551461628229307,2580,2586,3,5.99804891756348,,,radius_bidirectional_rigid
2587,LMEP,*56,11.177114451933718,14.024515801469722,2584,2590,3,6.372762120594506,,,radius_bidirectional_rigid
2591,LMEP,*56,14.886530350865806,17.272995090605683,2588,2594,3,5.663229429846363,,,radius_bidirectional_rigid
2595,LMEP,*56,17.693370459999784,19.158748930927295,2592,2598,3,5.064756569158187,,,radius_bidirectional_rigid
2599,LMEP,*56,20.11420431707931,44.00794624687397,2596,2605,3,4.25298775783628,,,radius_bidirectional_rigid
2604,LELA,*63,12.311940684880463,,2603,,3,3.5771184247640755,,1,radius_single_high_conf_forward
2610,LMEP,*66,42.63087195002438,47.32903518790169,2605,2615,3,3.1383986366111762,,,radius_bidirectional_rigid
2612,LMEP,*66,18.53275305473058,50.41873331046063,2610,2617,3,3.4737606950368303,,,radius_bidirectional_rigid
2618,LMEP,*57,50.735361634317556,31.479280789637954,2613,2621,3,3.4764669677206257,,,radius_bidirectional_rigid
2641,LMEP,*54,57.91543175854692,15.456539834805058,2637,2644,2,7.726399921709451,,,radius_bidirectional_rigid
2643,LMEP,*54,10.314200955839123,,2641,,2,3.375199359685439,,1,radius_single_high_conf_forward
2648,LELA,*55,,8.572784979995822,,2649,3,1.0431140966746237,,1,radius_single_high_conf_backward
2649,LELA,*55,,8.232802141588584,,2650,3,1.0543635818702672,,1,radius_single_high_conf_backward
2654,LELA,*55,,13.047000981053849,,2656,3,1.0168579489393796,,1,radius_single_high_conf_backward
2656,LELA,*55,,14.060426897384103,,2658,3,1.2750263060115448,,1,radius_single_high_conf_backward
2658,LELA,*55,,12.398606383371412,,2660,3,1.5468066637332356,,1,radius_single_high_conf_backward
2660,LELA,*55,,12.287239106652642,,2662,3,1.6737058321580018,,1,radius_single_high_conf_backward
2662,LELA,*55,,6.014594731104254,,2663,3,1.8503854799466712,,1,radius_single_high_conf_backward
2663,RSHO,*65,,11.646926352926993,,2666,2,3.248079107261134,,1,radius_single_high_conf_backward
2665,RSHO,*65,12.717171535260832,,2662,,2,3.1022895221670836,,1,radius_single_high_conf_forward
2666,LELA,*55,,11.59699845062646,,2668,3,2.3851955011228987,,1,radius_single_high_conf_backward
2667,RSHO,*65,,7.569783272236014,,2670,2,2.9388841818410327,,1,radius_single_high_conf_backward
2668,LELA,*55,,11.177567033191618,,2670,3,2.1024651758544954,,1,radius_single_high_conf_backward
2669,RSHO,*65,8.465609881754057,,2666,,2,2.753282800960676,,1,radius_single_high_conf_forward
2670,LELA,*55,,11.233467209297551,,2672,3,1.8753581293136012,,1,radius_single_high_conf_backward
2671,RSHO,*65,,6.122032451406078,,2674,2,2.6094501738975566,,1,radius_single_high_conf_backward
2672,LELA,*55,,11.12543935942886,,2674,3,1.7995135229495816,,1,radius_single_high_conf_backward
2673,RSHO,*65,6.140842664494196,,2670,,2,2.79051755390428,,1,radius_single_high_conf_forward
2674,LELA,*55,,11.154466532481269,,2676,3,1.803357117792051,,1,radius_single_high_conf_backward
2675,RSHO,*65,,8.268006166795017,,2678,2,2.964027868980736,,1,radius_single_high_conf_backward
2676,LELA,*55,,11.403227315776931,,2678,3,1.7448103990582713,,1,radius_single_high_conf_backward
2677,RSHO,*65,7.9189120081711515,,2674,,2,4.721534939611274,,1,radius_single_high_conf_forward
2678,LELA,*55,,11.545052968263718,,2680,3,1.5342787316033508,,1,radius_single_high_conf_backward
2680,LELA,*55,,11.865242323696158,,2682,3,1.197148167464486,,1,radius_single_high_conf_backward
2682,LELA,*55,,11.077555172044562,,2684,3,1.1717856744911046,,1,radius_single_high_conf_backward
2684,LELA,*55,,10.381718337693988,,2686,3,1.7324614607029172,,1,radius_single_high_conf_backward
2686,LELA,*55,,9.75149920042632,,2688,3,2.252427418076683,,1,radius_single_high_conf_backward
2688,LELA,*55,,8.874087115798991,,2690,3,2.657632414688313,,1,radius_single_high_conf_backward
2690,LELA,*55,,8.037831743082457,,2692,3,3.023356000245125,,1,radius_single_high_conf_backward
2692,LELA,*55,,7.241428264011266,,2694,3,3.2946064858357196,,1,radius_single_high_conf_backward
2694,LELA,*55,,6.53931509036625,,2696,3,3.5040737060781786,,1,radius_single_high_conf_backward
2696,LELA,*55,,5.970345632603711,,2698,3,3.6566914481036954,,1,radius_single_high_conf_backward
2698,LELA,*55,,5.458969891606568,,2700,3,3.7814564597269347,,1,radius_single_high_conf_backward
2700,LELA,*55,,5.081681672083029,,2702,3,3.8696793043154876,,1,radius_single_high_conf_backward
2702,LELA,*55,,4.759548533818452,,2704,3,3.947863791208178,,1,radius_single_high_conf_backward
2704,LELA,*55,,4.475601098903494,,2706,3,4.017820220422422,,1,radius_single_high_conf_backward
2706,LELA,*55,,4.321557158111802,,2708,3,4.066230584169858,,1,radius_single_high_conf_backward
2708,LELA,*55,,4.33251082771366,,2710,3,4.104145058312525,,1,radius_single_high_conf_backward
2710,LELA,*55,,4.460984559758748,,2712,3,4.15955549435229,,1,radius_single_high_conf_backward
2712,LELA,*55,,4.730359280767252,,2714,3,4.187749064027689,,1,radius_single_high_conf_backward
2714,LELA,*55,,5.049761507686623,,2716,3,4.17453521531542,,1,radius_single_high_conf_backward
2716,LELA,*55,,5.130190729863,,2718,3,4.086291446083716,,1,radius_single_high_conf_backward
2718,LELA,*55,,6.5645643953946395,,2720,3,3.867838000165662,,1,radius_single_high_conf_backward
2720,LELA,*55,,6.250692796773386,,2722,3,3.9047902172846185,,1,radius_single_high_conf_backward
2722,LELA,*55,,6.648517305745318,,2724,3,3.6619020590848614,,1,radius_single_high_conf_backward
2724,LELA,*55,,7.032383459328387,,2726,3,3.4311060246677556,,1,radius_single_high_conf_backward
2726,LELA,*55,,7.383918085287182,,2728,3,3.190382934466778,,1,radius_single_high_conf_backward
2728,LELA,*55,,7.739886017402687,,2730,3,2.957582253083828,,1,radius_single_high_conf_backward
2730,LELA,*55,,8.089324897694071,,2732,3,2.708436582852362,,1,radius_single_high_conf_backward
2732,LELA,*55,,8.425695173987126,,2734,3,2.4501875687643397,,1,radius_single_high_conf_backward
2734,LELA,*55,,8.7068617903938,,2736,3,2.152761915345811,,1,radius_single_high_conf_backward
2736,LELA,*55,,8.479738334264752,,2738,3,1.8759973245186075,,1,radius_single_high_conf_backward
2738,LELA,*55,,9.625333873545792,,2740,3,1.5211815257135346,,1,radius_single_high_conf_backward
2740,LELA,*55,,9.172151511222346,,2742,3,1.343275034976254,,1,radius_single_high_conf_backward
2742,LELA,*55,,9.173262449404955,,2744,3,1.187104931658259,,1,radius_single_high_conf_backward
2744,LELA,*55,,9.140356383136405,,2746,3,1.0579649585167061,,1,radius_single_high_conf_backward
2746,LELA,*55,,8.921121753388439,,2748,3,0.9337601661252203,,1,radius_single_high_conf_backward
2748,LELA,*55,,8.676150883081213,,2750,3,0.8220268766032414,,1,radius_single_high_conf_backward
2750,LELA,*55,,9.078681161598308,,2752,3,0.7196187720021309,,1,radius_single_high_conf_backward
2752,LELA,*55,,7.27967320538487,,2754,3,0.5269096963819114,,1,radius_single_high_conf_backward
2754,LELA,*55,,7.578189827454919,,2756,3,0.5324010865036067,,1,radius_single_high_conf_backward
2756,LELA,*55,,7.107686751795364,,2758,3,0.538106745879413,,1,radius_single_high_conf_backward
2758,LELA,*55,,7.61225142004573,,2760,3,0.5610677753883332,,1,radius_single_high_conf_backward
2760,LELA,*52,,6.4289694391048995,,2762,3,0.5392624609106585,,1,radius_single_high_conf_backward
2762,LELA,*52,,4.663004767225728,,2764,3,0.5735900139327773,,1,radius_single_high_conf_backward
2762,RASIS,*55,,2.0735516544041963,,2764,3,0.2039447355171736,,1,radius_single_high_conf_backward
2764,LELA,*52,,5.346745903267024,,2766,3,0.536363260328315,,1,radius_single_high_conf_backward
2764,RASIS,*55,,3.794957717162043,,2766,3,1.7804034957072759,,1,radius_single_high_conf_backward
2766,LELA,*52,,4.996308619984087,,2768,3,0.49616846779992824,,1,radius_single_high_conf_backward
2766,RASIS,*55,,3.6915822227165287,,2768,3,1.7440091065209817,,1,radius_single_high_conf_backward
2768,LELA,*52,,5.366975099634335,,2770,3,0.512981487815433,,1,radius_single_high_conf_backward
2768,RASIS,*55,,3.5564770892220925,,2770,3,1.7191332599512634,,1,radius_single_high_conf_backward
2770,LELA,*52,,4.247492451607227,,2772,3,0.614546733158619,,1,radius_single_high_conf_backward
2770,RASIS,*55,,3.548814011505641,,2772,3,1.8014473726772071,,1,radius_single_high_conf_backward
2772,LELA,*52,,4.049495671893845,,2774,3,0.6328038730602827,,1,radius_single_high_conf_backward
2772,RASIS,*55,,3.4637235573946272,,2774,3,1.762788653126241,,1,radius_single_high_conf_backward
2774,LELA,*52,,3.82041818391171,,2776,3,0.6502650914423782,,1,radius_single_high_conf_backward
2774,RASIS,*55,,3.3202099095651803,,2776,3,1.7627828483305639,,1,radius_single_high_conf_backward
2776,LELA,*52,,3.629361228323057,,2778,3,0.6629823977732533,,1,radius_single_high_conf_backward
2776,RASIS,*55,,3.2392113919932126,,2778,3,1.8177412156231487,,1,radius_single_high_conf_backward
2778,LELA,*52,,3.5086703844435267,,2780,3,0.6610974855079613,,1,radius_single_high_conf_backward
2778,RASIS,*55,,3.1188528548719137,,2780,3,1.9107522640126622,,1,radius_single_high_conf_backward
2780,LELA,*52,,3.4374994738535043,,2782,3,0.6689581378239353,,1,radius_single_high_conf_backward
2780,RASIS,*55,,3.078667393595664,,2782,3,1.9454361454193834,,1,radius_single_high_conf_backward
2782,LELA,*52,,3.398021636516811,,2784,3,0.7036780213743251,,1,radius_single_high_conf_backward
2782,RASIS,*55,,2.9821930768223996,,2784,3,1.954613672572691,,1,radius_single_high_conf_backward
2784,LELA,*52,,5.152638572980431,,2787,3,0.7436066421459865,,1,radius_single_high_conf_backward
2784,RASIS,*55,,3.2238858926831306,,2786,3,1.944156584940875,,1,radius_single_high_conf_backward
2785,LELA,*52,,3.5490148806939845,,2787,3,0.7554365227291177,,1,radius_single_high_conf_backward
2786,LMEP,*57,5.270756668176353,4.358756465772245,2781,2790,3,5.022613431756146,,,radius_bidirectional_rigid
2786,RASIS,*55,,14.963410462366642,,2788,3,2.3808307965544486,,1,radius_single_high_conf_backward
2787,LELA,*52,,2.1658585246775583,,2788,3,0.7524077757664287,,1,radius_single_high_conf_backward
2788,LELA,*52,,9.171322723288881,,2793,3,0.8632742571381063,,1,radius_single_high_conf_backward
2788,LMEP,*57,4.311480695830162,19.562507744436626,2784,2795,3,9.525991089363648,,,radius_bidirectional_rigid
2788,RASIS,*55,,2.528503465218527,,2790,3,3.8518843321200222,,1,radius_single_high_conf_backward
2789,LELA,*52,,14.692000570678104,,2797,3,0.9422731913259289,,1,radius_single_high_conf_backward
2790,RASIS,*55,,2.729576428398064,,2792,3,3.6997886978712224,,1,radius_single_high_conf_backward
2792,RASIS,*55,,2.518384875237523,,2794,3,3.8474989804363227,,1,radius_single_high_conf_backward
2793,LELA,*52,,12.878503427664887,,2800,3,0.8519928494615575,,1,radius_single_high_conf_backward
2794,RASIS,*55,,2.434918044750171,,2796,3,3.7859146036637696,,1,radius_single_high_conf_backward
2796,RASIS,*55,,10.424085211672656,,2798,3,3.780507740292933,,1,radius_single_high_conf_backward
2797,LELA,*57,,5.561066800830574,,2800,3,0.9049093381630277,,1,radius_single_high_conf_backward
2798,RASIS,*55,,2.2160382236460765,,2800,3,2.3680584886395573,,1,radius_single_high_conf_backward
2800,LELA,*60,,9.561951342009653,,2805,3,0.9446152560882505,,1,radius_single_high_conf_backward
2800,RASIS,*55,,14.455880966043857,,2802,3,2.2804621707396486,,1,radius_single_high_conf_backward
2802,RASIS,*55,,2.162399608495078,,2804,3,4.030312794021104,,1,radius_single_high_conf_backward
2804,RASIS,*55,,1.9285921270408246,,2806,3,4.069754527673287,,1,radius_single_high_conf_backward
2805,LELA,*58,,1.7894955000724209,,2806,3,0.8888492324112605,,1,radius_single_high_conf_backward
2806,LELA,*58,,1.9116150723163972,,2807,3,0.8989341993925043,,1,radius_single_high_conf_backward
2806,RASIS,*55,,2.349819005588925,,2808,3,3.984154049514302,,1,radius_single_high_conf_backward
2807,LELA,*58,,1.7680829502228217,,2808,3,0.9016252998170226,,1,radius_single_high_conf_backward
2808,LELA,*58,,12.511112849667452,,2814,3,0.9179905672528624,,1,radius_single_high_conf_backward
2808,RASIS,*55,,11.56888952133159,,2810,3,3.5986399354789094,,1,radius_single_high_conf_backward
2810,RASIS,*55,,1.7748215359345612,,2812,3,1.9806903701836234,,1,radius_single_high_conf_backward
2812,RASIS,*55,,1.645360144333912,,2814,3,1.9602420818400788,,1,radius_single_high_conf_backward
2814,LELA,*60,,7.371858159485554,,2818,3,0.9699125394290841,,1,radius_single_high_conf_backward
2814,RASIS,*55,,1.5408706476726572,,2816,3,2.02690476555649,,1,radius_single_high_conf_backward
2816,RASIS,*55,,1.517801209651625,,2818,3,1.946103698606862,,1,radius_single_high_conf_backward
2818,LELA,*59,,8.50631611908351,,2823,3,1.1183566359945967,,1,radius_single_high_conf_backward
2818,RASIS,*55,,2.8920655450391073,,2820,3,2.018116955349664,,1,radius_single_high_conf_backward
2820,RASIS,*55,,1.347395473971268,,2822,3,0.6300819071768539,,1,radius_single_high_conf_backward
2822,RASIS,*55,,1.6804063545803314,,2824,3,0.7479858105525636,,1,radius_single_high_conf_backward
2823,LELA,*59,,7.352182157533043,,2828,3,1.2857122437810393,,1,radius_single_high_conf_backward
2824,RASIS,*55,,2.6398055890458925,,2826,3,1.9542251877218366,,1,radius_single_high_conf_backward
2826,RASIS,*55,,0.845879257930901,,2828,3,1.2572215639213862,,1,radius_single_high_conf_backward
2828,LELA,*54,,2.5725781512287225,,2830,3,1.3613558869693871,,1,radius_single_high_conf_backward
2828,RASIS,*55,,2.647612724093902,,2832,3,1.5907339380020933,,1,radius_single_high_conf_backward
2829,RASIS,*55,,0.41267349432145883,,2830,3,1.7969590784757752,,1,radius_single_high_conf_backward
2830,LELA,*54,,1.2227683168306533,,2831,3,1.3654173587708744,,1,radius_single_high_conf_backward
2830,RASIS,*55,,1.9921451644491117,,2832,3,1.8653197193924693,,1,radius_single_high_conf_backward
2831,LELA,*54,,10.634597580127634,,2842,3,1.4051786210487667,,1,radius_single_high_conf_backward
2832,RASIS,*55,,2.8549825929559933,,2833,3,2.3648177104243664,,1,radius_single_high_conf_backward
2833,RASIS,*55,,1.8156179928218639,,2839,3,1.0542124859505673,,1,radius_single_high_conf_backward
2839,RASIS,*54,,0.2784978376745341,,2840,3,1.311818271850522,,1,radius_single_high_conf_backward
2840,RASIS,*54,,0.2920077649278383,,2841,3,1.343688468646197,,1,radius_single_high_conf_backward
2841,RASIS,*54,,2.151951165199686,,2848,3,1.3789186887564047,,1,radius_single_high_conf_backward
2848,RASIS,*55,,0.312689860697445,,2849,3,1.6386914910901378,,1,radius_single_high_conf_backward
2849,RASIS,*55,,6.453716326972891,,2853,3,1.6546049533900014,,1,radius_single_high_conf_backward
