direction,frame,marker,raw,anchor_frame,distance,second_distance,candidate_count,support,mean_error,search_offset,details,reason
forward,2318,LBHD,*56,2315,56.210550229221035,,1,2,24.801959352409924,1,RFHD:228.8/209.4/err19.3;LFHD:200.5/170.3/err30.3,forward_only
forward,2321,LBHD,*53,2317,6.70449307764783,,1,2,24.259978270134397,2,RFHD:228.2/209.4/err18.8;LFHD:200.0/170.3/err29.7,forward_only
forward,2323,LBHD,*53,2320,4.568561847924641,58.665318955472955,2,2,23.805750224053995,3,RFHD:227.7/209.4/err18.2;LFHD:199.6/170.3/err29.4,forward_only
forward,2326,LBHD,*53,2322,7.005199818475977,59.07129257348731,2,2,23.593774856258875,2,RFHD:227.6/209.4/err18.1;LFHD:199.3/170.3/err29.1,forward_only
forward,2328,LBHD,*53,2325,4.705296526096088,58.08988958574132,2,2,23.340062660345893,1,RFHD:227.3/209.4/err17.9;LFHD:199.1/170.3/err28.8,forward_only
forward,2330,LBHD,*53,2327,4.705473848758464,57.41008669620004,2,2,23.050711562778645,1,RFHD:227.0/209.4/err17.6;LFHD:198.8/170.3/err28.5,forward_only
forward,2332,LBHD,*53,2329,4.797905202449674,,1,2,22.868671385335645,1,RFHD:226.8/209.4/err17.3;LFHD:198.7/170.3/err28.4,forward_only
forward,2333,C7,*53,2326,15.2413630060903,,1,3,4.248960627711123,5,CLAV:142.0/143.8/err1.8;STRN:279.4/282.9/err3.6;T10:205.1/212.4/err7.3,forward_only
forward,2334,LBHD,*56,2331,57.3459514556627,,1,2,0.4527445438244797,1,RFHD:209.8/209.4/err0.4;LFHD:170.8/170.3/err0.5,forward_only
forward,2338,LBHD,*53,2335,57.762105386998115,,1,2,22.866147879214367,1,RFHD:226.2/209.4/err16.8;LFHD:199.2/170.3/err28.9,forward_only
forward,2340,C7,*53,2336,50.61322401776898,57.0095808198755,2,3,9.662369145705242,5,CLAV:133.7/143.8/err10.1;STRN:266.9/282.9/err16.0;T10:209.6/212.4/err2.9,forward_only
forward,2341,LBHD,*56,2337,6.72117533406457,58.939357304465936,2,2,21.038348243256834,2,RFHD:224.8/209.4/err15.4;LFHD:196.9/170.3/err26.7,forward_only
forward,2343,LBHD,*58,2340,55.83637822803087,,1,2,0.5523974647441605,1,RFHD:209.9/209.4/err0.5;LFHD:170.9/170.3/err0.6,forward_only
forward,2345,C7,*53,2339,34.491783128325096,,1,3,3.614102640333016,4,CLAV:145.7/143.8/err1.9;STRN:281.4/282.9/err1.5;T10:205.0/212.4/err7.4,forward_only
forward,2347,LBHD,*53,2344,51.66473093311391,,1,2,19.757936225938522,1,RFHD:224.1/209.4/err14.7;LFHD:195.1/170.3/err24.9,forward_only
forward,2349,LBHD,*53,2346,5.220742292307201,53.98324649048053,2,2,20.393042522501332,1,RFHD:224.2/209.4/err14.7;LFHD:196.3/170.3/err26.1,forward_only
forward,2351,LBHD,*53,2348,4.625360446251914,,1,2,20.690182781234327,1,RFHD:224.6/209.4/err15.2;LFHD:196.5/170.3/err26.2,forward_only
forward,2353,LBHD,*58,2350,56.19760139504761,,1,2,0.43083021185489656,1,RFHD:209.7/209.4/err0.2;LFHD:170.9/170.3/err0.6,forward_only
forward,2354,C7,*59,2347,15.073955544001143,,1,3,4.321121087293913,5,CLAV:143.0/143.8/err0.8;STRN:278.6/282.9/err4.4;T10:204.6/212.4/err7.8,forward_only
forward,2363,RMEP,*59,2361,0.6246938516285924,,1,3,5.319976544098452,4,RTROC:417.8/423.8/err5.9;RTH:285.7/291.7/err6.0;RLEP:127.2/131.3/err4.0,forward_only
forward,2365,RMEP,*59,2362,1.1719298322088396,,1,3,5.378165442919614,1,RTROC:417.6/423.8/err6.2;RTH:285.6/291.7/err6.1;RLEP:127.5/131.3/err3.8,forward_only
forward,2367,RMEP,*59,2364,1.1412323386454188,,1,3,5.520988632137971,1,RTROC:417.2/423.8/err6.5;RTH:285.4/291.7/err6.4;RLEP:127.6/131.3/err3.7,forward_only
forward,2369,RMEP,*59,2366,0.833419888084903,,1,3,5.420540850783226,1,RTROC:417.1/423.8/err6.7;RTH:285.3/291.7/err6.4;RLEP:128.1/131.3/err3.2,forward_only
forward,2371,RMEP,*59,2368,1.4362404273526914,,1,3,5.686134733358348,1,RTROC:416.8/423.8/err7.0;RTH:285.0/291.7/err6.8;RLEP:127.9/131.3/err3.3,forward_only
forward,2373,RMEP,*59,2370,1.615986760660624,,1,3,5.967334042649426,1,RTROC:416.5/423.8/err7.2;RTH:284.6/291.7/err7.1;RLEP:127.7/131.3/err3.6,forward_only
forward,2375,LELA,*53,2361,40.67292469428368,,1,3,4.525228561974946,5,LSHO:327.5/335.1/err7.6;LUP:187.1/187.6/err0.5;LELB:90.2/84.8/err5.4,forward_only
forward,2375,RMEP,*59,2372,1.8494894448041919,,1,3,6.331891147671897,1,RTROC:416.4/423.8/err7.4;RTH:283.9/291.7/err7.8;RLEP:127.5/131.3/err3.8,forward_only
forward,2376,LELA,*53,2374,4.503272447982308,,1,3,5.796584274271258,5,LSHO:325.7/335.1/err9.4;LUP:185.6/187.6/err2.0;LELB:90.8/84.8/err6.0,forward_only
forward,2377,RMEP,*59,2374,2.0878186487811203,,1,3,6.455985187367446,1,RTROC:416.2/423.8/err7.6;RTH:283.9/291.7/err7.9;RLEP:127.4/131.3/err3.9,forward_only
forward,2378,LELA,*53,2376,4.7623566492820215,,1,3,6.34051392297089,5,LSHO:324.7/335.1/err10.5;LUP:184.9/187.6/err2.7;LELB:90.6/84.8/err5.9,forward_only
forward,2379,LELA,*53,2377,2.942908817047582,,1,3,6.60561997669402,5,LSHO:324.2/335.1/err10.9;LUP:184.5/187.6/err3.0;LELB:90.7/84.8/err5.9,forward_only
forward,2379,RELA,*58,2376,3.343826278348191,,1,3,5.236366068727231,1,RSHO:325.4/334.9/err9.5;RUP:181.5/179.9/err1.6;RELB:91.0/86.4/err4.6,forward_only
forward,2379,RMEP,*59,2376,2.261633102371604,,1,3,6.694192687686619,1,RTROC:415.9/423.8/err7.8;RTH:283.5/291.7/err8.2;RLEP:127.2/131.3/err4.1,forward_only
forward,2380,C7,*61,2370,19.128835808670228,53.13341265142523,2,3,5.808981749421709,5,CLAV:143.7/143.8/err0.1;STRN:276.4/282.9/err6.5;T10:201.6/212.4/err10.8,forward_only
forward,2381,C7,*61,2379,2.382098015041991,,1,3,5.789985151438041,5,CLAV:143.7/143.8/err0.1;STRN:276.5/282.9/err6.5;T10:201.6/212.4/err10.8,forward_only
forward,2381,LELA,*53,2378,4.3914873297265515,,1,3,5.879960044026272,1,LSHO:325.2/335.1/err10.0;LUP:185.6/187.6/err2.0;LELB:90.5/84.8/err5.7,forward_only
forward,2381,RELA,*58,2378,3.402548682115639,,1,3,5.399201471372582,1,RSHO:325.2/334.9/err9.7;RUP:181.7/179.9/err1.8;RELB:91.2/86.4/err4.8,forward_only
forward,2381,RMEP,*59,2378,2.768664938970134,,1,3,6.947922366705266,1,RTROC:415.6/423.8/err8.2;RTH:283.1/291.7/err8.6;RLEP:127.2/131.3/err4.1,forward_only
forward,2383,LBHD,*58,2381,59.03958954916144,,1,2,21.335552380543135,2,RFHD:225.8/209.4/err16.3;LFHD:196.6/170.3/err26.3,forward_only
forward,2383,LELA,*53,2380,5.28812429849196,,1,3,6.2626720607989155,1,LSHO:324.6/335.1/err10.6;LUP:185.2/187.6/err2.3;LELB:90.6/84.8/err5.8,forward_only
forward,2383,RMEP,*59,2380,2.638674558310623,,1,3,7.39493309129854,1,RTROC:415.2/423.8/err8.6;RTH:282.5/291.7/err9.2;RLEP:126.9/131.3/err4.4,forward_only
forward,2385,LELA,*53,2382,4.277113915391243,,1,3,6.060488385235819,1,LSHO:324.7/335.1/err10.4;LUP:185.6/187.6/err1.9;LELB:90.6/84.8/err5.8,forward_only
forward,2385,RMEP,*59,2382,3.1239985223237494,,1,3,7.826661457150536,1,RTROC:414.8/423.8/err9.0;RTH:282.0/291.7/err9.7;RLEP:126.5/131.3/err4.8,forward_only
forward,2386,LBHD,*58,2382,8.68887316095923,52.52152366948313,2,2,21.33312293636601,2,RFHD:225.8/209.4/err16.3;LFHD:196.6/170.3/err26.3,forward_only
forward,2387,LELA,*53,2384,4.5512520183344565,,1,3,6.3581534700356785,1,LSHO:324.1/335.1/err11.1;LUP:185.3/187.6/err2.3;LELB:90.5/84.8/err5.7,forward_only
forward,2388,LBHD,*54,2385,53.35144405948021,,1,2,1.271655637066786,1,RFHD:210.7/209.4/err1.3;LFHD:171.5/170.3/err1.2,forward_only
forward,2389,LELA,*53,2386,4.098991249418139,,1,3,6.672804195929795,1,LSHO:323.3/335.1/err11.8;LUP:184.8/187.6/err2.8;LELB:90.2/84.8/err5.4,forward_only
forward,2390,C7,*58,2380,27.372098067270002,,1,3,7.677784968974369,5,CLAV:144.7/143.8/err0.9;STRN:275.7/282.9/err7.2;T10:197.5/212.4/err14.9,forward_only
forward,2391,LELA,*53,2388,4.061378383889612,,1,3,6.823168718548999,1,LSHO:322.9/335.1/err12.2;LUP:184.8/187.6/err2.8;LELB:90.2/84.8/err5.4,forward_only
forward,2392,C7,*58,2389,7.5475409995778975,,1,3,8.054154710864518,5,CLAV:144.9/143.8/err1.1;STRN:275.7/282.9/err7.3;T10:196.6/212.4/err15.8,forward_only
forward,2393,LELA,*53,2390,4.0458118763005215,,1,3,6.91978072931046,1,LSHO:322.6/335.1/err12.5;LUP:184.8/187.6/err2.8;LELB:90.2/84.8/err5.4,forward_only
forward,2394,C7,*58,2391,8.088481936041816,,1,3,8.395830106550903,5,CLAV:145.1/143.8/err1.3;STRN:275.6/282.9/err7.3;T10:195.9/212.4/err16.5,forward_only
forward,2395,LELA,*53,2392,4.149141607499374,,1,3,7.059560002298421,1,LSHO:322.3/335.1/err12.8;LUP:184.7/187.6/err2.9;LELB:90.3/84.8/err5.5,forward_only
forward,2397,C7,*58,2391,21.326391809579093,46.23478345434575,2,3,8.947753336526896,4,CLAV:145.6/143.8/err1.8;STRN:275.5/282.9/err7.5;T10:194.9/212.4/err17.5,forward_only
forward,2397,LELA,*53,2394,4.5914553393968465,,1,3,7.056322486358013,1,LSHO:322.1/335.1/err13.0;LUP:184.8/187.6/err2.8;LELB:90.1/84.8/err5.3,forward_only
forward,2399,LELA,*53,2396,5.187980025789761,,1,3,7.0426810546299805,1,LSHO:322.0/335.1/err13.1;LUP:185.0/187.6/err2.6;LELB:90.1/84.8/err5.4,forward_only
forward,2401,C7,*54,2393,32.75924373100237,,1,3,9.448018359259075,5,CLAV:145.9/143.8/err2.1;STRN:275.5/282.9/err7.4;T10:193.6/212.4/err18.8,forward_only
forward,2401,LBHD,*52,2397,15.356057392437885,,1,2,0.14955807312733782,2,RFHD:209.7/209.4/err0.2;LFHD:170.3/170.3/err0.1,forward_only
forward,2401,LELA,*53,2398,5.5813810005311275,,1,3,7.133648791266452,1,LSHO:321.7/335.1/err13.4;LUP:185.0/187.6/err2.6;LELB:90.1/84.8/err5.3,forward_only
forward,2402,C7,*54,2396,24.771910367439283,44.793365839303235,2,3,9.59948657737248,4,CLAV:146.0/143.8/err2.2;STRN:275.5/282.9/err7.4;T10:193.2/212.4/err19.2,forward_only
forward,2403,C7,*62,2401,48.26801310874126,,1,3,10.630915657418635,4,CLAV:134.8/143.8/err9.0;STRN:264.2/282.9/err18.8;T10:208.2/212.4/err4.2,forward_only
forward,2403,LELA,*53,2400,6.298235525081625,,1,3,7.207211576679025,1,LSHO:321.5/335.1/err13.7;LUP:184.9/187.6/err2.7;LELB:90.1/84.8/err5.3,forward_only
forward,2404,C7,*62,2402,5.530531706131204,,1,3,10.672864113579664,4,CLAV:135.0/143.8/err8.7;STRN:264.3/282.9/err18.7;T10:207.8/212.4/err4.6,forward_only
forward,2405,LELA,*53,2402,7.097390128478212,,1,3,7.269229857537638,1,LSHO:321.3/335.1/err13.8;LUP:185.0/187.6/err2.6;LELB:90.1/84.8/err5.4,forward_only
forward,2406,C7,*54,2403,12.240821910265772,,1,3,13.098408204386155,1,CLAV:129.5/143.8/err14.3;STRN:263.5/282.9/err19.5;T10:206.9/212.4/err5.5,forward_only
forward,2407,LELA,*53,2404,8.02734784830411,,1,3,7.4692665410194365,1,LSHO:320.9/335.1/err14.3;LUP:184.7/187.6/err2.9;LELB:90.0/84.8/err5.2,forward_only
forward,2408,C7,*52,2405,10.165237055520134,,1,3,12.102455436794543,1,CLAV:130.5/143.8/err13.2;STRN:265.2/282.9/err17.7;T10:207.1/212.4/err5.3,forward_only
forward,2408,LBHD,*61,2404,18.07861083351366,,1,2,0.7004745570157951,2,RFHD:208.8/209.4/err0.6;LFHD:169.5/170.3/err0.8,forward_only
forward,2408,RASIS,*54,2401,28.9005734888614,,1,3,4.84254929094152,5,LASIS:257.2/262.3/err5.2;RPSIS:164.3/167.0/err2.8;LPSIS:235.6/242.2/err6.6,forward_only
forward,2409,LELA,*53,2406,8.6047859198583,,1,3,7.596898048646366,1,LSHO:320.6/335.1/err14.5;LUP:184.4/187.6/err3.1;LELB:89.9/84.8/err5.1,forward_only
forward,2409,RASIS,*54,2403,25.151700084414628,,1,3,5.011321143336119,4,LASIS:257.1/262.3/err5.2;RPSIS:164.1/167.0/err3.0;LPSIS:235.4/242.2/err6.8,forward_only
forward,2410,RASIS,*54,2408,5.4056903172655595,,1,3,5.091878703499996,4,LASIS:257.1/262.3/err5.3;RPSIS:163.9/167.0/err3.1;LPSIS:235.3/242.2/err6.9,forward_only
forward,2411,C7,*52,2407,23.109674304745113,,1,3,13.063918289276046,2,CLAV:130.3/143.8/err13.5;STRN:262.8/282.9/err20.1;T10:206.8/212.4/err5.6,forward_only
forward,2411,LELA,*53,2408,10.03641305316727,,1,3,7.532652709419987,1,LSHO:320.8/335.1/err14.4;LUP:184.7/187.6/err2.9;LELB:90.1/84.8/err5.4,forward_only
forward,2411,RASIS,*54,2409,5.483169367787472,,1,3,5.1864434789452405,4,LASIS:257.0/262.3/err5.3;RPSIS:163.8/167.0/err3.2;LPSIS:235.2/242.2/err7.0,forward_only
forward,2411,RMEP,*61,2403,21.682519867658915,,1,3,15.794020774369741,5,RTROC:402.8/423.8/err20.9;RTH:273.5/291.7/err18.2;RLEP:123.1/131.3/err8.2,forward_only
forward,2413,C7,*52,2410,41.84223648114053,,1,3,10.83089343539632,3,CLAV:146.8/143.8/err3.0;STRN:275.5/282.9/err7.5;T10:190.4/212.4/err22.1,forward_only
forward,2413,LELA,*53,2410,10.045865759430672,,1,3,7.714695697783047,1,LSHO:320.4/335.1/err14.7;LUP:184.3/187.6/err3.3;LELB:89.9/84.8/err5.1,forward_only
forward,2413,RASIS,*54,2410,11.270814262002235,,1,3,5.3102676074494,1,LASIS:257.0/262.3/err5.4;RPSIS:163.6/167.0/err3.4;LPSIS:235.1/242.2/err7.1,forward_only
forward,2414,C7,*52,2410,40.7168456805245,,1,3,10.884969210469981,2,CLAV:146.9/143.8/err3.1;STRN:275.5/282.9/err7.4;T10:190.2/212.4/err22.2,forward_only
forward,2415,LELA,*53,2412,11.318980577123753,,1,3,7.72316444572471,1,LSHO:320.4/335.1/err14.8;LUP:184.4/187.6/err3.2;LELB:89.9/84.8/err5.2,forward_only
forward,2415,RMEP,*61,2413,3.315495733669297,,1,3,17.11598543942648,5,RTROC:400.4/423.8/err23.4;RTH:272.0/291.7/err19.8;RLEP:123.1/131.3/err8.2,forward_only
forward,2416,RASIS,*52,2412,17.310767660144737,,1,3,5.322475347460028,2,LASIS:257.0/262.3/err5.3;RPSIS:163.4/167.0/err3.6;LPSIS:235.2/242.2/err7.0,forward_only
forward,2417,LELA,*53,2414,12.141190871967463,,1,3,7.656727460762393,1,LSHO:320.4/335.1/err14.8;LUP:184.4/187.6/err3.2;LELB:89.8/84.8/err5.0,forward_only
forward,2417,RASIS,*52,2415,5.865440987537379,,1,3,5.3519141604289855,2,LASIS:257.0/262.3/err5.3;RPSIS:163.4/167.0/err3.6;LPSIS:235.1/242.2/err7.1,forward_only
forward,2419,LELA,*53,2416,12.885863401645823,,1,3,7.637123163594235,1,LSHO:320.4/335.1/err14.8;LUP:184.5/187.6/err3.1;LELB:89.9/84.8/err5.1,forward_only
forward,2419,RASIS,*52,2416,11.898829936966974,,1,3,5.351024124703287,1,LASIS:257.1/262.3/err5.3;RPSIS:163.4/167.0/err3.7;LPSIS:235.1/242.2/err7.1,forward_only
forward,2420,C7,*54,2413,43.15978051907937,,1,3,10.968671732610593,5,CLAV:147.1/143.8/err3.3;STRN:275.7/282.9/err7.2;T10:190.0/212.4/err22.4,forward_only
forward,2421,LELA,*53,2418,13.755536925071947,,1,3,7.626318507591013,1,LSHO:320.5/335.1/err14.7;LUP:184.7/187.6/err2.9;LELB:90.1/84.8/err5.3,forward_only
forward,2421,RMEP,*59,2417,8.869920030809473,,1,3,18.983994491194878,2,RTROC:397.2/423.8/err26.5;RTH:269.2/291.7/err22.5;RLEP:123.4/131.3/err7.9,forward_only
forward,2423,C7,*52,2419,22.612002763733134,,1,3,10.944708356046855,5,CLAV:147.1/143.8/err3.3;STRN:275.8/282.9/err7.2;T10:190.0/212.4/err22.4,forward_only
forward,2423,LELA,*53,2420,13.881810121280791,,1,3,7.461426267459042,1,LSHO:320.3/335.1/err14.9;LUP:184.3/187.6/err3.3;LELB:89.0/84.8/err4.2,forward_only
forward,2423,RASIS,*54,2418,24.63391460314879,,1,3,5.424972455734093,3,LASIS:257.1/262.3/err5.3;RPSIS:163.3/167.0/err3.7;LPSIS:234.9/242.2/err7.3,forward_only
forward,2423,RMEP,*59,2420,5.808954039243648,,1,3,19.427925203431585,1,RTROC:396.1/423.8/err27.6;RTH:268.9/291.7/err22.8;RLEP:123.5/131.3/err7.8,forward_only
forward,2424,C7,*52,2422,7.6630714502078545,,1,3,10.955664671881038,5,CLAV:147.1/143.8/err3.3;STRN:275.8/282.9/err7.1;T10:190.0/212.4/err22.4,forward_only
forward,2425,C7,*52,2419,38.00988844860853,,1,3,10.939952616009796,4,CLAV:147.1/143.8/err3.3;STRN:275.8/282.9/err7.1;T10:190.0/212.4/err22.4,forward_only
forward,2425,LELA,*53,2422,15.80847187446084,,1,3,7.597688790152465,1,LSHO:320.6/335.1/err14.6;LUP:184.8/187.6/err2.8;LELB:90.2/84.8/err5.4,forward_only
forward,2427,LELA,*53,2424,15.825689191006017,,1,3,7.656752127992291,1,LSHO:320.5/335.1/err14.6;LUP:184.8/187.6/err2.8;LELB:90.3/84.8/err5.5,forward_only
forward,2427,RASIS,*52,2422,25.570056780135364,,1,3,5.476068682172705,5,LASIS:257.1/262.3/err5.2;RPSIS:163.3/167.0/err3.8;LPSIS:234.8/242.2/err7.4,forward_only
forward,2428,C7,*54,2424,23.40922203488713,,1,3,10.938703373398937,2,CLAV:147.0/143.8/err3.2;STRN:275.9/282.9/err7.1;T10:189.9/212.4/err22.5,forward_only
forward,2428,RASIS,*52,2422,32.06866744954533,,1,3,5.4759698546081665,4,LASIS:257.2/262.3/err5.2;RPSIS:163.3/167.0/err3.7;LPSIS:234.7/242.2/err7.5,forward_only
forward,2429,C7,*54,2427,7.859083441908588,,1,3,10.825398116013824,2,CLAV:146.7/143.8/err2.9;STRN:275.9/282.9/err7.1;T10:189.9/212.4/err22.5,forward_only
forward,2429,LELA,*53,2426,15.620618687892373,,1,3,7.435568346542496,1,LSHO:320.6/335.1/err14.6;LUP:184.6/187.6/err3.0;LELB:89.5/84.8/err4.7,forward_only
forward,2431,C7,*54,2428,15.757540850073577,,1,3,10.955354759172318,1,CLAV:147.0/143.8/err3.2;STRN:275.9/282.9/err7.1;T10:189.8/212.4/err22.6,forward_only
forward,2431,RASIS,*58,2427,19.473439034082794,,1,3,5.409189033799104,5,LASIS:257.3/262.3/err5.0;RPSIS:163.4/167.0/err3.6;LPSIS:234.6/242.2/err7.6,forward_only
forward,2433,LELA,*52,2428,34.22987963528881,,1,3,7.747194884290853,3,LSHO:320.0/335.1/err15.1;LUP:184.1/187.6/err3.5;LELB:89.4/84.8/err4.6,forward_only
forward,2434,LELA,*52,2432,8.735051291834584,,1,3,7.71957929087588,3,LSHO:320.1/335.1/err15.1;LUP:184.2/187.6/err3.4;LELB:89.5/84.8/err4.7,forward_only
forward,2434,RASIS,*54,2427,38.04274296784138,,1,3,4.095853978756035,5,LASIS:258.8/262.3/err3.6;RPSIS:164.6/167.0/err2.5;LPSIS:236.0/242.2/err6.3,forward_only
forward,2435,C7,*53,2430,31.320246536128803,45.09484556633553,2,3,10.99039199406775,3,CLAV:146.9/143.8/err3.1;STRN:276.0/282.9/err7.0;T10:189.5/212.4/err22.9,forward_only
forward,2435,LELA,*52,2433,8.806448318897543,,1,3,7.671757089069184,3,LSHO:320.2/335.1/err14.9;LUP:184.4/187.6/err3.2;LELB:89.7/84.8/err4.9,forward_only
forward,2437,C7,*53,2434,12.923914227086062,,1,3,11.026105415019837,1,CLAV:150.3/143.8/err6.5;STRN:279.2/282.9/err3.7;T10:189.5/212.4/err22.9,forward_only
forward,2437,LELA,*52,2434,17.693574501685603,,1,3,7.516836565236441,1,LSHO:320.7/335.1/err14.5;LUP:184.6/187.6/err2.9;LELB:89.9/84.8/err5.2,forward_only
forward,2438,RASIS,*54,2430,39.66766163459644,,1,3,4.254851594149585,5,LASIS:260.9/262.3/err1.4;RPSIS:162.5/167.0/err4.5;LPSIS:235.3/242.2/err6.9,forward_only
forward,2439,LELA,*52,2436,17.85679126354961,,1,3,7.402034705313288,1,LSHO:321.1/335.1/err14.1;LUP:184.9/187.6/err2.6;LELB:90.3/84.8/err5.5,forward_only
forward,2441,C7,*54,2436,29.970237969713985,,1,3,10.95480643872682,3,CLAV:149.9/143.8/err6.1;STRN:279.5/282.9/err3.4;T10:189.1/212.4/err23.3,forward_only
forward,2441,LELA,*52,2438,19.652027170328672,,1,3,7.304813128627927,1,LSHO:321.8/335.1/err13.4;LUP:185.7/187.6/err1.8;LELB:91.5/84.8/err6.7,forward_only
forward,2441,RASIS,*58,2433,41.544210868957485,,1,3,2.6773071621415547,5,LASIS:260.0/262.3/err2.3;RPSIS:166.1/167.0/err0.9;LPSIS:237.4/242.2/err4.8,forward_only
forward,2442,C7,*54,2440,7.2540939077895565,,1,3,11.04751328331117,3,CLAV:150.1/143.8/err6.3;STRN:279.6/282.9/err3.4;T10:189.0/212.4/err23.4,forward_only
forward,2443,C7,*54,2441,7.1901685312274495,,1,3,10.984612834605153,3,CLAV:149.8/143.8/err6.0;STRN:279.6/282.9/err3.3;T10:188.8/212.4/err23.6,forward_only
forward,2443,LELA,*52,2440,16.778582935066353,,1,3,6.927523535043662,1,LSHO:322.5/335.1/err12.6;LUP:186.0/187.6/err1.6;LELB:91.3/84.8/err6.5,forward_only
forward,2443,RASIS,*58,2437,34.75607032856558,,1,3,2.131703716133586,4,LASIS:260.4/262.3/err1.9;RPSIS:166.7/167.0/err0.3;LPSIS:238.1/242.2/err4.2,forward_only
forward,2445,C7,*54,2442,14.066723962838335,,1,3,11.024885179256776,1,CLAV:149.9/143.8/err6.1;STRN:279.7/282.9/err3.2;T10:188.6/212.4/err23.8,forward_only
forward,2445,LELA,*52,2442,16.43435007184412,,1,3,6.380597653593507,1,LSHO:323.5/335.1/err11.6;LUP:186.3/187.6/err1.3;LELB:91.0/84.8/err6.2,forward_only
forward,2447,C7,*54,2444,13.48157990266515,,1,3,10.932184745413224,1,CLAV:149.7/143.8/err5.9;STRN:280.0/282.9/err3.0;T10:188.5/212.4/err23.9,forward_only
forward,2447,LELA,*52,2444,17.36872321997091,,1,3,6.240669238645324,1,LSHO:323.9/335.1/err11.2;LUP:186.5/187.6/err1.1;LELB:91.2/84.8/err6.4,forward_only
forward,2449,C7,*54,2446,13.11155128601629,45.49209670891277,2,3,10.855914289803755,1,CLAV:149.3/143.8/err5.6;STRN:280.0/282.9/err2.9;T10:188.3/212.4/err24.1,forward_only
forward,2449,LELA,*52,2446,20.804650290642503,,1,3,6.878360560927841,1,LSHO:323.4/335.1/err11.7;LUP:186.7/187.6/err0.9;LELB:92.8/84.8/err8.0,forward_only
forward,2449,RASIS,*59,2442,29.60772171588387,,1,3,3.4618554734835434,5,LASIS:263.8/262.3/err1.5;RPSIS:163.4/167.0/err3.6;LPSIS:236.9/242.2/err5.3,forward_only
forward,2450,RASIS,*59,2444,27.687800035508644,,1,3,3.3897061855200454,4,LASIS:264.0/262.3/err1.7;RPSIS:163.6/167.0/err3.4;LPSIS:237.1/242.2/err5.1,forward_only
forward,2451,C7,*54,2448,12.081711437421504,46.01471284060061,2,3,10.752740524204805,1,CLAV:149.5/143.8/err5.8;STRN:280.6/282.9/err2.3;T10:188.2/212.4/err24.2,forward_only
forward,2451,LELA,*52,2448,14.207438667757957,,1,3,6.091549881450476,1,LSHO:324.5/335.1/err10.6;LUP:186.6/187.6/err1.0;LELB:91.4/84.8/err6.6,forward_only
forward,2453,C7,*54,2450,11.705627952671346,,1,3,10.644779555528393,1,CLAV:149.3/143.8/err5.5;STRN:280.8/282.9/err2.2;T10:188.1/212.4/err24.3,forward_only
forward,2453,LELA,*52,2450,15.330712419996667,,1,3,6.015787565552377,1,LSHO:324.8/335.1/err10.4;LUP:186.6/187.6/err1.0;LELB:91.5/84.8/err6.7,forward_only
forward,2453,RMEP,*61,2450,4.101207636314981,,1,2,15.826901136188567,1,RTH:262.1/291.7/err29.6;RLEP:129.3/131.3/err2.0,forward_only
forward,2455,C7,*54,2452,10.593503337284055,46.89111646640324,2,3,10.536714010676405,1,CLAV:149.3/143.8/err5.6;STRN:281.3/282.9/err1.7;T10:188.0/212.4/err24.4,forward_only
forward,2455,LELA,*52,2452,17.043706804714922,,1,3,6.551220727614175,1,LSHO:324.4/335.1/err10.8;LUP:186.8/187.6/err0.8;LELB:92.9/84.8/err8.1,forward_only
forward,2455,RMEP,*61,2452,14.251066030193984,,1,2,21.843947868148113,1,RTH:257.1/291.7/err34.7;RLEP:122.2/131.3/err9.0,forward_only
forward,2456,RASIS,*58,2450,22.939480339089364,,1,3,2.8537001253989254,4,LASIS:264.7/262.3/err2.3;RPSIS:164.8/167.0/err2.3;LPSIS:238.3/242.2/err4.0,forward_only
forward,2457,C7,*54,2454,9.494629963702856,47.308135325970575,2,3,10.254532922267979,1,CLAV:149.1/143.8/err5.4;STRN:281.8/282.9/err1.1;T10:188.1/212.4/err24.3,forward_only
forward,2457,LELA,*59,2454,12.3241645439338,,1,3,6.355343164436405,1,LSHO:324.7/335.1/err10.5;LUP:186.7/187.6/err0.9;LELB:92.5/84.8/err7.7,forward_only
forward,2458,RASIS,*58,2452,20.876494004705766,,1,3,2.788457528006461,4,LASIS:264.9/262.3/err2.5;RPSIS:165.0/167.0/err2.1;LPSIS:238.4/242.2/err3.8,forward_only
forward,2459,C7,*54,2456,8.754988106779487,47.611867614043575,2,3,10.30213124786214,1,CLAV:149.6/143.8/err5.8;STRN:282.1/282.9/err0.9;T10:188.2/212.4/err24.3,forward_only
forward,2459,LELA,*59,2456,12.309337770014377,,1,3,9.098181364799549,1,LSHO:320.2/335.1/err14.9;LUP:182.7/187.6/err4.9;LELB:92.2/84.8/err7.5,forward_only
forward,2461,C7,*54,2458,7.61544155201092,48.20478999900035,2,3,10.17780193301786,1,CLAV:149.4/143.8/err5.6;STRN:282.3/282.9/err0.7;T10:188.2/212.4/err24.3,forward_only
forward,2461,RMEP,*61,2456,6.880094071540602,,1,2,15.475693487050222,3,RTH:261.6/291.7/err30.2;RLEP:130.5/131.3/err0.8,forward_only
forward,2463,C7,*54,2460,6.535671616559767,49.23932465759139,2,3,10.055322716325426,1,CLAV:148.9/143.8/err5.1;STRN:282.4/282.9/err0.5;T10:187.9/212.4/err24.5,forward_only
forward,2463,RMEP,*61,2460,3.507823162121395,,1,2,15.194229154101507,1,RTH:261.6/291.7/err30.1;RLEP:131.0/131.3/err0.3,forward_only
forward,2465,C7,*54,2462,5.396155758806481,49.56730591172241,2,3,9.859747407427335,1,CLAV:148.5/143.8/err4.8;STRN:282.5/282.9/err0.5;T10:188.1/212.4/err24.3,forward_only
forward,2465,RMEP,*61,2462,3.1531152504963047,,1,2,15.127458254133245,1,RTH:261.7/291.7/err30.0;RLEP:131.0/131.3/err0.3,forward_only
forward,2467,C7,*54,2464,3.6947505157964367,50.50567079356399,2,3,9.72228563563138,1,CLAV:148.5/143.8/err4.8;STRN:282.8/282.9/err0.1;T10:188.1/212.4/err24.3,forward_only
forward,2467,RASIS,*58,2458,19.996619655998582,,1,3,2.9897700458371994,5,LASIS:265.7/262.3/err3.4;RPSIS:165.2/167.0/err1.9;LPSIS:238.5/242.2/err3.7,forward_only
forward,2467,RMEP,*61,2464,2.8160004083738657,,1,2,15.24101190248399,1,RTH:261.7/291.7/err30.0;RLEP:131.7/131.3/err0.5,forward_only
forward,2469,C7,*54,2466,1.9676874828260469,,1,3,10.42070141424936,1,CLAV:149.5/143.8/err5.7;STRN:283.9/282.9/err0.9;T10:187.8/212.4/err24.7,forward_only
forward,2469,RMEP,*61,2466,2.573924748371426,,1,2,15.29939471123761,1,RTH:261.7/291.7/err30.0;RLEP:131.9/131.3/err0.6,forward_only
forward,2471,C7,*54,2468,0.9275516451773185,51.33297174514698,2,3,10.51923068901751,1,CLAV:149.5/143.8/err5.7;STRN:284.1/282.9/err1.2;T10:187.7/212.4/err24.7,forward_only
forward,2473,C7,*54,2470,1.0716824579707118,,1,3,9.685925923199486,1,CLAV:148.0/143.8/err4.2;STRN:283.3/282.9/err0.3;T10:187.9/212.4/err24.5,forward_only
forward,2475,C7,*54,2472,2.1128141602369617,53.84126455848617,2,3,9.590408193131898,1,CLAV:147.8/143.8/err4.0;STRN:283.3/282.9/err0.4;T10:188.0/212.4/err24.4,forward_only
forward,2476,LELA,*61,2458,30.056695936215817,,1,3,7.256463968511933,5,LSHO:322.6/335.1/err12.6;LUP:184.9/187.6/err2.7;LELB:91.3/84.8/err6.5,forward_only
forward,2477,C7,*54,2474,3.6890405588124127,54.82903816362331,2,3,9.393734898858071,1,CLAV:147.4/143.8/err3.7;STRN:283.3/282.9/err0.4;T10:188.2/212.4/err24.2,forward_only
forward,2479,C7,*54,2476,5.268867271278934,56.49103698118921,2,3,9.179503013068095,1,CLAV:147.1/143.8/err3.3;STRN:283.3/282.9/err0.3;T10:188.5/212.4/err23.9,forward_only
forward,2479,LELA,*59,2475,16.914661733312368,,1,3,7.662584863603996,5,LSHO:322.0/335.1/err13.2;LUP:185.5/187.6/err2.1;LELB:92.5/84.8/err7.7,forward_only
forward,2480,LELA,*59,2478,7.2738522590512416,,1,3,7.807363833565479,5,LSHO:321.7/335.1/err13.4;LUP:185.7/187.6/err1.9;LELB:92.8/84.8/err8.1,forward_only
forward,2481,C7,*54,2478,7.1519077095093495,57.070262739656656,2,3,9.206867854417046,1,CLAV:147.2/143.8/err3.4;STRN:283.5/282.9/err0.6;T10:188.8/212.4/err23.6,forward_only
forward,2481,LELA,*59,2475,32.72545520588467,,1,3,7.961575753203012,4,LSHO:321.4/335.1/err13.8;LUP:185.6/187.6/err2.0;LELB:92.9/84.8/err8.1,forward_only
forward,2482,LELA,*59,2480,11.827930064207964,,1,3,8.1596961602325,4,LSHO:320.4/335.1/err14.8;LUP:184.5/187.6/err3.1;LELB:91.4/84.8/err6.6,forward_only
forward,2483,C7,*54,2480,8.9552700832436,57.875965093370404,2,3,9.398848267229832,1,CLAV:147.6/143.8/err3.8;STRN:284.0/282.9/err1.1;T10:189.2/212.4/err23.3,forward_only
forward,2485,C7,*54,2482,9.59728505221583,59.191363491007614,2,3,8.908954381465094,1,CLAV:147.0/143.8/err3.3;STRN:283.5/282.9/err0.6;T10:189.5/212.4/err22.9,forward_only
forward,2485,LELA,*53,2481,35.79769043205253,,1,3,7.5551179911255035,2,LSHO:320.9/335.1/err14.2;LUP:186.0/187.6/err1.6;LELB:91.7/84.8/err6.9,forward_only
forward,2486,LELA,*53,2484,11.915591318386838,,1,3,9.172509115506367,2,LSHO:317.9/335.1/err17.2;LUP:183.7/187.6/err3.9;LELB:91.2/84.8/err6.4,forward_only
forward,2487,C7,*54,2484,11.212906509912093,,1,3,8.530893314336055,1,CLAV:146.7/143.8/err2.9;STRN:283.1/282.9/err0.2;T10:189.9/212.4/err22.5,forward_only
forward,2488,LELA,*53,2485,28.33406847322844,,1,3,9.507979679191394,1,LSHO:317.0/335.1/err18.2;LUP:183.7/187.6/err3.8;LELB:91.3/84.8/err6.5,forward_only
forward,2489,C7,*54,2486,12.68130340962093,,1,3,8.305757058620742,1,CLAV:146.3/143.8/err2.5;STRN:282.7/282.9/err0.3;T10:190.3/212.4/err22.1,forward_only
forward,2490,LELA,*53,2487,31.417802350261702,,1,3,9.935950960662945,1,LSHO:315.5/335.1/err19.6;LUP:183.9/187.6/err3.7;LELB:91.3/84.8/err6.5,forward_only
forward,2491,C7,*54,2488,14.442477349082754,,1,3,8.193404122801127,1,CLAV:146.4/143.8/err2.6;STRN:282.6/282.9/err0.4;T10:190.8/212.4/err21.6,forward_only
forward,2492,LELA,*53,2489,35.51266456636044,,1,3,9.45627505220113,1,LSHO:316.2/335.1/err19.0;LUP:185.8/187.6/err1.8;LELB:92.4/84.8/err7.6,forward_only
forward,2493,C7,*54,2490,15.84569971799138,,1,3,8.004116696507802,1,CLAV:146.4/143.8/err2.6;STRN:282.7/282.9/err0.2;T10:191.3/212.4/err21.1,forward_only
forward,2494,LELA,*53,2491,36.90255472045039,,1,3,9.970473409536439,1,LSHO:314.8/335.1/err20.3;LUP:185.8/187.6/err1.7;LELB:92.6/84.8/err7.8,forward_only
forward,2495,C7,*54,2492,17.38759598992193,,1,3,7.934555006065541,1,CLAV:146.9/143.8/err3.1;STRN:282.7/282.9/err0.2;T10:191.9/212.4/err20.5,forward_only
forward,2496,LELA,*53,2493,38.15046332760846,,1,3,11.033092599382982,1,LSHO:312.4/335.1/err22.8;LUP:184.9/187.6/err2.7;LELB:92.4/84.8/err7.6,forward_only
forward,2496,LFIN,*56,2493,41.88560099690624,,1,2,29.267587501529885,1,LDW:183.5/235.1/err51.7;LWRB:89.9/108.9/err18.9;LWRA:89.1/106.3/err17.2,forward_only
forward,2497,C7,*54,2494,17.829684214921382,,1,3,7.9903059048083565,1,CLAV:146.1/143.8/err2.3;STRN:281.4/282.9/err1.5;T10:192.3/212.4/err20.1,forward_only
forward,2498,LELA,*53,2495,40.99212960492368,,1,3,11.606463430591711,1,LSHO:310.5/335.1/err24.6;LUP:184.5/187.6/err3.0;LELB:91.9/84.8/err7.2,forward_only
forward,2498,LFIN,*56,2495,44.08233843217071,,1,2,30.63717296687804,1,LDW:179.8/235.1/err55.3;LWRB:90.8/108.9/err18.0;LWRA:87.7/106.3/err18.5,forward_only
forward,2499,C7,*54,2496,19.869900291619693,,1,3,7.454610695228278,1,CLAV:144.8/143.8/err1.0;STRN:281.2/282.9/err1.8;T10:192.8/212.4/err19.6,forward_only
forward,2500,LELA,*53,2497,42.17759671799316,,1,3,12.07138506064708,1,LSHO:308.8/335.1/err26.3;LUP:184.2/187.6/err3.3;LELB:91.4/84.8/err6.6,forward_only
forward,2500,LFIN,*56,2497,41.82522898942387,,1,2,33.512490365800865,1,LDW:177.6/235.1/err57.5;LWRB:88.0/108.9/err20.9;LWRA:84.2/106.3/err22.1,forward_only
forward,2502,LELA,*53,2499,42.94881082335267,,1,3,12.311981442776172,1,LSHO:307.0/335.1/err28.2;LUP:184.1/187.6/err3.4;LELB:90.1/84.8/err5.3,forward_only
forward,2502,LFIN,*52,2499,49.259103109038215,,1,2,33.04435424187441,1,LDW:175.4/235.1/err59.7;LWRB:89.1/108.9/err19.8;LWRA:86.6/106.3/err19.6,forward_only
forward,2504,LELA,*53,2501,43.22780863326563,,1,3,12.76562927879443,1,LSHO:304.7/335.1/err30.5;LUP:183.9/187.6/err3.7;LELB:88.9/84.8/err4.1,forward_only
forward,2504,LFIN,*56,2501,49.770011005075844,,1,2,33.335319205744334,1,LDW:178.5/235.1/err56.7;LWRB:85.2/108.9/err23.7;LWRA:86.6/106.3/err19.7,forward_only
forward,2506,LELA,*53,2503,43.103697937143444,,1,3,13.23940594534515,1,LSHO:302.6/335.1/err32.5;LUP:183.7/187.6/err3.9;LELB:88.1/84.8/err3.3,forward_only
forward,2508,LELA,*53,2505,42.6083421654651,,1,3,13.855186322709647,1,LSHO:300.6/335.1/err34.5;LUP:183.4/187.6/err4.2;LELB:87.6/84.8/err2.8,forward_only
forward,2510,LELA,*53,2507,41.56034325403191,,1,3,14.006653333486307,1,LSHO:299.0/335.1/err36.1;LUP:183.3/187.6/err4.3;LELB:86.4/84.8/err1.6,forward_only
forward,2512,LELA,*53,2509,40.1023138101597,,1,3,14.071461376182697,1,LSHO:298.1/335.1/err37.1;LUP:183.6/187.6/err3.9;LELB:86.0/84.8/err1.2,forward_only
forward,2514,LELA,*53,2511,38.55582069772317,,1,3,13.90289716569391,1,LSHO:297.5/335.1/err37.7;LUP:184.0/187.6/err3.6;LELB:85.3/84.8/err0.5,forward_only
forward,2516,LELA,*53,2513,37.60461229792856,,1,3,13.714457118703217,1,LSHO:297.1/335.1/err38.1;LUP:184.7/187.6/err2.9;LELB:85.0/84.8/err0.2,forward_only
forward,2518,LELA,*53,2515,36.02006430857708,,1,2,1.4794200087958629,1,LUP:184.9/187.6/err2.7;LELB:84.5/84.8/err0.3,forward_only
forward,2520,LELA,*53,2517,33.89557286442037,,1,2,1.7065803651936378,1,LUP:184.8/187.6/err2.7;LELB:84.1/84.8/err0.7,forward_only
forward,2520,RWRB,*62,2517,35.20850588626018,,1,3,6.843362107025338,1,RDW:145.6/150.1/err4.6;RFIN:78.5/92.9/err14.5;RWRA:71.1/69.6/err1.5,forward_only
forward,2522,LELA,*53,2519,32.11485899412839,,1,2,1.616470066944693,1,LUP:185.3/187.6/err2.3;LELB:83.8/84.8/err0.9,forward_only
forward,2522,RWRB,*62,2519,35.24186825348105,,1,3,7.057260892195596,1,RDW:145.9/150.1/err4.2;RFIN:78.1/92.9/err14.9;RWRA:71.6/69.6/err2.1,forward_only
forward,2524,LELA,*53,2521,29.578480846153195,,1,2,1.3365224061889123,1,LUP:185.9/187.6/err1.7;LELB:83.8/84.8/err1.0,forward_only
forward,2524,RWRB,*62,2521,34.435402975247214,,1,3,7.005030807434859,1,RDW:146.2/150.1/err3.9;RFIN:77.6/92.9/err15.3;RWRA:71.4/69.6/err1.8,forward_only
forward,2526,LELA,*53,2523,26.574182740551848,,1,2,1.0371633134124494,1,LUP:186.5/187.6/err1.1;LELB:83.8/84.8/err1.0,forward_only
forward,2527,RWRB,*62,2523,49.55760452415879,,1,3,6.63176986824855,2,RDW:146.8/150.1/err3.3;RFIN:77.9/92.9/err15.1;RWRA:71.1/69.6/err1.5,forward_only
forward,2528,LELA,*53,2525,23.18207150230481,,1,2,0.8882083399826612,1,LUP:187.0/187.6/err0.6;LELB:83.6/84.8/err1.2,forward_only
forward,2529,RWRB,*61,2526,31.159450472330857,,1,3,6.454448191141712,3,RDW:147.2/150.1/err2.9;RFIN:77.8/92.9/err15.1;RWRA:70.9/69.6/err1.3,forward_only
forward,2530,LELA,*53,2527,19.70293534277966,,1,2,0.9595228188548646,1,LUP:187.2/187.6/err0.4;LELB:83.2/84.8/err1.5,forward_only
forward,2530,RWRB,*61,2526,46.281870496085446,,1,3,6.352990896740664,2,RDW:147.1/150.1/err3.1;RFIN:77.7/92.9/err15.3;RWRA:70.3/69.6/err0.7,forward_only
forward,2532,LELA,*53,2529,16.40369356265232,,1,2,1.0380179511336252,1,LUP:187.4/187.6/err0.2;LELB:82.9/84.8/err1.9,forward_only
forward,2532,RWRB,*61,2529,26.472574452604285,,1,3,5.627871333901548,1,RDW:147.2/150.1/err2.9;RFIN:79.8/92.9/err13.1;RWRA:68.7/69.6/err0.8,forward_only
forward,2534,RWRB,*61,2531,28.85449010353821,,1,3,5.8678881907895954,1,RDW:148.0/150.1/err2.1;RFIN:77.7/92.9/err15.3;RWRA:69.8/69.6/err0.2,forward_only
forward,2536,RWRB,*61,2533,25.522667911724632,,1,3,6.073753999938437,1,RDW:148.4/150.1/err1.7;RFIN:76.5/92.9/err16.4;RWRA:69.7/69.6/err0.1,forward_only
forward,2538,RWRB,*61,2535,23.82207225856213,,1,3,6.199474592547328,1,RDW:148.8/150.1/err1.4;RFIN:75.7/92.9/err17.2;RWRA:69.5/69.6/err0.0,forward_only
forward,2540,LELA,*53,2537,10.67280859938121,,1,3,8.47156340885744,1,LSHO:314.0/335.1/err21.2;LUP:191.0/187.6/err3.4;LELB:84.0/84.8/err0.8,forward_only
forward,2540,RWRB,*61,2537,25.266428150612256,,1,3,7.728316396235409,1,RDW:150.3/150.1/err0.2;RFIN:71.8/92.9/err21.1;RWRA:71.5/69.6/err1.9,forward_only
forward,2542,LELA,*53,2539,10.74406687062469,,1,3,7.597652032784334,1,LSHO:316.8/335.1/err18.3;LUP:191.2/187.6/err3.6;LELB:83.9/84.8/err0.9,forward_only
forward,2543,RWRB,*54,2539,29.8686304497363,,1,3,8.563366333830217,2,RDW:150.8/150.1/err0.6;RFIN:69.8/92.9/err23.1;RWRA:71.5/69.6/err2.0,forward_only
forward,2544,LELA,*53,2541,10.875131891647367,,1,3,6.803256985444449,1,LSHO:319.6/335.1/err15.6;LUP:191.1/187.6/err3.5;LELB:83.4/84.8/err1.4,forward_only
forward,2544,RWRB,*54,2542,10.0995085983619,,1,3,8.92506652523691,2,RDW:151.5/150.1/err1.4;RFIN:68.9/92.9/err24.0;RWRA:70.9/69.6/err1.4,forward_only
forward,2546,LELA,*53,2543,10.516594598744634,,1,3,5.5821544865544395,1,LSHO:321.3/335.1/err13.9;LUP:190.3/187.6/err2.7;LELB:85.0/84.8/err0.2,forward_only
forward,2546,RWRA,*54,2543,16.52172649004109,,1,2,4.562012135699014,1,RDW:165.4/166.6/err1.2;RFIN:96.7/104.6/err7.9,forward_only
forward,2546,T10,*62,2543,14.83905969077044,,1,2,5.746560801973558,1,CLAV:244.6/241.8/err2.9;STRN:226.9/218.3/err8.6,forward_only
forward,2548,LELA,*53,2545,13.146458855473707,,1,3,5.0472193887869325,1,LSHO:323.5/335.1/err11.6;LUP:190.1/187.6/err2.5;LELB:83.8/84.8/err1.0,forward_only
forward,2548,RWRA,*54,2545,13.567883250784009,,1,2,5.2813430231081995,1,RDW:164.4/166.6/err2.2;RFIN:96.2/104.6/err8.4,forward_only
forward,2548,T10,*62,2545,14.382628121360096,,1,2,5.8293737262388845,1,CLAV:245.0/241.8/err3.2;STRN:226.7/218.3/err8.4,forward_only
forward,2550,RWRA,*54,2547,13.31069108950658,,1,2,5.761709906632696,1,RDW:164.3/166.6/err2.3;RFIN:95.4/104.6/err9.2,forward_only
forward,2550,T10,*62,2547,13.52931748963833,,1,2,7.242373525612649,1,CLAV:246.9/241.8/err5.2;STRN:227.6/218.3/err9.3,forward_only
forward,2552,RWRA,*54,2549,14.347991791706182,,1,2,5.997947518238483,1,RDW:164.5/166.6/err2.1;RFIN:94.8/104.6/err9.9,forward_only
forward,2554,LELA,*53,2551,15.362187614210642,,1,3,3.6391349384475737,1,LSHO:328.7/335.1/err6.4;LUP:190.1/187.6/err2.5;LELB:82.8/84.8/err1.9,forward_only
forward,2554,RWRA,*54,2551,14.268741843510949,,1,2,6.458498916931603,1,RDW:164.6/166.6/err2.0;RFIN:93.7/104.6/err10.9,forward_only
forward,2556,LELA,*53,2553,16.090378258124492,,1,3,3.2913693742722265,1,LSHO:330.5/335.1/err4.6;LUP:190.7/187.6/err3.1;LELB:82.6/84.8/err2.2,forward_only
forward,2556,RWRA,*54,2553,16.56327831862667,,1,2,6.554537676918223,1,RDW:164.5/166.6/err2.1;RFIN:93.6/104.6/err11.1,forward_only
forward,2558,LELA,*53,2555,16.424542218428087,,1,3,2.870897958918235,1,LSHO:332.1/335.1/err3.1;LUP:191.3/187.6/err3.7;LELB:82.9/84.8/err1.9,forward_only
forward,2560,LELA,*53,2557,16.37451308290093,,1,3,2.2892583957567183,1,LSHO:333.3/335.1/err1.8;LUP:190.6/187.6/err3.1;LELB:82.8/84.8/err2.0,forward_only
forward,2561,RWRA,*62,2555,59.090256467607205,,1,2,6.024668606858555,4,RDW:165.2/166.6/err1.4;RFIN:93.9/104.6/err10.7,forward_only
forward,2562,LELA,*53,2559,16.22585791432492,,1,3,1.326538116155433,1,LSHO:335.1/335.1/err0.1;LUP:189.7/187.6/err2.1;LELB:82.9/84.8/err1.8,forward_only
forward,2562,RWRA,*62,2560,11.70775571780491,,1,2,7.039703567174172,4,RDW:166.9/166.6/err0.3;RFIN:90.9/104.6/err13.7,forward_only
forward,2563,RWRA,*62,2561,14.732025294666318,,1,2,8.378950890437132,4,RDW:164.7/166.6/err1.9;RFIN:89.8/104.6/err14.8,forward_only
forward,2564,LELA,*53,2561,16.20895317092215,,1,3,1.5607529315899455,1,LSHO:336.0/335.1/err0.9;LUP:189.6/187.6/err2.0;LELB:83.0/84.8/err1.8,forward_only
forward,2564,RWRA,*62,2562,16.124163179697128,,1,2,8.249627711497617,4,RDW:167.2/166.6/err0.6;RFIN:88.7/104.6/err15.9,forward_only
forward,2566,LELA,*53,2563,16.574495284278346,,1,3,1.4263096641166062,1,LSHO:335.8/335.1/err0.7;LUP:189.3/187.6/err1.7;LELB:82.9/84.8/err1.9,forward_only
forward,2566,RWRA,*62,2563,34.63045930351987,,1,2,8.577512005809396,1,RDW:166.1/166.6/err0.5;RFIN:87.9/104.6/err16.7,forward_only
forward,2568,LELA,*53,2565,17.122283782894527,,1,3,1.2005734397328496,1,LSHO:335.0/335.1/err0.1;LUP:189.1/187.6/err1.6;LELB:82.8/84.8/err1.9,forward_only
forward,2570,LELA,*53,2567,17.35757058942046,,1,3,1.3769844700083904,1,LSHO:334.5/335.1/err0.6;LUP:189.0/187.6/err1.4;LELB:82.7/84.8/err2.1,forward_only
forward,2572,LELA,*53,2569,17.25013166054293,,1,3,1.529238209210888,1,LSHO:334.1/335.1/err1.1;LUP:188.9/187.6/err1.3;LELB:82.5/84.8/err2.3,forward_only
forward,2574,LELA,*53,2571,17.117274153998032,,1,3,1.5760884864505158,1,LSHO:333.2/335.1/err1.9;LUP:188.0/187.6/err0.4;LELB:82.4/84.8/err2.4,forward_only
forward,2576,LELA,*53,2573,17.128704809773595,,1,3,1.9810001180711463,1,LSHO:332.3/335.1/err2.8;LUP:188.4/187.6/err0.8;LELB:82.5/84.8/err2.3,forward_only
forward,2578,LELA,*53,2575,17.141123418447748,,1,3,2.33803989701633,1,LSHO:331.2/335.1/err3.9;LUP:188.3/187.6/err0.7;LELB:82.4/84.8/err2.3,forward_only
forward,2580,LELA,*53,2577,17.25675987375086,,1,3,2.7603849606267423,1,LSHO:330.0/335.1/err5.1;LUP:188.3/187.6/err0.7;LELB:82.3/84.8/err2.4,forward_only
forward,2582,LELA,*53,2579,17.42794040550986,,1,3,3.1851241857739487,1,LSHO:328.8/335.1/err6.4;LUP:188.3/187.6/err0.7;LELB:82.3/84.8/err2.5,forward_only
forward,2584,LELA,*53,2581,17.804448481233173,,1,3,3.5944541349372514,1,LSHO:327.5/335.1/err7.6;LUP:188.4/187.6/err0.9;LELB:82.5/84.8/err2.3,forward_only
forward,2586,LELA,*53,2583,18.227334746889778,,1,3,3.9526734393460194,1,LSHO:326.6/335.1/err8.5;LUP:188.7/187.6/err1.1;LELB:82.5/84.8/err2.3,forward_only
forward,2588,LELA,*53,2585,18.728358641558387,,1,3,3.9579492804143634,1,LSHO:326.5/335.1/err8.7;LUP:188.7/187.6/err1.1;LELB:82.7/84.8/err2.1,forward_only
forward,2590,LELA,*53,2587,19.208013419851063,,1,3,3.712400378398504,1,LSHO:327.0/335.1/err8.2;LUP:189.0/187.6/err1.4;LELB:83.2/84.8/err1.6,forward_only
forward,2592,LELA,*53,2589,19.74359840585231,,1,3,3.4555623727825804,1,LSHO:327.7/335.1/err7.5;LUP:189.3/187.6/err1.7;LELB:83.6/84.8/err1.1,forward_only
forward,2594,LELA,*53,2591,20.392652525732732,,1,3,3.138273309156953,1,LSHO:328.4/335.1/err6.8;LUP:189.5/187.6/err2.0;LELB:84.1/84.8/err0.7,forward_only
forward,2596,LELA,*53,2593,21.163998701679564,,1,3,2.807628564195151,1,LSHO:329.0/335.1/err6.2;LUP:189.7/187.6/err2.2;LELB:84.7/84.8/err0.1,forward_only
forward,2598,LELA,*53,2595,21.709858967443484,,1,3,2.955786937231437,1,LSHO:329.0/335.1/err6.1;LUP:189.9/187.6/err2.3;LELB:85.2/84.8/err0.4,forward_only
forward,2600,LELA,*53,2597,20.483254547909567,,1,3,3.925378051739713,1,LSHO:329.9/335.1/err5.3;LUP:191.7/187.6/err4.1;LELB:87.2/84.8/err2.4,forward_only
forward,2603,LELA,*63,2599,36.616693723908895,,1,3,3.680345058709482,2,LSHO:329.9/335.1/err5.2;LUP:191.6/187.6/err4.0;LELB:86.6/84.8/err1.8,forward_only
forward,2606,LELA,*63,2603,24.38707278288497,,1,3,3.394524249140815,1,LSHO:330.2/335.1/err5.0;LUP:191.0/187.6/err3.4;LELB:86.6/84.8/err1.8,forward_only
forward,2608,LELA,*63,2605,24.139638308098533,,1,3,3.2041926705433212,1,LSHO:330.5/335.1/err4.7;LUP:190.4/187.6/err2.8;LELB:86.9/84.8/err2.1,forward_only
forward,2610,LELA,*63,2607,24.697084372686085,,1,3,2.9826580478013036,1,LSHO:330.7/335.1/err4.5;LUP:189.7/187.6/err2.1;LELB:87.2/84.8/err2.4,forward_only
forward,2612,LELA,*63,2609,25.758993545648632,,1,3,2.6734568404612467,1,LSHO:330.9/335.1/err4.3;LUP:188.9/187.6/err1.3;LELB:87.2/84.8/err2.4,forward_only
forward,2613,RSHO,*65,2609,29.816708701943895,,1,2,16.750629686208143,2,RUP:157.4/175.3/err17.9;RELB:316.0/331.5/err15.6,forward_only
forward,2614,LELA,*63,2611,26.881642302841467,,1,3,2.7104759231501796,1,LSHO:330.9/335.1/err4.3;LUP:188.8/187.6/err1.2;LELB:87.4/84.8/err2.7,forward_only
forward,2616,LELA,*63,2613,27.340584964408954,,1,3,3.3734108222811963,1,LSHO:331.8/335.1/err3.3;LUP:190.3/187.6/err2.7;LELB:88.9/84.8/err4.1,forward_only
forward,2617,RSHO,*65,2613,32.45347493633713,,1,2,14.605264819131747,2,RUP:158.7/175.3/err16.6;RELB:318.9/331.5/err12.6,forward_only
forward,2618,LELA,*63,2615,29.008342023537416,,1,3,3.34815609294985,1,LSHO:332.3/335.1/err2.9;LUP:190.5/187.6/err2.9;LELB:89.0/84.8/err4.3,forward_only
forward,2620,LELA,*63,2617,30.046438325326356,,1,3,3.238477863520979,1,LSHO:331.2/335.1/err3.9;LUP:189.5/187.6/err1.9;LELB:88.6/84.8/err3.8,forward_only
forward,2620,LMEP,*57,2614,52.5732294206098,,1,3,3.427559254945971,4,LTROC:412.5/420.2/err7.8;LTH:297.6/300.1/err2.5;LLEP:125.8/125.8/err0.0,forward_only
forward,2621,RSHO,*65,2617,38.884733088667296,,1,2,11.611678849796192,2,RUP:161.5/175.3/err13.8;RELB:322.1/331.5/err9.4,forward_only
forward,2622,LELA,*63,2619,31.337948935621796,,1,3,3.5948688362208543,1,LSHO:331.5/335.1/err3.7;LUP:189.9/187.6/err2.3;LELB:89.6/84.8/err4.8,forward_only
forward,2624,LMEP,*57,2620,32.54717158821342,,1,3,3.114909946390341,2,LTROC:413.6/420.2/err6.6;LTH:297.5/300.1/err2.6;LLEP:125.9/125.8/err0.1,forward_only
forward,2625,LELA,*62,2621,47.612099053875085,,1,3,3.2342715065659937,2,LSHO:331.6/335.1/err3.6;LUP:189.2/187.6/err1.6;LELB:89.3/84.8/err4.5,forward_only
forward,2625,RSHO,*65,2621,43.44995124153672,,1,2,8.615673695588782,2,RUP:165.3/175.3/err10.0;RELB:324.3/331.5/err7.3,forward_only
forward,2627,LELA,*62,2624,32.221154056949366,,1,3,3.390592786115178,3,LSHO:332.7/335.1/err2.4;LUP:190.0/187.6/err2.4;LELB:90.2/84.8/err5.4,forward_only
forward,2628,LMEP,*57,2624,34.20697030268878,,1,3,3.7540657000217834,2,LTROC:412.8/420.2/err7.4;LTH:297.3/300.1/err2.9;LLEP:124.8/125.8/err1.0,forward_only
forward,2629,LELA,*62,2626,32.5227929555297,,1,3,3.0907193405834668,1,LSHO:333.2/335.1/err1.9;LUP:189.5/187.6/err1.9;LELB:90.2/84.8/err5.4,forward_only
forward,2629,RSHO,*65,2625,46.16967509472418,,1,2,6.602946299239306,2,RUP:167.9/175.3/err7.4;RELB:325.7/331.5/err5.8,forward_only
forward,2632,LMEP,*57,2628,31.559953188150256,,1,3,4.134495287969448,2,LTROC:412.5/420.2/err7.7;LTH:296.2/300.1/err3.9;LLEP:125.0/125.8/err0.8,forward_only
forward,2633,RSHO,*65,2629,47.92256964915499,,1,2,5.666912090741661,2,RUP:168.9/175.3/err6.4;RELB:326.6/331.5/err4.9,forward_only
forward,2636,LMEP,*57,2632,17.68321022296679,,1,3,12.41118220058758,2,LTROC:403.1/420.2/err17.1;LTH:285.6/300.1/err14.6;LLEP:120.2/125.8/err5.6,forward_only
forward,2637,RSHO,*65,2633,47.678272718145635,,1,2,4.930286876201421,2,RUP:169.8/175.3/err5.6;RELB:327.2/331.5/err4.3,forward_only
forward,2641,RSHO,*65,2637,44.990152705402345,,1,2,4.382852808590215,2,RUP:169.5/175.3/err5.8;RELB:328.6/331.5/err3.0,forward_only
forward,2645,RSHO,*65,2641,41.06231543582408,,1,2,4.611744411609152,2,RUP:168.4/175.3/err6.9;RELB:329.2/331.5/err2.3,forward_only
forward,2647,LMEP,*54,2643,16.625103277421683,,1,3,12.80279588633058,2,LTROC:404.2/420.2/err16.1;LTH:285.7/300.1/err14.4;LLEP:117.8/125.8/err7.9,forward_only
forward,2649,RSHO,*65,2645,32.11430031147355,,1,2,3.1661830168075795,2,RUP:169.0/175.3/err6.3;RELB:331.5/331.5/err0.0,forward_only
forward,2651,LMEP,*54,2647,11.783270090712096,,1,3,14.407121076516688,2,LTROC:405.2/420.2/err15.0;LTH:277.5/300.1/err22.6;LLEP:120.2/125.8/err5.5,forward_only
forward,2653,RSHO,*65,2649,25.403570153269836,,1,2,3.362333195879444,2,RUP:169.3/175.3/err6.0;RELB:332.3/331.5/err0.7,forward_only
forward,2655,LMEP,*54,2651,6.307899360484502,,1,3,9.757526706627422,2,LTROC:412.2/420.2/err8.1;LTH:283.7/300.1/err16.4;LLEP:121.0/125.8/err4.8,forward_only
forward,2657,RSHO,*65,2653,21.824788585432547,,1,2,3.3755975502553213,2,RUP:169.9/175.3/err5.4;RELB:332.9/331.5/err1.3,forward_only
forward,2659,LMEP,*54,2655,8.310464132540869,,1,3,9.86784175539652,2,LTROC:411.8/420.2/err8.4;LTH:285.9/300.1/err14.2;LLEP:118.8/125.8/err6.9,forward_only
forward,2661,RSHO,*65,2657,17.199440722173787,,1,2,3.359817603406256,2,RUP:170.7/175.3/err4.6;RELB:333.7/331.5/err2.1,forward_only
forward,2663,LMEP,*54,2659,8.750287354077004,,1,3,9.399330290126775,2,LTROC:413.1/420.2/err7.2;LTH:285.8/300.1/err14.3;LLEP:119.1/125.8/err6.7,forward_only
forward,2667,LMEP,*54,2663,7.684122979762893,,1,3,8.223483898250572,2,LTROC:414.4/420.2/err5.8;LTH:286.6/300.1/err13.6;LLEP:120.5/125.8/err5.3,forward_only
forward,2671,LMEP,*54,2667,4.794728546484222,,1,3,8.996255089671488,2,LTROC:414.3/420.2/err5.9;LTH:285.8/300.1/err14.4;LLEP:119.0/125.8/err6.7,forward_only
forward,2675,LMEP,*54,2671,3.3498473758848366,,1,3,7.996307408146033,2,LTROC:416.1/420.2/err4.2;LTH:285.8/300.1/err14.3;LLEP:120.2/125.8/err5.5,forward_only
forward,2679,LMEP,*54,2675,2.498616322223536,,1,2,9.31108651800551,2,LTH:286.6/300.1/err13.6;LLEP:120.7/125.8/err5.1,forward_only
forward,2681,RSHO,*65,2677,7.301485029398395,,1,2,5.169784604228525,2,RUP:178.6/175.3/err3.3;RELB:338.6/331.5/err7.1,forward_only
forward,2683,LMEP,*54,2679,3.669633838985407,,1,3,7.063830031826318,2,LTROC:416.6/420.2/err3.7;LTH:287.2/300.1/err12.9;LLEP:121.1/125.8/err4.7,forward_only
forward,2685,RSHO,*65,2681,8.664035954931354,,1,2,6.6296221266117925,2,RUP:180.5/175.3/err5.2;RELB:339.6/331.5/err8.1,forward_only
forward,2687,LMEP,*54,2683,4.513679524299251,,1,3,6.864503918418985,2,LTROC:416.4/420.2/err3.8;LTH:287.8/300.1/err12.4;LLEP:121.4/125.8/err4.4,forward_only
forward,2689,RSHO,*65,2685,8.607756222363872,,1,2,7.088595977505776,2,RUP:181.4/175.3/err6.0;RELB:339.7/331.5/err8.1,forward_only
forward,2691,LMEP,*54,2687,4.8758666430141115,,1,2,7.734308204438918,2,LTROC:416.7/420.2/err3.5;LTH:288.2/300.1/err12.0,forward_only
forward,2693,RSHO,*65,2689,8.36357956079045,,1,2,7.393065429541764,2,RUP:181.9/175.3/err6.6;RELB:339.7/331.5/err8.2,forward_only
forward,2695,LMEP,*54,2691,4.062960336267253,,1,3,5.9692429229383634,2,LTROC:416.6/420.2/err3.6;LTH:288.3/300.1/err11.8;LLEP:123.2/125.8/err2.5,forward_only
forward,2697,RSHO,*65,2693,7.952961433804645,,1,2,7.558589090787905,2,RUP:182.3/175.3/err6.9;RELB:339.7/331.5/err8.2,forward_only
forward,2699,LMEP,*54,2695,2.3714566434229387,,1,3,5.801537806948929,2,LTROC:416.6/420.2/err3.6;LTH:288.7/300.1/err11.5;LLEP:123.4/125.8/err2.3,forward_only
forward,2701,RSHO,*65,2697,7.6759331681479015,,1,2,7.648773098792475,2,RUP:182.4/175.3/err7.1;RELB:339.7/331.5/err8.2,forward_only
forward,2703,LMEP,*54,2699,1.7848352486924655,,1,3,6.549042080316421,2,LTROC:415.5/420.2/err4.7;LTH:288.9/300.1/err11.3;LLEP:122.1/125.8/err3.7,forward_only
forward,2705,RSHO,*65,2701,7.293910337138391,,1,2,7.867869011584958,2,RUP:182.7/175.3/err7.4;RELB:339.9/331.5/err8.4,forward_only
forward,2707,LMEP,*54,2703,1.9494767125833437,,1,3,7.003479395316295,2,LTROC:415.6/420.2/err4.6;LTH:289.0/300.1/err11.2;LLEP:120.5/125.8/err5.2,forward_only
forward,2709,RSHO,*65,2705,6.954142746751841,,1,2,8.063633175357594,2,RUP:183.0/175.3/err7.7;RELB:339.9/331.5/err8.4,forward_only
forward,2711,LMEP,*54,2707,1.9913591319919284,,1,3,6.373657947476616,2,LTROC:415.5/420.2/err4.7;LTH:289.2/300.1/err10.9;LLEP:122.3/125.8/err3.5,forward_only
forward,2713,RSHO,*65,2709,6.8177191508487125,,1,2,8.181606714898592,2,RUP:183.3/175.3/err8.0;RELB:339.9/331.5/err8.4,forward_only
forward,2715,LMEP,*54,2711,2.9919816101085095,,1,3,6.56890273590443,2,LTROC:415.6/420.2/err4.6;LTH:289.0/300.1/err11.2;LLEP:121.8/125.8/err4.0,forward_only
forward,2717,RSHO,*65,2713,7.051968447513365,,1,2,8.167573787268239,2,RUP:183.3/175.3/err8.0;RELB:339.9/331.5/err8.3,forward_only
forward,2719,LMEP,*54,2715,15.328231000638558,,1,3,7.168775134070349,2,LTROC:413.7/420.2/err6.5;LTH:286.5/300.1/err13.6;LLEP:127.1/125.8/err1.4,forward_only
forward,2721,RSHO,*65,2717,7.218522134361869,,1,2,7.934974726728726,2,RUP:183.0/175.3/err7.7;RELB:339.7/331.5/err8.2,forward_only
forward,2723,LMEP,*54,2719,2.3936443008587163,,1,3,7.335100360980728,2,LTROC:413.5/420.2/err6.7;LTH:286.4/300.1/err13.7;LLEP:127.3/125.8/err1.6,forward_only
forward,2725,RSHO,*65,2721,7.320844227464666,,1,2,7.376154918725106,2,RUP:182.6/175.3/err7.3;RELB:338.9/331.5/err7.4,forward_only
forward,2729,RSHO,*65,2725,7.2673013690214425,,1,2,7.062705727270895,2,RUP:182.3/175.3/err7.0;RELB:338.7/331.5/err7.2,forward_only
forward,2733,RSHO,*65,2729,7.2117087832964835,,1,2,6.818844700575653,2,RUP:182.1/175.3/err6.8;RELB:338.4/331.5/err6.8,forward_only
forward,2737,RSHO,*65,2733,6.9083479816757345,,1,2,6.76737468322078,2,RUP:182.1/175.3/err6.8;RELB:338.2/331.5/err6.7,forward_only
forward,2740,LMEP,*54,2727,20.83274643872341,,1,3,5.594844006551814,5,LTROC:416.0/420.2/err4.3;LTH:290.8/300.1/err9.3;LLEP:122.6/125.8/err3.2,forward_only
forward,2741,RSHO,*65,2737,6.53842487284648,,1,2,6.848560443813582,2,RUP:182.2/175.3/err6.9;RELB:338.3/331.5/err6.8,forward_only
forward,2745,RSHO,*65,2741,6.239910813720232,,1,2,6.91701782861098,2,RUP:182.2/175.3/err6.9;RELB:338.4/331.5/err6.9,forward_only
forward,2748,LMEP,*54,2742,6.834396694462584,,1,3,5.637588969770751,4,LTROC:415.9/420.2/err4.4;LTH:290.9/300.1/err9.2;LLEP:122.4/125.8/err3.4,forward_only
forward,2749,RSHO,*65,2745,5.992488999926632,,1,2,7.198577102012891,2,RUP:182.4/175.3/err7.1;RELB:338.8/331.5/err7.3,forward_only
forward,2753,RSHO,*65,2749,5.782634780050591,,1,2,7.467688322339043,2,RUP:182.5/175.3/err7.2;RELB:339.2/331.5/err7.7,forward_only
forward,2756,LMEP,*54,2750,6.493919200707616,,1,3,6.030205645162819,4,LTROC:415.3/420.2/err5.0;LTH:290.5/300.1/err9.6;LLEP:122.2/125.8/err3.5,forward_only
forward,2757,RSHO,*65,2753,5.771777143511953,,1,2,7.632733924119194,2,RUP:182.5/175.3/err7.2;RELB:339.6/331.5/err8.0,forward_only
forward,2761,RSHO,*65,2757,5.899907233292153,,1,2,7.701635442492261,2,RUP:182.4/175.3/err7.1;RELB:339.9/331.5/err8.3,forward_only
forward,2764,LMEP,*54,2758,6.269409129273244,,1,3,6.1314269641140795,4,LTROC:415.0/420.2/err5.2;LTH:290.5/300.1/err9.7;LLEP:122.3/125.8/err3.5,forward_only
forward,2765,RSHO,*65,2761,6.4397746776123865,,1,2,7.4286768836595485,2,RUP:181.9/175.3/err6.6;RELB:339.8/331.5/err8.3,forward_only
forward,2769,RSHO,*65,2765,5.93174177861688,,1,2,6.707481277627608,2,RUP:181.0/175.3/err5.7;RELB:339.2/331.5/err7.7,forward_only
forward,2773,RSHO,*65,2769,5.90106423025422,,1,2,6.352693791296488,2,RUP:180.6/175.3/err5.3;RELB:339.0/331.5/err7.4,forward_only
forward,2777,RSHO,*65,2773,5.698131946606277,,1,2,6.155072167186873,2,RUP:180.3/175.3/err5.0;RELB:338.9/331.5/err7.3,forward_only
forward,2780,LMEP,*57,2773,6.659650863860015,,1,3,5.563826501875941,5,LTROC:415.6/420.2/err4.6;LTH:291.7/300.1/err8.4;LLEP:122.1/125.8/err3.7,forward_only
forward,2781,RSHO,*65,2777,5.43034959099359,,1,2,5.953278323043989,2,RUP:180.0/175.3/err4.7;RELB:338.7/331.5/err7.2,forward_only
forward,2785,RSHO,*65,2781,5.36448854394302,,1,2,5.849084167521099,2,RUP:179.8/175.3/err4.5;RELB:338.7/331.5/err7.2,forward_only
forward,2789,RSHO,*65,2785,5.3035847096470015,,1,2,5.724735267554237,2,RUP:179.8/175.3/err4.5;RELB:338.5/331.5/err7.0,forward_only
forward,2793,RSHO,*65,2789,5.336513481240622,,1,2,5.654562993251815,2,RUP:179.8/175.3/err4.5;RELB:338.3/331.5/err6.8,forward_only
forward,2797,RSHO,*65,2793,5.341273629667542,,1,2,5.685391331989877,2,RUP:179.9/175.3/err4.6;RELB:338.3/331.5/err6.8,forward_only
forward,2801,RSHO,*65,2797,5.837362109982534,,1,2,6.006891307684015,2,RUP:180.1/175.3/err4.8;RELB:338.7/331.5/err7.2,forward_only
forward,2805,RSHO,*65,2801,2.7282823536376863,,1,2,6.127747567466713,2,RUP:180.8/175.3/err5.5;RELB:338.3/331.5/err6.7,forward_only
