frame,marker,gap_start,gap_end,left_frame,right_frame,gap_len,avg_step,support,mean_error,details,method
2303,RBHD,2303,2304,2302,2305,2,2.224747994815883,2,0.15058070309837035,RFHD:181.8/181.6/err0.2;LFHD:214.6/214.5/err0.1,forward_short_gap_bridge
2304,RBHD,2303,2304,2302,2305,2,2.224747994815883,3,0.2584292364561094,LBHD:114.5/114.8/err0.3;RFHD:181.9/181.6/err0.4;LFHD:214.6/214.5/err0.1,forward_short_gap_bridge
2307,RBHD,2307,2307,2306,2308,1,2.320290975511482,2,0.47370127505524806,RFHD:182.3/181.6/err0.7;LFHD:214.7/214.5/err0.2,forward_short_gap_bridge
2311,RBHD,2311,2311,2310,2312,1,2.467365747160784,3,0.9389242837101364,LBHD:113.5/114.8/err1.3;RFHD:182.8/181.6/err1.3;LFHD:214.8/214.5/err0.3,forward_short_gap_bridge
2313,RBHD,2313,2313,2312,2314,1,2.4244694960245115,2,1.0482979125213063,RFHD:183.2/181.6/err1.6;LFHD:215.0/214.5/err0.5,forward_short_gap_bridge
2315,RBHD,2315,2316,2314,2317,2,2.4729713115311527,3,1.323225980389277,LBHD:113.3/114.8/err1.5;RFHD:183.4/181.6/err1.9;LFHD:215.1/214.5/err0.6,forward_short_gap_bridge
2316,RBHD,2315,2316,2314,2317,2,2.4729713115311527,3,3.3682174349394387,LBHD:107.3/114.8/err7.5;RFHD:183.5/181.6/err2.0;LFHD:215.1/214.5/err0.6,forward_short_gap_bridge
2595,RBHD,2595,2595,2594,2596,1,2.526752164636383,2,0.654109973864081,RFHD:182.3/181.6/err0.7;LFHD:215.1/214.5/err0.6,forward_short_gap_bridge
2603,RBHD,2603,2603,2602,2604,1,3.329495533163988,2,0.4569596049966407,RFHD:182.0/181.6/err0.4;LFHD:215.0/214.5/err0.5,forward_short_gap_bridge
2303,LBHD,2303,2303,2302,2304,1,2.310774905223678,3,0.10003868147448713,RBHD:114.6/114.8/err0.2;RFHD:209.4/209.4/err0.0;LFHD:170.2/170.3/err0.1,forward_short_gap_bridge
2306,LBHD,2306,2307,2305,2308,2,2.2876813975001924,3,0.19648835854716631,RBHD:114.3/114.8/err0.5;RFHD:209.4/209.4/err0.0;LFHD:170.2/170.3/err0.0,forward_short_gap_bridge
2307,LBHD,2306,2307,2305,2308,2,2.2876813975001924,3,0.24440048289312225,RBHD:114.1/114.8/err0.7;RFHD:209.4/209.4/err0.0;LFHD:170.3/170.3/err0.0,forward_short_gap_bridge
2313,LBHD,2313,2313,2312,2314,1,2.2151615818412504,3,0.5517384683693981,RBHD:113.4/114.8/err1.4;RFHD:209.5/209.4/err0.1;LFHD:170.4/170.3/err0.1,forward_short_gap_bridge
2317,LBHD,2317,2317,2316,2318,1,28.105275114610517,3,10.838342631953731,RBHD:107.0/114.8/err7.8;RFHD:217.8/209.4/err8.4;LFHD:186.5/170.3/err16.3,forward_short_gap_bridge
2319,LBHD,2319,2320,2318,2321,2,2.23483102588261,2,24.62623259854817,RFHD:228.6/209.4/err19.2;LFHD:200.3/170.3/err30.1,forward_short_gap_bridge
2320,LBHD,2319,2320,2318,2321,2,2.23483102588261,2,24.29803015498443,RFHD:228.1/209.4/err18.7;LFHD:200.2/170.3/err29.9,forward_short_gap_bridge
2327,LBHD,2327,2327,2326,2328,1,2.364853192120893,2,0.31955690292045347,RFHD:209.7/209.4/err0.2;LFHD:170.7/170.3/err0.4,forward_short_gap_bridge
2329,LBHD,2329,2329,2328,2330,1,2.481806274306441,2,0.7981824688532129,RFHD:210.2/209.4/err0.7;LFHD:171.1/170.3/err0.9,forward_short_gap_bridge
2331,LBHD,2331,2331,2330,2332,1,27.789253007002127,2,10.350138754992443,RFHD:217.0/209.4/err7.5;LFHD:183.4/170.3/err13.2,forward_short_gap_bridge
2333,LBHD,2333,2333,2332,2334,1,28.67297572783135,2,10.08674899245699,RFHD:216.7/209.4/err7.3;LFHD:183.1/170.3/err12.9,forward_short_gap_bridge
2335,LBHD,2335,2335,2334,2336,1,2.3243945536621355,2,0.06752707289822979,RFHD:209.3/209.4/err0.1;LFHD:170.3/170.3/err0.0,forward_short_gap_bridge
2337,LBHD,2337,2337,2336,2338,1,28.881052693499058,2,9.360876499566231,RFHD:215.7/209.4/err6.3;LFHD:182.7/170.3/err12.5,forward_short_gap_bridge
2340,LBHD,2340,2340,2339,2341,1,2.30003736902283,2,0.4676872408188757,RFHD:209.6/209.4/err0.1;LFHD:171.0/170.3/err0.8,forward_short_gap_bridge
2342,LBHD,2342,2342,2341,2343,1,2.2491156028715977,2,0.6411329849582756,RFHD:209.9/209.4/err0.5;LFHD:171.1/170.3/err0.8,forward_short_gap_bridge
2344,LBHD,2344,2344,2343,2345,1,2.320338291609275,2,0.5254227542917675,RFHD:209.9/209.4/err0.5;LFHD:170.8/170.3/err0.6,forward_short_gap_bridge
2346,LBHD,2346,2346,2345,2347,1,25.832365466556954,2,8.61101449274932,RFHD:215.4/209.4/err6.0;LFHD:181.5/170.3/err11.2,forward_short_gap_bridge
2348,LBHD,2348,2348,2347,2349,1,2.6103711461536006,2,20.17509452683278,RFHD:224.3/209.4/err14.8;LFHD:195.8/170.3/err25.5,forward_short_gap_bridge
2350,LBHD,2350,2350,2349,2351,1,2.312680223125957,2,20.363707334815246,RFHD:224.2/209.4/err14.8;LFHD:196.2/170.3/err26.0,forward_short_gap_bridge
2352,LBHD,2352,2352,2351,2353,1,28.098800697523806,2,8.950807562640847,RFHD:215.7/209.4/err6.2;LFHD:181.9/170.3/err11.7,forward_short_gap_bridge
2354,LBHD,2354,2354,2353,2355,1,2.237362004007551,2,0.4029454375618968,RFHD:209.6/209.4/err0.2;LFHD:170.9/170.3/err0.6,forward_short_gap_bridge
2358,LBHD,2358,2358,2357,2359,1,2.1882679107100955,2,0.8969676517020986,RFHD:210.1/209.4/err0.7;LFHD:171.4/170.3/err1.1,forward_short_gap_bridge
2362,LBHD,2362,2362,2361,2363,1,2.1381026228935536,2,0.2651516718796927,RFHD:209.6/209.4/err0.1;LFHD:170.6/170.3/err0.4,forward_short_gap_bridge
2366,LBHD,2366,2366,2365,2367,1,1.96570225800331,2,0.44985478045192906,RFHD:209.7/209.4/err0.2;LFHD:170.9/170.3/err0.7,forward_short_gap_bridge
2369,LBHD,2369,2369,2368,2370,1,1.9647480126542243,2,0.4794141020806393,RFHD:210.0/209.4/err0.5;LFHD:170.7/170.3/err0.4,forward_short_gap_bridge
2374,LBHD,2374,2374,2373,2375,1,2.10548415520089,2,0.393107155825021,RFHD:209.6/209.4/err0.2;LFHD:170.8/170.3/err0.6,forward_short_gap_bridge
2378,LBHD,2378,2378,2377,2379,1,2.2477364819328587,2,0.37839718120895327,RFHD:209.6/209.4/err0.2;LFHD:170.8/170.3/err0.6,forward_short_gap_bridge
2381,LBHD,2381,2381,2380,2382,1,2.5195279271081703,2,0.49281444477045966,RFHD:209.9/209.4/err0.4;LFHD:170.8/170.3/err0.5,forward_short_gap_bridge
2383,LBHD,2383,2383,2382,2384,1,2.723717055961828,2,0.3599431966342479,RFHD:209.9/209.4/err0.4;LFHD:170.5/170.3/err0.3,forward_short_gap_bridge
2385,LBHD,2385,2385,2384,2386,1,3.2801808687786917,2,0.9160782203856144,RFHD:210.3/209.4/err0.9;LFHD:171.2/170.3/err0.9,forward_short_gap_bridge
2387,LBHD,2387,2387,2386,2388,1,3.2436633791144334,2,1.2502035721083047,RFHD:210.8/209.4/err1.3;LFHD:171.4/170.3/err1.2,forward_short_gap_bridge
2391,LBHD,2391,2392,2390,2393,2,4.401011330246179,2,0.14886634219557493,RFHD:209.2/209.4/err0.2;LFHD:170.3/170.3/err0.1,forward_short_gap_bridge
2392,LBHD,2391,2392,2390,2393,2,4.401011330246179,2,0.57036656001263,RFHD:210.1/209.4/err0.7;LFHD:170.7/170.3/err0.4,forward_short_gap_bridge
2397,LBHD,2397,2397,2396,2398,1,4.758955026360315,2,0.33725555070419944,RFHD:209.8/209.4/err0.4;LFHD:170.6/170.3/err0.3,forward_short_gap_bridge
2400,LBHD,2400,2400,2399,2401,1,5.182829910645851,2,0.09315150690727592,RFHD:209.5/209.4/err0.0;LFHD:170.4/170.3/err0.2,forward_short_gap_bridge
2402,LBHD,2402,2402,2401,2403,1,5.550980538516155,2,0.2672191111214488,RFHD:209.8/209.4/err0.3;LFHD:170.4/170.3/err0.2,forward_short_gap_bridge
2406,LBHD,2406,2407,2405,2408,2,6.02620361117122,2,0.39999671695318284,RFHD:209.1/209.4/err0.3;LFHD:169.8/170.3/err0.5,forward_short_gap_bridge
2407,LBHD,2406,2407,2405,2408,2,6.02620361117122,2,0.49054718806269193,RFHD:209.0/209.4/err0.4;LFHD:169.7/170.3/err0.6,forward_short_gap_bridge
2409,LBHD,2409,2409,2408,2410,1,6.474807675632028,2,0.6343846229804768,RFHD:209.0/209.4/err0.5;LFHD:169.5/170.3/err0.8,forward_short_gap_bridge
2766,CLAV,2766,2766,2765,2767,1,2.148470895897794,3,7.306248541409199,C7:139.9/143.8/err3.9;STRN:172.7/181.9/err9.2;T10:233.0/241.8/err8.8,forward_short_gap_bridge
2800,CLAV,2800,2800,2799,2801,1,2.0944693207344938,3,8.168485233233858,C7:139.6/143.8/err4.1;STRN:169.2/181.9/err12.6;T10:234.0/241.8/err7.7,forward_short_gap_bridge
2841,CLAV,2841,2841,2840,2842,1,1.5644366389083406,3,8.050763720216423,C7:140.2/143.8/err3.5;STRN:169.5/181.9/err12.3;T10:233.5/241.8/err8.3,forward_short_gap_bridge
2876,CLAV,2876,2876,2875,2877,1,2.7487841470233274,3,8.744990302476888,C7:140.1/143.8/err3.7;STRN:168.8/181.9/err13.0;T10:232.3/241.8/err9.5,forward_short_gap_bridge
2315,C7,2315,2315,2314,2316,1,2.1386230028242563,3,2.7043756732626982,CLAV:141.5/143.8/err2.3;STRN:280.8/282.9/err2.1;T10:208.8/212.4/err3.6,forward_short_gap_bridge
2324,C7,2324,2325,2323,2326,2,2.335066606158659,3,1.8460050381430808,CLAV:143.8/143.8/err0.0;STRN:282.4/282.9/err0.6;T10:207.5/212.4/err5.0,forward_short_gap_bridge
2325,C7,2324,2325,2323,2326,2,2.335066606158659,3,2.1445447028759568,CLAV:144.3/143.8/err0.5;STRN:282.2/282.9/err0.7;T10:207.2/212.4/err5.2,forward_short_gap_bridge
2332,C7,2332,2332,2331,2333,1,2.371054773200831,3,3.910075967037367,CLAV:142.7/143.8/err1.1;STRN:279.4/282.9/err3.5;T10:205.3/212.4/err7.1,forward_short_gap_bridge
2334,C7,2334,2335,2333,2336,2,2.373128565000121,3,4.07109075715196,CLAV:142.6/143.8/err1.1;STRN:279.3/282.9/err3.6;T10:205.0/212.4/err7.4,forward_short_gap_bridge
2335,C7,2334,2335,2333,2336,2,2.373128565000121,3,4.256426972705602,CLAV:142.4/143.8/err1.4;STRN:279.1/282.9/err3.9;T10:204.9/212.4/err7.5,forward_short_gap_bridge
2338,C7,2338,2339,2337,2340,2,16.87107467258966,3,5.99463560398173,CLAV:139.8/143.8/err4.0;STRN:275.7/282.9/err7.2;T10:205.6/212.4/err6.8,forward_short_gap_bridge
2339,C7,2338,2339,2337,2340,2,16.87107467258966,3,8.403463346934378,CLAV:135.8/143.8/err7.9;STRN:271.1/282.9/err11.9;T10:207.0/212.4/err5.4,forward_short_gap_bridge
2343,C7,2343,2344,2342,2345,2,2.2389530738732364,3,3.763560964108071,CLAV:143.3/143.8/err0.5;STRN:279.9/282.9/err3.0;T10:204.6/212.4/err7.8,forward_short_gap_bridge
2344,C7,2343,2344,2342,2345,2,2.2389530738732364,3,3.652916545985922,CLAV:144.9/143.8/err1.1;STRN:280.7/282.9/err2.3;T10:204.8/212.4/err7.6,forward_short_gap_bridge
2347,C7,2347,2347,2346,2348,1,2.4238118173832954,3,3.327886057641147,CLAV:145.9/143.8/err2.1;STRN:282.2/282.9/err0.7;T10:205.3/212.4/err7.2,forward_short_gap_bridge
2349,C7,2349,2349,2348,2350,1,3.5850043890714236,3,3.4749811082986355,CLAV:144.7/143.8/err0.9;STRN:280.8/282.9/err2.1;T10:205.0/212.4/err7.4,forward_short_gap_bridge
2355,C7,2355,2356,2354,2357,2,2.0401467116908125,3,3.9841708915722145,CLAV:143.2/143.8/err0.6;STRN:279.1/282.9/err3.8;T10:204.9/212.4/err7.5,forward_short_gap_bridge
2356,C7,2355,2356,2354,2357,2,2.0401467116908125,3,3.543162214805354,CLAV:143.9/143.8/err0.1;STRN:279.7/282.9/err3.2;T10:205.1/212.4/err7.3,forward_short_gap_bridge
2359,C7,2359,2359,2358,2360,1,2.0772031784606764,3,4.0970604714227745,CLAV:143.1/143.8/err0.7;STRN:278.5/282.9/err4.4;T10:205.3/212.4/err7.2,forward_short_gap_bridge
2361,C7,2361,2361,2360,2362,1,2.0051215674792355,3,4.301002110700665,CLAV:142.6/143.8/err1.2;STRN:278.4/282.9/err4.6;T10:205.3/212.4/err7.2,forward_short_gap_bridge
2367,C7,2367,2367,2366,2368,1,1.8945364590854656,3,4.606406833049277,CLAV:142.9/143.8/err0.9;STRN:277.7/282.9/err5.3;T10:204.7/212.4/err7.7,forward_short_gap_bridge
2369,C7,2369,2370,2368,2371,2,1.9171640207149536,3,4.6867357391004605,CLAV:143.0/143.8/err0.8;STRN:277.7/282.9/err5.3;T10:204.5/212.4/err8.0,forward_short_gap_bridge
2370,C7,2369,2370,2368,2371,2,1.9171640207149536,3,4.822549900163902,CLAV:143.0/143.8/err0.8;STRN:277.4/282.9/err5.5;T10:204.3/212.4/err8.1,forward_short_gap_bridge
2382,C7,2382,2382,2381,2383,1,2.692670819894704,3,6.042369512365657,CLAV:143.8/143.8/err0.0;STRN:276.3/282.9/err6.7;T10:201.0/212.4/err11.4,forward_short_gap_bridge
2384,C7,2384,2385,2383,2386,2,2.8962910536530764,3,6.539382994476331,CLAV:144.0/143.8/err0.2;STRN:276.0/282.9/err7.0;T10:200.0/212.4/err12.4,forward_short_gap_bridge
2385,C7,2384,2385,2383,2386,2,2.8962910536530764,3,6.755350508963811,CLAV:144.1/143.8/err0.3;STRN:275.9/282.9/err7.0;T10:199.5/212.4/err12.9,forward_short_gap_bridge
2391,C7,2391,2391,2390,2392,1,3.7737704997889487,3,7.9065213732304285,CLAV:144.7/143.8/err0.9;STRN:275.6/282.9/err7.3;T10:197.0/212.4/err15.5,forward_short_gap_bridge
2393,C7,2393,2393,2392,2394,1,4.044240968020908,3,8.286954029564612,CLAV:145.1/143.8/err1.3;STRN:275.5/282.9/err7.4;T10:196.2/212.4/err16.2,forward_short_gap_bridge
2402,C7,2402,2402,2401,2403,1,25.841234771615575,3,10.678952473104156,CLAV:138.6/143.8/err5.2;STRN:268.9/282.9/err14.1;T10:199.6/212.4/err12.8,forward_short_gap_bridge
2405,C7,2405,2405,2404,2406,1,6.120410955132886,3,11.090167366079177,CLAV:134.7/143.8/err9.1;STRN:263.8/282.9/err19.1;T10:207.3/212.4/err5.1,forward_short_gap_bridge
2407,C7,2407,2407,2406,2408,1,5.082618527760067,3,10.993436377320108,CLAV:134.9/143.8/err8.9;STRN:264.3/282.9/err18.6;T10:206.9/212.4/err5.5,forward_short_gap_bridge
2409,C7,2409,2410,2408,2411,2,7.703224768248371,3,10.992271779238507,CLAV:135.0/143.8/err8.8;STRN:264.3/282.9/err18.6;T10:206.8/212.4/err5.6,forward_short_gap_bridge
2410,C7,2409,2410,2408,2411,2,7.703224768248371,3,11.412389272996771,CLAV:134.7/143.8/err9.1;STRN:263.5/282.9/err19.5;T10:206.8/212.4/err5.7,forward_short_gap_bridge
2412,C7,2412,2412,2411,2413,1,20.921118240570266,3,11.63818240519771,CLAV:138.6/143.8/err5.2;STRN:268.2/282.9/err14.8;T10:197.4/212.4/err15.0,forward_short_gap_bridge
2421,C7,2421,2422,2420,2423,2,7.537334254577711,3,11.005536881163636,CLAV:147.0/143.8/err3.3;STRN:275.7/282.9/err7.3;T10:189.9/212.4/err22.5,forward_short_gap_bridge
2422,C7,2421,2422,2420,2423,2,7.537334254577711,3,10.984174864601263,CLAV:147.0/143.8/err3.3;STRN:275.7/282.9/err7.2;T10:190.0/212.4/err22.4,forward_short_gap_bridge
2426,C7,2426,2427,2425,2428,2,7.803074011629043,3,10.840682951636827,CLAV:146.7/143.8/err2.9;STRN:275.8/282.9/err7.1;T10:189.9/212.4/err22.5,forward_short_gap_bridge
2427,C7,2426,2427,2425,2428,2,7.803074011629043,3,10.850371748178068,CLAV:146.7/143.8/err2.9;STRN:275.8/282.9/err7.1;T10:189.9/212.4/err22.5,forward_short_gap_bridge
2430,C7,2430,2430,2429,2431,1,7.878770425036788,3,10.94379424549418,CLAV:147.0/143.8/err3.2;STRN:275.9/282.9/err7.0;T10:189.8/212.4/err22.6,forward_short_gap_bridge
2444,C7,2444,2444,2443,2445,1,7.0333619814191675,3,10.956217750627266,CLAV:149.8/143.8/err6.0;STRN:279.7/282.9/err3.2;T10:188.8/212.4/err23.6,forward_short_gap_bridge
2446,C7,2446,2446,2445,2447,1,6.740789951332575,3,11.137067487534457,CLAV:150.4/143.8/err6.6;STRN:279.9/282.9/err3.0;T10:188.6/212.4/err23.8,forward_short_gap_bridge
2448,C7,2448,2448,2447,2449,1,6.555775643008145,3,10.860704177703449,CLAV:149.5/143.8/err5.7;STRN:280.1/282.9/err2.9;T10:188.4/212.4/err24.0,forward_short_gap_bridge
2450,C7,2450,2450,2449,2451,1,6.040855718710752,3,10.70528157029336,CLAV:149.5/143.8/err5.7;STRN:280.4/282.9/err2.5;T10:188.5/212.4/err23.9,forward_short_gap_bridge
2452,C7,2452,2452,2451,2453,1,5.852813976335673,3,10.765488043469722,CLAV:149.7/143.8/err5.9;STRN:280.8/282.9/err2.1;T10:188.2/212.4/err24.2,forward_short_gap_bridge
2454,C7,2454,2454,2453,2455,1,5.2967516686420275,3,10.54285942593315,CLAV:149.4/143.8/err5.6;STRN:281.1/282.9/err1.8;T10:188.2/212.4/err24.2,forward_short_gap_bridge
2456,C7,2456,2456,2455,2457,1,4.747314981851428,3,10.632848812953256,CLAV:150.2/143.8/err6.5;STRN:281.7/282.9/err1.3;T10:188.2/212.4/err24.2,forward_short_gap_bridge
2458,C7,2458,2458,2457,2459,1,4.377494053389744,3,10.138211407304814,CLAV:149.1/143.8/err5.4;STRN:282.1/282.9/err0.9;T10:188.2/212.4/err24.2,forward_short_gap_bridge
2460,C7,2460,2460,2459,2461,1,3.80772077600546,3,10.089300469543494,CLAV:149.3/143.8/err5.5;STRN:282.3/282.9/err0.6;T10:188.3/212.4/err24.2,forward_short_gap_bridge
2462,C7,2462,2462,2461,2463,1,3.2678358082798833,3,10.05497127769605,CLAV:149.3/143.8/err5.5;STRN:282.5/282.9/err0.4;T10:188.2/212.4/err24.2,forward_short_gap_bridge
2464,C7,2464,2464,2463,2465,1,2.6980778794032405,3,9.87509376462277,CLAV:148.8/143.8/err5.0;STRN:282.6/282.9/err0.3;T10:188.2/212.4/err24.2,forward_short_gap_bridge
2466,C7,2466,2466,2465,2467,1,1.8473752578982183,3,9.73449072851605,CLAV:148.6/143.8/err4.8;STRN:282.8/282.9/err0.1;T10:188.2/212.4/err24.2,forward_short_gap_bridge
2468,C7,2468,2468,2467,2469,1,0.9838437414130234,3,10.092384033614024,CLAV:149.1/143.8/err5.3;STRN:283.5/282.9/err0.6;T10:188.0/212.4/err24.4,forward_short_gap_bridge
2470,C7,2470,2470,2469,2471,1,0.46377582258865924,3,10.519117875399283,CLAV:149.6/143.8/err5.8;STRN:284.2/282.9/err1.2;T10:187.9/212.4/err24.6,forward_short_gap_bridge
2472,C7,2472,2472,2471,2473,1,0.5358412289853559,3,10.129124817855342,CLAV:148.8/143.8/err5.0;STRN:283.9/282.9/err1.0;T10:188.0/212.4/err24.4,forward_short_gap_bridge
2474,C7,2474,2474,2473,2475,1,1.0564070801184808,3,9.748700829296155,CLAV:148.0/143.8/err4.2;STRN:283.5/282.9/err0.6;T10:187.9/212.4/err24.5,forward_short_gap_bridge
2476,C7,2476,2476,2475,2477,1,1.8445202794062063,3,9.553437924633263,CLAV:147.7/143.8/err3.9;STRN:283.5/282.9/err0.6;T10:188.3/212.4/err24.2,forward_short_gap_bridge
2478,C7,2478,2478,2477,2479,1,2.634433635639467,3,9.35564921020269,CLAV:147.4/143.8/err3.6;STRN:283.5/282.9/err0.6;T10:188.5/212.4/err23.9,forward_short_gap_bridge
2480,C7,2480,2480,2479,2481,1,3.5759538547546748,3,9.246349223046812,CLAV:147.2/143.8/err3.5;STRN:283.6/282.9/err0.7;T10:188.8/212.4/err23.6,forward_short_gap_bridge
2482,C7,2482,2482,2481,2483,1,4.4776350416218,3,9.343161649583237,CLAV:147.5/143.8/err3.7;STRN:284.0/282.9/err1.0;T10:189.1/212.4/err23.3,forward_short_gap_bridge
2484,C7,2484,2484,2483,2485,1,4.798642526107915,3,9.187812965168101,CLAV:147.4/143.8/err3.6;STRN:283.9/282.9/err1.0;T10:189.5/212.4/err22.9,forward_short_gap_bridge
2486,C7,2486,2486,2485,2487,1,5.606453254956047,3,8.765674864841847,CLAV:146.9/143.8/err3.2;STRN:283.5/282.9/err0.5;T10:189.8/212.4/err22.6,forward_short_gap_bridge
2488,C7,2488,2488,2487,2489,1,6.340651704810465,3,8.366000594720608,CLAV:146.6/143.8/err2.8;STRN:283.0/282.9/err0.1;T10:190.2/212.4/err22.2,forward_short_gap_bridge
2490,C7,2490,2490,2489,2491,1,7.221238674541377,3,8.187834729118842,CLAV:146.4/143.8/err2.6;STRN:282.8/282.9/err0.2;T10:190.6/212.4/err21.8,forward_short_gap_bridge
2492,C7,2492,2492,2491,2493,1,7.92284985899569,3,8.083410112153834,CLAV:146.5/143.8/err2.7;STRN:282.7/282.9/err0.3;T10:191.1/212.4/err21.3,forward_short_gap_bridge
2494,C7,2494,2494,2493,2495,1,8.693797994960965,3,7.89022100170439,CLAV:146.6/143.8/err2.8;STRN:282.8/282.9/err0.1;T10:191.7/212.4/err20.7,forward_short_gap_bridge
2496,C7,2496,2496,2495,2497,1,8.914842107460691,3,7.831824263420875,CLAV:146.3/143.8/err2.5;STRN:282.2/282.9/err0.7;T10:192.1/212.4/err20.3,forward_short_gap_bridge
2498,C7,2498,2498,2497,2499,1,9.934950145809847,3,7.624384997787814,CLAV:145.7/143.8/err1.9;STRN:281.7/282.9/err1.2;T10:192.7/212.4/err19.7,forward_short_gap_bridge
2598,C7,2598,2598,2597,2599,1,4.410084682454927,3,6.1453120946334066,CLAV:143.3/143.8/err0.5;STRN:278.8/282.9/err4.2;T10:226.2/212.4/err13.8,forward_short_gap_bridge
2545,T10,2545,2545,2544,2546,1,7.41952984538522,2,5.8033513026441454,CLAV:244.6/241.8/err2.8;STRN:227.0/218.3/err8.8,forward_short_gap_bridge
2547,T10,2547,2547,2546,2548,1,7.191314060680048,2,5.846409530580871,CLAV:244.9/241.8/err3.1;STRN:226.9/218.3/err8.6,forward_short_gap_bridge
2549,T10,2549,2549,2548,2550,1,6.764658744819165,2,6.4056631198631635,CLAV:245.8/241.8/err4.0;STRN:227.1/218.3/err8.8,forward_short_gap_bridge
2303,LELA,2303,2304,2302,2305,2,1.203719143084126,3,0.07383453971565264,LSHO:335.1/335.1/err0.0;LUP:187.5/187.6/err0.1;LELB:84.9/84.8/err0.1,forward_short_gap_bridge
2304,LELA,2303,2304,2302,2305,2,1.203719143084126,3,0.1057235925787315,LSHO:335.1/335.1/err0.1;LUP:187.5/187.6/err0.1;LELB:84.9/84.8/err0.1,forward_short_gap_bridge
2311,LELA,2311,2311,2310,2312,1,1.5623004959562643,3,0.43943857439742356,LSHO:335.5/335.1/err0.3;LUP:187.9/187.6/err0.3;LELB:84.1/84.8/err0.7,forward_short_gap_bridge
2315,LELA,2315,2315,2314,2316,1,1.5628492301835415,3,0.31853890412259983,LSHO:334.7/335.1/err0.5;LUP:187.5/187.6/err0.1;LELB:84.4/84.8/err0.4,forward_short_gap_bridge
2319,LELA,2319,2319,2318,2320,1,1.4893531534288131,3,0.6427096397555611,LSHO:333.9/335.1/err1.3;LUP:187.1/187.6/err0.5;LELB:84.7/84.8/err0.1,forward_short_gap_bridge
2323,LELA,2323,2323,2322,2324,1,1.4371207977935125,3,0.9390451143780183,LSHO:333.3/335.1/err1.9;LUP:186.7/187.6/err0.9;LELB:84.8/84.8/err0.1,forward_short_gap_bridge
2327,LELA,2327,2327,2326,2328,1,1.4507711651158304,3,1.351448960753994,LSHO:332.8/335.1/err2.4;LUP:186.5/187.6/err1.1;LELB:85.4/84.8/err0.6,forward_short_gap_bridge
2331,LELA,2331,2331,2330,2332,1,1.4910160045333472,3,1.5785973944799092,LSHO:332.4/335.1/err2.7;LUP:186.4/187.6/err1.2;LELB:85.6/84.8/err0.8,forward_short_gap_bridge
2335,LELA,2335,2335,2334,2336,1,1.6000964653934986,3,1.8097515117704195,LSHO:332.1/335.1/err3.1;LUP:186.3/187.6/err1.3;LELB:85.9/84.8/err1.1,forward_short_gap_bridge
2339,LELA,2339,2339,2338,2340,1,1.8178145066562206,3,2.0161623164549383,LSHO:331.8/335.1/err3.3;LUP:186.2/187.6/err1.4;LELB:86.1/84.8/err1.3,forward_short_gap_bridge
2343,LELA,2343,2343,2342,2344,1,2.1485862873315504,3,2.076323335467317,LSHO:331.6/335.1/err3.5;LUP:186.2/187.6/err1.4;LELB:86.0/84.8/err1.3,forward_short_gap_bridge
2345,LELA,2345,2346,2344,2347,2,2.3527154732739977,3,2.233812480273945,LSHO:331.3/335.1/err3.8;LUP:186.1/187.6/err1.5;LELB:86.2/84.8/err1.4,forward_short_gap_bridge
2346,LELA,2345,2346,2344,2347,2,2.3527154732739977,3,2.3081796047845224,LSHO:331.2/335.1/err3.9;LUP:186.1/187.6/err1.5;LELB:86.3/84.8/err1.5,forward_short_gap_bridge
2349,LELA,2349,2349,2348,2350,1,2.568232520537012,3,2.573350476770713,LSHO:330.9/335.1/err4.3;LUP:186.1/187.6/err1.5;LELB:86.7/84.8/err2.0,forward_short_gap_bridge
2352,LELA,2352,2352,2351,2353,1,2.7286386206575877,3,2.862300142097027,LSHO:330.4/335.1/err4.7;LUP:186.1/187.6/err1.5;LELB:87.1/84.8/err2.4,forward_short_gap_bridge
2356,LELA,2356,2356,2355,2357,1,2.855008961727997,3,3.2482985762638017,LSHO:329.8/335.1/err5.4;LUP:186.2/187.6/err1.4;LELB:87.8/84.8/err3.0,forward_short_gap_bridge
2360,LELA,2360,2361,2359,2362,2,2.695938506428926,3,3.760667899938847,LSHO:329.2/335.1/err6.0;LUP:186.5/187.6/err1.1;LELB:89.0/84.8/err4.2,forward_short_gap_bridge
2361,LELA,2360,2361,2359,2362,2,2.695938506428926,3,3.9141878531276055,LSHO:329.0/335.1/err6.2;LUP:186.6/187.6/err1.0;LELB:89.4/84.8/err4.6,forward_short_gap_bridge
2380,LELA,2380,2380,2379,2381,1,2.1957436648632758,3,6.236996217442221,LSHO:324.7/335.1/err10.4;LUP:185.1/187.6/err2.5;LELB:90.6/84.8/err5.8,forward_short_gap_bridge
2382,LELA,2382,2382,2381,2383,1,2.64406214924598,3,6.074617305397875,LSHO:324.9/335.1/err10.2;LUP:185.4/187.6/err2.1;LELB:90.6/84.8/err5.8,forward_short_gap_bridge
2384,LELA,2384,2384,2383,2385,1,2.1385569576956214,3,6.153012559908253,LSHO:324.7/335.1/err10.5;LUP:185.5/187.6/err2.1;LELB:90.7/84.8/err5.9,forward_short_gap_bridge
2386,LELA,2386,2386,2385,2387,1,2.2756260091672282,3,6.215365619496922,LSHO:324.4/335.1/err10.7;LUP:185.5/187.6/err2.1;LELB:90.6/84.8/err5.8,forward_short_gap_bridge
2388,LELA,2388,2388,2387,2389,1,2.0494956247090697,3,6.519310940336908,LSHO:323.7/335.1/err11.4;LUP:185.1/187.6/err2.5;LELB:90.4/84.8/err5.6,forward_short_gap_bridge
2390,LELA,2390,2390,2389,2391,1,2.030689191944806,3,6.728600595236718,LSHO:323.2/335.1/err12.0;LUP:184.8/187.6/err2.8;LELB:90.2/84.8/err5.5,forward_short_gap_bridge
2392,LELA,2392,2392,2391,2393,1,2.0229059381502608,3,6.85967818283504,LSHO:322.8/335.1/err12.3;LUP:184.8/187.6/err2.7;LELB:90.3/84.8/err5.5,forward_short_gap_bridge
2394,LELA,2394,2394,2393,2395,1,2.074570803749687,3,6.970262250050794,LSHO:322.5/335.1/err12.6;LUP:184.8/187.6/err2.8;LELB:90.3/84.8/err5.5,forward_short_gap_bridge
2396,LELA,2396,2396,2395,2397,1,2.2957276696984232,3,7.0985938218868325,LSHO:322.2/335.1/err12.9;LUP:184.8/187.6/err2.8;LELB:90.4/84.8/err5.6,forward_short_gap_bridge
2398,LELA,2398,2398,2397,2399,1,2.5939900128948805,3,7.028108223673651,LSHO:322.1/335.1/err13.0;LUP:185.0/187.6/err2.6;LELB:90.2/84.8/err5.4,forward_short_gap_bridge
2400,LELA,2400,2400,2399,2401,1,2.7906905002655638,3,7.0945732508152775,LSHO:321.9/335.1/err13.3;LUP:185.0/187.6/err2.6;LELB:90.2/84.8/err5.4,forward_short_gap_bridge
2402,LELA,2402,2402,2401,2403,1,3.1491177625408127,3,7.145621860929921,LSHO:321.6/335.1/err13.5;LUP:185.0/187.6/err2.6;LELB:90.1/84.8/err5.4,forward_short_gap_bridge
2404,LELA,2404,2404,2403,2405,1,3.548695064239106,3,7.223541970774353,LSHO:321.4/335.1/err13.7;LUP:185.0/187.6/err2.6;LELB:90.2/84.8/err5.4,forward_short_gap_bridge
2406,LELA,2406,2406,2405,2407,1,4.013673924152055,3,7.383087432884655,LSHO:321.1/335.1/err14.0;LUP:184.9/187.6/err2.7;LELB:90.2/84.8/err5.4,forward_short_gap_bridge
2408,LELA,2408,2408,2407,2409,1,4.30239295992915,3,7.5081658875043855,LSHO:320.8/335.1/err14.4;LUP:184.6/187.6/err3.0;LELB:90.0/84.8/err5.2,forward_short_gap_bridge
2410,LELA,2410,2410,2409,2411,1,5.018206526583635,3,7.5600267776865495,LSHO:320.7/335.1/err14.4;LUP:184.6/187.6/err3.0;LELB:90.1/84.8/err5.3,forward_short_gap_bridge
2412,LELA,2412,2412,2411,2413,1,5.022932879715336,3,7.5899109473908055,LSHO:320.6/335.1/err14.5;LUP:184.6/187.6/err3.0;LELB:90.0/84.8/err5.2,forward_short_gap_bridge
2414,LELA,2414,2414,2413,2415,1,5.6594902885618765,3,7.658963743713495,LSHO:320.4/335.1/err14.7;LUP:184.4/187.6/err3.2;LELB:89.8/84.8/err5.1,forward_short_gap_bridge
2416,LELA,2416,2416,2415,2417,1,6.070595435983732,3,7.651432350953722,LSHO:320.4/335.1/err14.7;LUP:184.4/187.6/err3.1;LELB:89.8/84.8/err5.1,forward_short_gap_bridge
2418,LELA,2418,2418,2417,2419,1,6.4429317008229114,3,7.636554947123737,LSHO:320.4/335.1/err14.7;LUP:184.5/187.6/err3.1;LELB:89.9/84.8/err5.1,forward_short_gap_bridge
2420,LELA,2420,2420,2419,2421,1,6.877768462535974,3,7.600668259390531,LSHO:320.5/335.1/err14.7;LUP:184.7/187.6/err2.9;LELB:90.0/84.8/err5.2,forward_short_gap_bridge
2422,LELA,2422,2422,2421,2423,1,6.940905060640396,3,7.573248111230957,LSHO:320.4/335.1/err14.7;LUP:184.5/187.6/err3.1;LELB:89.7/84.8/err4.9,forward_short_gap_bridge
2424,LELA,2424,2424,2423,2425,1,7.90423593723042,3,7.5521787937200315,LSHO:320.5/335.1/err14.7;LUP:184.6/187.6/err3.0;LELB:89.7/84.8/err4.9,forward_short_gap_bridge
2426,LELA,2426,2426,2425,2427,1,7.9128445955030084,3,7.563872510535849,LSHO:320.6/335.1/err14.5;LUP:184.8/187.6/err2.8;LELB:90.2/84.8/err5.4,forward_short_gap_bridge
2428,LELA,2428,2428,2427,2429,1,7.810309343946186,3,7.536799272544347,LSHO:320.6/335.1/err14.5;LUP:184.7/187.6/err2.9;LELB:90.0/84.8/err5.2,forward_short_gap_bridge
2436,LELA,2436,2436,2435,2437,1,8.846787250842802,3,7.604316134219492,LSHO:320.5/335.1/err14.7;LUP:184.5/187.6/err3.1;LELB:89.8/84.8/err5.1,forward_short_gap_bridge
2438,LELA,2438,2438,2437,2439,1,8.928395631774805,3,7.435112542082564,LSHO:320.9/335.1/err14.2;LUP:184.8/187.6/err2.8;LELB:90.1/84.8/err5.3,forward_short_gap_bridge
2440,LELA,2440,2440,2439,2441,1,9.826013585164336,3,7.389902621289096,LSHO:321.3/335.1/err13.8;LUP:185.3/187.6/err2.3;LELB:90.9/84.8/err6.1,forward_short_gap_bridge
2442,LELA,2442,2442,2441,2443,1,8.389291467533177,3,7.122686024364195,LSHO:322.1/335.1/err13.0;LUP:185.8/187.6/err1.7;LELB:91.4/84.8/err6.6,forward_short_gap_bridge
2444,LELA,2444,2444,2443,2445,1,8.21717503592206,3,6.653952423790329,LSHO:323.0/335.1/err12.1;LUP:186.1/187.6/err1.5;LELB:91.1/84.8/err6.4,forward_short_gap_bridge
2446,LELA,2446,2446,2445,2447,1,8.684361609985455,3,6.314304467540268,LSHO:323.7/335.1/err11.4;LUP:186.4/187.6/err1.2;LELB:91.1/84.8/err6.3,forward_short_gap_bridge
2448,LELA,2448,2448,2447,2449,1,10.402325145321251,3,6.570128601964811,LSHO:323.6/335.1/err11.5;LUP:186.5/187.6/err1.1;LELB:91.8/84.8/err7.1,forward_short_gap_bridge
2450,LELA,2450,2450,2449,2451,1,7.103719333878979,3,6.491873352271057,LSHO:323.9/335.1/err11.2;LUP:186.6/187.6/err1.0;LELB:92.0/84.8/err7.2,forward_short_gap_bridge
2452,LELA,2452,2452,2451,2453,1,7.6653562099983334,3,6.060864764779623,LSHO:324.6/335.1/err10.6;LUP:186.5/187.6/err1.0;LELB:91.4/84.8/err6.6,forward_short_gap_bridge
2454,LELA,2454,2454,2453,2455,1,8.521853402357461,3,6.2891221888840505,LSHO:324.5/335.1/err10.6;LUP:186.6/187.6/err1.0;LELB:92.0/84.8/err7.2,forward_short_gap_bridge
2456,LELA,2456,2456,2455,2457,1,6.1620822719669,3,6.464679666186693,LSHO:324.5/335.1/err10.7;LUP:186.7/187.6/err0.9;LELB:92.6/84.8/err7.8,forward_short_gap_bridge
2458,LELA,2458,2458,2457,2459,1,6.1546688850071885,3,7.728811216871975,LSHO:322.3/335.1/err12.8;LUP:184.5/187.6/err3.0;LELB:92.1/84.8/err7.3,forward_short_gap_bridge
2477,LELA,2477,2478,2476,2479,2,5.638220577770789,3,7.359333138014402,LSHO:322.2/335.1/err13.0;LUP:184.6/187.6/err2.9;LELB:90.9/84.8/err6.1,forward_short_gap_bridge
2478,LELA,2477,2478,2476,2479,2,5.638220577770789,3,7.48919632687316,LSHO:322.0/335.1/err13.2;LUP:184.9/187.6/err2.7;LELB:91.3/84.8/err6.5,forward_short_gap_bridge
2483,LELA,2483,2484,2482,2485,2,11.932563477350845,3,7.989729330106154,LSHO:320.2/335.1/err14.9;LUP:184.4/187.6/err3.2;LELB:90.6/84.8/err5.8,forward_short_gap_bridge
2484,LELA,2483,2484,2482,2485,2,11.932563477350845,3,7.8547120254070535,LSHO:320.2/335.1/err14.9;LUP:184.9/187.6/err2.7;LELB:90.7/84.8/err5.9,forward_short_gap_bridge
2487,LELA,2487,2487,2486,2488,1,14.16703423661422,3,9.360346847912817,LSHO:317.3/335.1/err17.8;LUP:183.4/187.6/err4.1;LELB:90.9/84.8/err6.1,forward_short_gap_bridge
2489,LELA,2489,2489,2488,2490,1,15.708901175130851,3,9.784193398398267,LSHO:316.1/335.1/err19.1;LUP:183.5/187.6/err4.1;LELB:91.0/84.8/err6.2,forward_short_gap_bridge
2491,LELA,2491,2491,2490,2492,1,17.75633228318022,3,9.78856899553954,LSHO:315.6/335.1/err19.5;LUP:184.4/187.6/err3.2;LELB:91.4/84.8/err6.7,forward_short_gap_bridge
2493,LELA,2493,2493,2492,2494,1,18.451277360225195,3,9.75210143120095,LSHO:315.3/335.1/err19.9;LUP:185.6/187.6/err2.0;LELB:92.2/84.8/err7.4,forward_short_gap_bridge
2495,LELA,2495,2495,2494,2496,1,19.07523166380423,3,10.593164145984312,LSHO:313.4/335.1/err21.7;LUP:185.1/187.6/err2.5;LELB:92.3/84.8/err7.6,forward_short_gap_bridge
2497,LELA,2497,2497,2496,2498,1,20.49606480246184,3,11.35582715421431,LSHO:311.3/335.1/err23.8;LUP:184.5/187.6/err3.1;LELB:91.9/84.8/err7.1,forward_short_gap_bridge
2499,LELA,2499,2499,2498,2500,1,21.08879835899658,3,12.09798637750473,LSHO:309.3/335.1/err25.8;LUP:184.2/187.6/err3.4;LELB:91.9/84.8/err7.1,forward_short_gap_bridge
2501,LELA,2501,2501,2500,2502,1,21.474405411676337,3,12.24821443685604,LSHO:307.8/335.1/err27.3;LUP:183.9/187.6/err3.7;LELB:90.5/84.8/err5.7,forward_short_gap_bridge
2503,LELA,2503,2503,2502,2504,1,21.613904316632816,3,12.526177399842803,LSHO:305.8/335.1/err29.3;LUP:183.9/187.6/err3.7;LELB:89.4/84.8/err4.6,forward_short_gap_bridge
2505,LELA,2505,2505,2504,2506,1,21.551848968571722,3,13.014290229275128,LSHO:303.6/335.1/err31.5;LUP:183.7/187.6/err3.9;LELB:88.4/84.8/err3.6,forward_short_gap_bridge
2507,LELA,2507,2507,2506,2508,1,21.30417108273255,3,13.511915300355563,LSHO:301.6/335.1/err33.6;LUP:183.5/187.6/err4.1;LELB:87.7/84.8/err2.9,forward_short_gap_bridge
2509,LELA,2509,2509,2508,2510,1,20.780171627015957,3,13.91613399652735,LSHO:299.8/335.1/err35.3;LUP:183.3/187.6/err4.2;LELB:86.9/84.8/err2.2,forward_short_gap_bridge
2511,LELA,2511,2511,2510,2512,1,20.05115690507985,3,14.08546154261541,LSHO:298.5/335.1/err36.6;LUP:183.5/187.6/err4.1;LELB:86.3/84.8/err1.5,forward_short_gap_bridge
2513,LELA,2513,2513,2512,2514,1,19.277910348861585,3,14.045904782781031,LSHO:297.7/335.1/err37.4;LUP:183.9/187.6/err3.7;LELB:85.8/84.8/err1.0,forward_short_gap_bridge
2515,LELA,2515,2515,2514,2516,1,18.80230614896428,3,13.82655575603942,LSHO:297.4/335.1/err37.8;LUP:184.5/187.6/err3.1;LELB:85.3/84.8/err0.6,forward_short_gap_bridge
2517,LELA,2517,2517,2516,2518,1,18.01003215428854,3,13.700577835519121,LSHO:296.9/335.1/err38.3;LUP:184.9/187.6/err2.7;LELB:84.9/84.8/err0.1,forward_short_gap_bridge
2519,LELA,2519,2519,2518,2520,1,16.947786432210187,2,1.7075338452024198,LUP:185.0/187.6/err2.6;LELB:84.0/84.8/err0.8,forward_short_gap_bridge
2521,LELA,2521,2521,2520,2522,1,16.057429497064195,2,1.5163374425140361,LUP:185.2/187.6/err2.4;LELB:84.2/84.8/err0.6,forward_short_gap_bridge
2523,LELA,2523,2523,2522,2524,1,14.789240423076597,2,1.1433135585547305,LUP:185.6/187.6/err2.0;LELB:84.5/84.8/err0.3,forward_short_gap_bridge
2525,LELA,2525,2525,2524,2526,1,13.287091370275924,2,1.0792820206448468,LUP:186.2/187.6/err1.4;LELB:84.0/84.8/err0.8,forward_short_gap_bridge
2527,LELA,2527,2527,2526,2528,1,11.591035751152406,2,0.8940261052083613,LUP:186.7/187.6/err0.9;LELB:83.9/84.8/err0.9,forward_short_gap_bridge
2529,LELA,2529,2529,2528,2530,1,9.85146767138983,2,0.8966282769331713,LUP:187.0/187.6/err0.5;LELB:83.5/84.8/err1.2,forward_short_gap_bridge
2531,LELA,2531,2531,2530,2532,1,8.20184678132616,2,1.015355065032523,LUP:187.2/187.6/err0.4;LELB:83.2/84.8/err1.6,forward_short_gap_bridge
2533,LELA,2533,2533,2532,2534,1,6.741521959691764,2,0.961059843251796,LUP:187.4/187.6/err0.2;LELB:83.1/84.8/err1.7,forward_short_gap_bridge
2537,LELA,2537,2537,2536,2538,1,5.332731604081292,2,1.5047851509691057,LUP:189.6/187.6/err2.0;LELB:83.7/84.8/err1.0,forward_short_gap_bridge
2540,LELA,2540,2540,2539,2541,1,5.3616527043083275,3,8.406766993493989,LSHO:313.9/335.1/err21.3;LUP:191.0/187.6/err3.4;LELB:84.3/84.8/err0.5,forward_short_gap_bridge
2542,LELA,2542,2542,2541,2543,1,5.388805715168059,3,7.54060868265005,LSHO:316.7/335.1/err18.4;LUP:191.1/187.6/err3.5;LELB:84.1/84.8/err0.7,forward_short_gap_bridge
2544,LELA,2544,2544,2543,2545,1,5.509626050832337,3,6.767193846513838,LSHO:319.4/335.1/err15.7;LUP:190.9/187.6/err3.4;LELB:83.6/84.8/err1.2,forward_short_gap_bridge
2546,LELA,2546,2546,2545,2547,1,5.819856080478423,3,5.638479889418643,LSHO:321.3/335.1/err13.9;LUP:190.4/187.6/err2.8;LELB:85.0/84.8/err0.2,forward_short_gap_bridge
2548,LELA,2548,2548,2547,2549,1,6.259336566819704,3,5.041271635646358,LSHO:323.3/335.1/err11.9;LUP:189.8/187.6/err2.3;LELB:83.8/84.8/err1.0,forward_short_gap_bridge
2551,LELA,2551,2551,2550,2552,1,7.1333970978705095,3,4.291581138491139,LSHO:325.9/335.1/err9.3;LUP:189.7/187.6/err2.1;LELB:83.2/84.8/err1.6,forward_short_gap_bridge
2554,LELA,2554,2554,2553,2555,1,7.927538488016289,3,3.6255933376975995,LSHO:328.6/335.1/err6.5;LUP:190.1/187.6/err2.5;LELB:82.9/84.8/err1.9,forward_short_gap_bridge
2556,LELA,2556,2556,2555,2557,1,8.15579613825253,3,3.246892335570294,LSHO:330.5/335.1/err4.6;LUP:190.7/187.6/err3.1;LELB:82.8/84.8/err2.0,forward_short_gap_bridge
2558,LELA,2558,2558,2557,2559,1,8.216121589744338,3,2.822310909452303,LSHO:332.0/335.1/err3.1;LUP:191.2/187.6/err3.6;LELB:83.1/84.8/err1.7,forward_short_gap_bridge
2560,LELA,2560,2560,2559,2561,1,8.1512312950894,3,2.238910399591257,LSHO:333.1/335.1/err2.0;LUP:190.5/187.6/err2.9;LELB:83.0/84.8/err1.8,forward_short_gap_bridge
2562,LELA,2562,2562,2561,2563,1,8.089075363775668,3,1.2888114351759015,LSHO:334.7/335.1/err0.4;LUP:189.4/187.6/err1.8;LELB:83.1/84.8/err1.6,forward_short_gap_bridge
2564,LELA,2564,2564,2563,2565,1,8.175244020285197,3,1.2917788204780198,LSHO:335.7/335.1/err0.5;LUP:189.3/187.6/err1.7;LELB:83.1/84.8/err1.6,forward_short_gap_bridge
2566,LELA,2566,2566,2565,2567,1,8.420462559177215,3,1.2530272893774044,LSHO:335.6/335.1/err0.4;LUP:189.1/187.6/err1.5;LELB:83.0/84.8/err1.8,forward_short_gap_bridge
2568,LELA,2568,2568,2567,2569,1,8.656970164479326,3,1.2048381996012267,LSHO:334.9/335.1/err0.2;LUP:189.0/187.6/err1.4;LELB:82.8/84.8/err1.9,forward_short_gap_bridge
2570,LELA,2570,2570,2569,2571,1,8.66497849038635,3,1.3811179223008214,LSHO:334.4/335.1/err0.8;LUP:188.9/187.6/err1.3;LELB:82.7/84.8/err2.1,forward_short_gap_bridge
2572,LELA,2572,2572,2571,2573,1,8.580006265363762,3,1.5362273596792353,LSHO:333.9/335.1/err1.2;LUP:188.7/187.6/err1.1;LELB:82.5/84.8/err2.3,forward_short_gap_bridge
2574,LELA,2574,2574,2573,2575,1,8.551373042813905,3,1.5881011632627349,LSHO:333.1/335.1/err2.1;LUP:187.9/187.6/err0.3;LELB:82.4/84.8/err2.4,forward_short_gap_bridge
2576,LELA,2576,2576,2575,2577,1,8.577269970462169,3,2.0112679335503336,LSHO:332.2/335.1/err3.0;LUP:188.3/187.6/err0.7;LELB:82.4/84.8/err2.4,forward_short_gap_bridge
2578,LELA,2578,2578,2577,2579,1,8.58734106990234,3,2.372074979561314,LSHO:331.2/335.1/err4.0;LUP:188.2/187.6/err0.6;LELB:82.3/84.8/err2.5,forward_short_gap_bridge
2580,LELA,2580,2580,2579,2581,1,8.663642738565066,3,2.80464487800325,LSHO:330.0/335.1/err5.1;LUP:188.2/187.6/err0.6;LELB:82.1/84.8/err2.7,forward_short_gap_bridge
2582,LELA,2582,2582,2581,2583,1,8.803233703093992,3,3.2270052506755413,LSHO:328.8/335.1/err6.3;LUP:188.3/187.6/err0.7;LELB:82.1/84.8/err2.7,forward_short_gap_bridge
2584,LELA,2584,2584,2583,2585,1,9.007842364358899,3,3.6366232953631794,LSHO:327.7/335.1/err7.5;LUP:188.5/187.6/err0.9;LELB:82.2/84.8/err2.5,forward_short_gap_bridge
2586,LELA,2586,2586,2585,2587,1,9.22622043851347,3,3.984049844243463,LSHO:326.8/335.1/err8.4;LUP:188.7/187.6/err1.1;LELB:82.3/84.8/err2.5,forward_short_gap_bridge
2588,LELA,2588,2588,2587,2589,1,9.486660454269936,3,3.979586823244413,LSHO:326.6/335.1/err8.6;LUP:188.8/187.6/err1.2;LELB:82.6/84.8/err2.2,forward_short_gap_bridge
2590,LELA,2590,2590,2589,2591,1,9.735700558390167,3,3.7363828884458647,LSHO:327.0/335.1/err8.2;LUP:189.0/187.6/err1.4;LELB:83.1/84.8/err1.7,forward_short_gap_bridge
2592,LELA,2592,2592,2591,2593,1,10.017071607751166,3,3.4715373838144643,LSHO:327.7/335.1/err7.5;LUP:189.3/187.6/err1.7;LELB:83.5/84.8/err1.2,forward_short_gap_bridge
2594,LELA,2594,2594,2593,2595,1,10.375936516639623,3,3.1434299582791994,LSHO:328.3/335.1/err6.8;LUP:189.5/187.6/err1.9;LELB:84.1/84.8/err0.7,forward_short_gap_bridge
2596,LELA,2596,2596,2595,2597,1,10.753215707001694,3,2.8536918523972425,LSHO:328.9/335.1/err6.2;LUP:189.6/187.6/err2.0;LELB:84.5/84.8/err0.3,forward_short_gap_bridge
2598,LELA,2598,2598,2597,2599,1,11.184486600848526,3,2.8702473927770122,LSHO:329.4/335.1/err5.8;LUP:190.1/187.6/err2.6;LELB:85.1/84.8/err0.3,forward_short_gap_bridge
2607,LELA,2607,2607,2606,2608,1,12.069819154049267,3,3.3752150923014406,LSHO:330.3/335.1/err4.8;LUP:190.7/187.6/err3.2;LELB:86.9/84.8/err2.2,forward_short_gap_bridge
2609,LELA,2609,2609,2608,2610,1,12.348542186343042,3,3.0651628590421325,LSHO:330.6/335.1/err4.6;LUP:190.0/187.6/err2.4;LELB:87.0/84.8/err2.2,forward_short_gap_bridge
2611,LELA,2611,2611,2610,2612,1,12.879496772824316,3,2.8037729756826715,LSHO:330.8/335.1/err4.4;LUP:189.2/187.6/err1.6;LELB:87.2/84.8/err2.4,forward_short_gap_bridge
2613,LELA,2613,2613,2612,2614,1,13.440821151420733,3,2.638870257722123,LSHO:330.9/335.1/err4.3;LUP:188.7/187.6/err1.1;LELB:87.3/84.8/err2.5,forward_short_gap_bridge
2615,LELA,2615,2615,2614,2616,1,13.670292482204477,3,3.0266704749469775,LSHO:331.4/335.1/err3.8;LUP:189.5/187.6/err1.9;LELB:88.2/84.8/err3.5,forward_short_gap_bridge
2617,LELA,2617,2617,2616,2618,1,14.504171011768708,3,3.607931066327462,LSHO:332.0/335.1/err3.1;LUP:190.8/187.6/err3.2;LELB:89.3/84.8/err4.5,forward_short_gap_bridge
2619,LELA,2619,2619,2618,2620,1,15.023219162663178,3,3.2898948101225662,LSHO:331.7/335.1/err3.4;LUP:190.0/187.6/err2.4;LELB:88.8/84.8/err4.0,forward_short_gap_bridge
2621,LELA,2621,2621,2620,2622,1,15.668974467810898,3,3.4221974365031635,LSHO:331.3/335.1/err3.8;LUP:189.7/187.6/err2.1;LELB:89.2/84.8/err4.4,forward_short_gap_bridge
2623,LELA,2623,2624,2622,2625,2,15.870699684625029,3,3.4943525381322473,LSHO:331.5/335.1/err3.6;LUP:189.6/187.6/err2.0;LELB:89.6/84.8/err4.8,forward_short_gap_bridge
2624,LELA,2623,2624,2622,2625,2,15.870699684625029,3,3.3909455013253713,LSHO:331.6/335.1/err3.6;LUP:189.4/187.6/err1.8;LELB:89.5/84.8/err4.7,forward_short_gap_bridge
2626,LELA,2626,2626,2625,2627,1,16.110577028474683,3,3.3918292147297486,LSHO:332.0/335.1/err3.2;LUP:189.6/187.6/err2.0;LELB:89.8/84.8/err5.0,forward_short_gap_bridge
2628,LELA,2628,2628,2627,2629,1,16.26139647776485,3,3.2485589622054127,LSHO:332.9/335.1/err2.2;LUP:189.7/187.6/err2.1;LELB:90.2/84.8/err5.4,forward_short_gap_bridge
2657,LELA,2657,2657,2656,2658,1,7.030213448692051,3,1.4141360171645658,LSHO:337.4/335.1/err2.3;LUP:186.7/187.6/err0.9;LELB:85.8/84.8/err1.1,forward_short_gap_bridge
2661,LELA,2661,2661,2660,2662,1,6.143619553326321,3,1.708648926315495,LSHO:339.8/335.1/err4.7;LUP:187.4/187.6/err0.2;LELB:85.0/84.8/err0.2,forward_short_gap_bridge
2664,LELA,2664,2664,2663,2665,1,5.862745437896427,3,2.16042377309239,LSHO:341.0/335.1/err5.9;LUP:188.0/187.6/err0.4;LELB:84.6/84.8/err0.2,forward_short_gap_bridge
2667,LELA,2667,2667,2666,2668,1,5.79849922531323,3,2.21613308872044,LSHO:341.0/335.1/err5.9;LUP:188.1/187.6/err0.5;LELB:84.5/84.8/err0.3,forward_short_gap_bridge
2671,LELA,2671,2671,2670,2672,1,5.6167336046487755,3,1.824595356935859,LSHO:340.0/335.1/err4.8;LUP:187.6/187.6/err0.0;LELB:84.2/84.8/err0.6,forward_short_gap_bridge
2675,LELA,2675,2675,2674,2676,1,5.5772332662406345,3,1.8256304648253519,LSHO:338.8/335.1/err3.7;LUP:187.1/187.6/err0.5;LELB:83.4/84.8/err1.3,forward_short_gap_bridge
2679,LELA,2679,2679,2678,2680,1,5.772526484131859,3,1.403121286350867,LSHO:336.5/335.1/err1.4;LUP:186.4/187.6/err1.2;LELB:83.2/84.8/err1.6,forward_short_gap_bridge
2683,LELA,2683,2683,2682,2684,1,5.538777586022281,3,1.481881872562364,LSHO:333.7/335.1/err1.4;LUP:186.1/187.6/err1.5;LELB:83.3/84.8/err1.5,forward_short_gap_bridge
2687,LELA,2687,2687,2686,2688,1,4.87574960021316,3,2.4582030822526426,LSHO:331.0/335.1/err4.2;LUP:186.0/187.6/err1.6;LELB:83.2/84.8/err1.6,forward_short_gap_bridge
2691,LELA,2691,2691,2690,2692,1,4.018915871541228,3,3.168625615775445,LSHO:328.7/335.1/err6.5;LUP:186.2/187.6/err1.4;LELB:83.2/84.8/err1.6,forward_short_gap_bridge
2695,LELA,2695,2695,2694,2696,1,3.269657545183125,3,3.5855813573799793,LSHO:327.1/335.1/err8.1;LUP:186.5/187.6/err1.0;LELB:83.2/84.8/err1.6,forward_short_gap_bridge
2699,LELA,2699,2699,2698,2700,1,2.729484945803284,3,3.830460371792318,LSHO:326.1/335.1/err9.0;LUP:186.7/187.6/err0.9;LELB:83.2/84.8/err1.6,forward_short_gap_bridge
2703,LELA,2703,2703,2702,2704,1,2.379774266909226,3,3.976068061279937,LSHO:325.7/335.1/err9.4;LUP:186.6/187.6/err1.0;LELB:83.3/84.8/err1.5,forward_short_gap_bridge
2707,LELA,2707,2707,2706,2708,1,2.160778579055901,3,4.073246360594912,LSHO:325.7/335.1/err9.4;LUP:186.2/187.6/err1.4;LELB:83.4/84.8/err1.4,forward_short_gap_bridge
2711,LELA,2711,2711,2710,2712,1,2.230492279879374,3,4.178066875514972,LSHO:325.9/335.1/err9.2;LUP:185.8/187.6/err1.7;LELB:83.2/84.8/err1.6,forward_short_gap_bridge
2715,LELA,2715,2715,2714,2716,1,2.5248807538433113,3,4.124999371814051,LSHO:326.4/335.1/err8.8;LUP:185.6/187.6/err2.0;LELB:83.2/84.8/err1.6,forward_short_gap_bridge
2719,LELA,2719,2719,2718,2720,1,3.2822821976973198,3,3.8835673601483713,LSHO:327.1/335.1/err8.0;LUP:185.6/187.6/err2.0;LELB:83.1/84.8/err1.7,forward_short_gap_bridge
2723,LELA,2723,2723,2722,2724,1,3.324258652872659,3,3.535381663039383,LSHO:328.0/335.1/err7.1;LUP:185.9/187.6/err1.7;LELB:83.0/84.8/err1.8,forward_short_gap_bridge
2727,LELA,2727,2727,2726,2728,1,3.691959042643591,3,3.0610155771988397,LSHO:328.9/335.1/err6.2;LUP:186.3/187.6/err1.2;LELB:83.1/84.8/err1.7,forward_short_gap_bridge
2731,LELA,2731,2731,2730,2732,1,4.044662448847036,3,2.567816318680196,LSHO:329.9/335.1/err5.2;LUP:186.7/187.6/err0.8;LELB:83.2/84.8/err1.6,forward_short_gap_bridge
2735,LELA,2735,2735,2734,2736,1,4.3534308951969,3,2.0186990638301316,LSHO:331.0/335.1/err4.1;LUP:187.1/187.6/err0.5;LELB:83.3/84.8/err1.5,forward_short_gap_bridge
2739,LELA,2739,2739,2738,2740,1,4.812666936772896,3,1.4368465641405426,LSHO:332.2/335.1/err2.9;LUP:187.5/187.6/err0.0;LELB:83.4/84.8/err1.4,forward_short_gap_bridge
2743,LELA,2743,2743,2742,2744,1,4.586631224702478,3,1.1224686544319507,LSHO:333.3/335.1/err1.9;LUP:187.8/187.6/err0.2;LELB:83.6/84.8/err1.2,forward_short_gap_bridge
2747,LELA,2747,2747,2746,2748,1,4.4605608766942195,3,0.8816404391264001,LSHO:334.1/335.1/err1.0;LUP:188.1/187.6/err0.5;LELB:83.7/84.8/err1.1,forward_short_gap_bridge
2749,LELA,2749,2749,2748,2750,1,4.338075441540607,3,0.7736698017816271,LSHO:334.5/335.1/err0.7;LUP:188.2/187.6/err0.6;LELB:83.8/84.8/err1.0,forward_short_gap_bridge
2755,LELA,2755,2755,2754,2756,1,3.7890949137274594,3,0.521660969126259,LSHO:335.2/335.1/err0.0;LUP:188.4/187.6/err0.8;LELB:84.1/84.8/err0.7,forward_short_gap_bridge
2759,LELA,2759,2759,2758,2760,1,3.806125710022865,3,0.5581455206778921,LSHO:335.4/335.1/err0.3;LUP:188.6/187.6/err1.0;LELB:84.4/84.8/err0.4,forward_short_gap_bridge
2763,LELA,2763,2763,2762,2764,1,2.331502383612864,3,0.5565827538264946,LSHO:335.5/335.1/err0.4;LUP:188.8/187.6/err1.2;LELB:84.7/84.8/err0.1,forward_short_gap_bridge
2767,LELA,2767,2767,2766,2768,1,2.4981543099920436,3,0.48604383563384584,LSHO:335.4/335.1/err0.3;LUP:188.8/187.6/err1.2;LELB:84.8/84.8/err0.0,forward_short_gap_bridge
2771,LELA,2771,2771,2770,2772,1,2.1237462258036137,3,0.6143108263616218,LSHO:335.4/335.1/err0.2;LUP:188.9/187.6/err1.3;LELB:85.1/84.8/err0.3,forward_short_gap_bridge
2775,LELA,2775,2775,2774,2776,1,1.910209091955855,3,0.6400791758233595,LSHO:335.3/335.1/err0.1;LUP:188.9/187.6/err1.3;LELB:85.3/84.8/err0.5,forward_short_gap_bridge
2779,LELA,2779,2779,2778,2780,1,1.7543351922217634,3,0.6401348957173288,LSHO:335.1/335.1/err0.0;LUP:188.8/187.6/err1.2;LELB:85.5/84.8/err0.7,forward_short_gap_bridge
2783,LELA,2783,2783,2782,2784,1,1.6990108182584056,3,0.7261166008489776,LSHO:335.0/335.1/err0.2;LUP:188.7/187.6/err1.1;LELB:85.7/84.8/err0.9,forward_short_gap_bridge
2786,LELA,2786,2786,2785,2787,1,1.7745074403469923,3,0.7571521683277496,LSHO:334.8/335.1/err0.4;LUP:188.5/187.6/err0.9;LELB:85.7/84.8/err1.0,forward_short_gap_bridge
2798,LELA,2798,2799,2797,2800,2,1.8536889336101912,3,0.9174391551783572,LSHO:334.1/335.1/err1.0;LUP:188.1/187.6/err0.5;LELB:86.0/84.8/err1.2,forward_short_gap_bridge
2799,LELA,2798,2799,2797,2800,2,1.8536889336101912,3,0.9338761955196683,LSHO:334.1/335.1/err1.1;LUP:188.0/187.6/err0.5;LELB:86.1/84.8/err1.3,forward_short_gap_bridge
2829,LELA,2829,2829,2828,2830,1,1.2862890756143612,3,1.3436514812061944,LSHO:332.2/335.1/err3.0;LUP:186.6/187.6/err1.0;LELB:84.8/84.8/err0.0,forward_short_gap_bridge
2843,LELA,2843,2843,2842,2844,1,0.8569176730826186,3,1.5258809003621725,LSHO:332.4/335.1/err2.8;LUP:186.7/187.6/err0.9;LELB:83.9/84.8/err0.9,forward_short_gap_bridge
2740,LFIN,2740,2740,2739,2741,1,12.035892360995586,3,2.27979281633948,LDW:240.6/235.1/err5.4;LWRB:107.9/108.9/err1.0;LWRA:105.8/106.3/err0.4,forward_short_gap_bridge
2744,LFIN,2744,2744,2743,2745,1,11.665650522176817,3,1.890331120875847,LDW:239.3/235.1/err4.2;LWRB:108.6/108.9/err0.3;LWRA:105.1/106.3/err1.2,forward_short_gap_bridge
2746,LFIN,2746,2747,2745,2748,2,10.667182734329804,3,1.8429680167747573,LDW:239.8/235.1/err4.7;LWRB:109.3/108.9/err0.5;LWRA:105.9/106.3/err0.4,forward_short_gap_bridge
2747,LFIN,2746,2747,2745,2748,2,10.667182734329804,3,1.7421218999660557,LDW:239.5/235.1/err4.3;LWRB:109.4/108.9/err0.5;LWRA:105.9/106.3/err0.4,forward_short_gap_bridge
2771,LFIN,2771,2771,2770,2772,1,8.037492513620686,3,7.5725925114239345,LDW:223.6/235.1/err11.5;LWRB:104.3/108.9/err4.6;LWRA:99.6/106.3/err6.7,forward_short_gap_bridge
2802,LFIN,2802,2802,2801,2803,1,2.1911426479569807,3,4.0802359169819296,LDW:228.3/235.1/err6.8;LWRB:109.0/108.9/err0.1;LWRA:100.9/106.3/err5.3,forward_short_gap_bridge
2840,LFIN,2840,2840,2839,2841,1,4.9461422599300855,3,1.4784800058268956,LDW:236.1/235.1/err1.0;LWRB:110.2/108.9/err1.3;LWRA:104.2/106.3/err2.1,forward_short_gap_bridge
2844,LFIN,2844,2844,2843,2845,1,3.819214575577216,3,1.7347336193900038,LDW:238.1/235.1/err2.9;LWRB:108.7/108.9/err0.2;LWRA:104.2/106.3/err2.1,forward_short_gap_bridge
2880,LFIN,2880,2880,2879,2881,1,0.4440145192010373,3,3.3052501964081955,LDW:243.3/235.1/err8.2;LWRB:109.6/108.9/err0.7;LWRA:107.2/106.3/err1.0,forward_short_gap_bridge
2604,RSHO,2604,2605,2603,2606,2,4.566928602462549,2,26.66907206346545,RUP:146.4/175.3/err28.9;RELB:307.1/331.5/err24.5,forward_short_gap_bridge
2605,RSHO,2604,2605,2603,2606,2,4.566928602462549,2,24.653670322123688,RUP:148.0/175.3/err27.3;RELB:309.5/331.5/err22.0,forward_short_gap_bridge
2607,RSHO,2607,2607,2606,2608,1,6.789685816075275,2,22.100960405568316,RUP:150.8/175.3/err24.5;RELB:311.8/331.5/err19.7,forward_short_gap_bridge
2611,RSHO,2611,2611,2610,2612,1,10.459447355924512,2,17.26027320169385,RUP:156.8/175.3/err18.5;RELB:315.6/331.5/err16.0,forward_short_gap_bridge
2615,RSHO,2615,2615,2614,2616,1,10.530936725534234,2,15.867495110053369,RUP:157.8/175.3/err17.5;RELB:317.3/331.5/err14.3,forward_short_gap_bridge
2619,RSHO,2619,2619,2618,2620,1,12.865464371622894,2,13.324331641348252,RUP:159.8/175.3/err15.5;RELB:320.4/331.5/err11.2,forward_short_gap_bridge
2623,RSHO,2623,2623,2622,2624,1,14.352595731146243,2,10.14455019261348,RUP:163.3/175.3/err12.0;RELB:323.2/331.5/err8.3,forward_short_gap_bridge
2627,RSHO,2627,2627,2626,2628,1,15.290770235230765,2,7.350617715113401,RUP:167.0/175.3/err8.3;RELB:325.1/331.5/err6.4,forward_short_gap_bridge
2631,RSHO,2631,2631,2630,2632,1,15.924392756480703,2,6.091980948806821,RUP:168.5/175.3/err6.8;RELB:326.2/331.5/err5.4,forward_short_gap_bridge
2635,RSHO,2635,2635,2634,2636,1,16.00583704038578,2,5.268711547790545,RUP:169.5/175.3/err5.9;RELB:326.9/331.5/err4.7,forward_short_gap_bridge
2639,RSHO,2639,2639,2638,2640,1,15.100333757281652,2,4.505998712678476,RUP:169.8/175.3/err5.6;RELB:328.1/331.5/err3.5,forward_short_gap_bridge
2643,RSHO,2643,2643,2642,2644,1,14.131488162844537,2,4.22514015880364,RUP:169.3/175.3/err6.0;RELB:329.1/331.5/err2.5,forward_short_gap_bridge
2647,RSHO,2647,2647,2646,2648,1,11.27213399431887,2,3.5550042286312475,RUP:168.9/175.3/err6.4;RELB:330.8/331.5/err0.7,forward_short_gap_bridge
2651,RSHO,2651,2651,2650,2652,1,8.697070320726242,2,3.359519069220241,RUP:168.6/175.3/err6.7;RELB:331.6/331.5/err0.0,forward_short_gap_bridge
2655,RSHO,2655,2655,2654,2656,1,7.353726851775867,2,3.388531826287519,RUP:170.4/175.3/err4.9;RELB:333.4/331.5/err1.8,forward_short_gap_bridge
2659,RSHO,2659,2659,2658,2660,1,5.938520694218799,2,3.2559668775396204,RUP:170.7/175.3/err4.6;RELB:333.4/331.5/err1.9,forward_short_gap_bridge
2679,RSHO,2679,2679,2678,2680,1,2.654950728032206,2,5.415153599800334,RUP:178.5/175.3/err3.2;RELB:339.2/331.5/err7.6,forward_short_gap_bridge
2683,RSHO,2683,2683,2682,2684,1,2.8839687208551577,2,6.303514794287864,RUP:179.9/175.3/err4.6;RELB:339.6/331.5/err8.0,forward_short_gap_bridge
2687,RSHO,2687,2687,2686,2688,1,2.8763585256450295,2,6.922076307157852,RUP:181.0/175.3/err5.7;RELB:339.7/331.5/err8.2,forward_short_gap_bridge
2691,RSHO,2691,2691,2690,2692,1,2.7836513513059686,2,7.225819853518487,RUP:181.7/175.3/err6.3;RELB:339.6/331.5/err8.1,forward_short_gap_bridge
2695,RSHO,2695,2695,2694,2696,1,2.6626108018126335,2,7.452203361645161,RUP:182.1/175.3/err6.8;RELB:339.6/331.5/err8.1,forward_short_gap_bridge
2699,RSHO,2699,2699,2698,2700,1,2.57618219929234,2,7.568328639226365,RUP:182.3/175.3/err7.0;RELB:339.6/331.5/err8.1,forward_short_gap_bridge
2703,RSHO,2703,2703,2702,2704,1,2.451480595270209,2,7.787582995956271,RUP:182.6/175.3/err7.3;RELB:339.8/331.5/err8.3,forward_short_gap_bridge
2707,RSHO,2707,2707,2706,2708,1,2.3287221080145297,2,7.9829227681779855,RUP:182.9/175.3/err7.6;RELB:339.9/331.5/err8.4,forward_short_gap_bridge
2711,RSHO,2711,2711,2710,2712,1,2.2705802607001453,2,8.176605338749425,RUP:183.2/175.3/err7.9;RELB:340.0/331.5/err8.4,forward_short_gap_bridge
2715,RSHO,2715,2715,2714,2716,1,2.334045001762851,2,8.200929069330599,RUP:183.4/175.3/err8.0;RELB:339.9/331.5/err8.4,forward_short_gap_bridge
2719,RSHO,2719,2719,2718,2720,1,2.3989675334125837,2,8.04405802852915,RUP:183.2/175.3/err7.8;RELB:339.8/331.5/err8.2,forward_short_gap_bridge
2723,RSHO,2723,2723,2722,2724,1,2.444573558321794,2,7.895055957522402,RUP:182.9/175.3/err7.6;RELB:339.8/331.5/err8.2,forward_short_gap_bridge
2727,RSHO,2727,2727,2726,2728,1,2.430030039319741,2,7.132392180983032,RUP:182.4/175.3/err7.1;RELB:338.7/331.5/err7.2,forward_short_gap_bridge
2731,RSHO,2731,2731,2730,2732,1,2.4074901716120944,2,6.8920510696530926,RUP:182.1/175.3/err6.8;RELB:338.5/331.5/err7.0,forward_short_gap_bridge
2735,RSHO,2735,2735,2734,2736,1,2.3252460169500733,2,6.733986377878665,RUP:182.1/175.3/err6.7;RELB:338.2/331.5/err6.7,forward_short_gap_bridge
2739,RSHO,2739,2739,2738,2740,1,2.1878992151867696,2,6.770424747286057,RUP:182.2/175.3/err6.8;RELB:338.2/331.5/err6.7,forward_short_gap_bridge
2743,RSHO,2743,2743,2742,2744,1,2.0974645198454325,2,6.839684484087314,RUP:182.2/175.3/err6.9;RELB:338.3/331.5/err6.8,forward_short_gap_bridge
2747,RSHO,2747,2747,2746,2748,1,2.0082389264142324,2,7.002784944007402,RUP:182.3/175.3/err6.9;RELB:338.6/331.5/err7.1,forward_short_gap_bridge
2751,RSHO,2751,2751,2750,2752,1,1.9318359728861523,2,7.332189894249225,RUP:182.5/175.3/err7.1;RELB:339.0/331.5/err7.5,forward_short_gap_bridge
2755,RSHO,2755,2755,2754,2756,1,1.9247391319342786,2,7.563541516233784,RUP:182.5/175.3/err7.2;RELB:339.4/331.5/err7.9,forward_short_gap_bridge
2759,RSHO,2759,2759,2758,2760,1,1.9664881946053332,2,7.687162016945393,RUP:182.5/175.3/err7.2;RELB:339.7/331.5/err8.2,forward_short_gap_bridge
2763,RSHO,2763,2763,2762,2764,1,1.9855199021149812,2,6.976997955966979,RUP:181.6/175.3/err6.3;RELB:339.2/331.5/err7.7,forward_short_gap_bridge
2767,RSHO,2767,2767,2766,2768,1,1.959726298442721,2,6.809629624564181,RUP:181.2/175.3/err5.9;RELB:339.2/331.5/err7.7,forward_short_gap_bridge
2771,RSHO,2771,2771,2770,2772,1,1.967509102460332,2,6.509046343076889,RUP:180.8/175.3/err5.5;RELB:339.1/331.5/err7.6,forward_short_gap_bridge
2775,RSHO,2775,2775,2774,2776,1,1.916335953624215,2,6.253286899844966,RUP:180.4/175.3/err5.1;RELB:338.9/331.5/err7.4,forward_short_gap_bridge
2779,RSHO,2779,2779,2778,2780,1,1.836314736895941,2,6.079131299351062,RUP:180.2/175.3/err4.9;RELB:338.8/331.5/err7.3,forward_short_gap_bridge
2783,RSHO,2783,2783,2782,2784,1,1.805122733852226,2,5.9342426407773985,RUP:179.9/175.3/err4.6;RELB:338.8/331.5/err7.3,forward_short_gap_bridge
2787,RSHO,2787,2787,2786,2788,1,1.770823259405698,2,5.792264640045417,RUP:179.8/175.3/err4.5;RELB:338.6/331.5/err7.1,forward_short_gap_bridge
2791,RSHO,2791,2791,2790,2792,1,1.7683246840724662,2,5.697216208652662,RUP:179.8/175.3/err4.5;RELB:338.4/331.5/err6.9,forward_short_gap_bridge
2795,RSHO,2795,2795,2794,2796,1,2.626153087791689,2,5.874656691553753,RUP:180.0/175.3/err4.7;RELB:338.6/331.5/err7.1,forward_short_gap_bridge
2799,RSHO,2799,2799,2798,2800,1,0.5821913429096853,2,5.812321946584916,RUP:180.0/175.3/err4.7;RELB:338.5/331.5/err6.9,forward_short_gap_bridge
2803,RSHO,2803,2803,2802,2804,1,3.20541540343679,2,5.781663938102795,RUP:180.1/175.3/err4.8;RELB:338.3/331.5/err6.8,forward_short_gap_bridge
2807,RSHO,2807,2807,2806,2808,1,4.977447479413123,2,5.738599113038376,RUP:180.3/175.3/err5.0;RELB:338.0/331.5/err6.5,forward_short_gap_bridge
2809,RSHO,2809,2809,2808,2810,1,1.1944202197826879,2,5.940034359733787,RUP:180.4/175.3/err5.1;RELB:338.3/331.5/err6.8,forward_short_gap_bridge
2376,RELA,2376,2376,2375,2377,1,1.9145671366581836,3,4.843747597395757,RSHO:325.4/334.9/err9.4;RUP:181.0/179.9/err1.1;RELB:90.4/86.4/err4.0,forward_short_gap_bridge
2378,RELA,2378,2378,2377,2379,1,1.6719131391740956,3,5.0709612954115215,RSHO:325.4/334.9/err9.5;RUP:181.3/179.9/err1.4;RELB:90.7/86.4/err4.3,forward_short_gap_bridge
2380,RELA,2380,2380,2379,2381,1,1.7012743410578195,3,5.353946368663922,RSHO:325.3/334.9/err9.6;RUP:181.6/179.9/err1.8;RELB:91.2/86.4/err4.8,forward_short_gap_bridge
2878,RELA,2878,2878,2877,2879,1,1.3566841173947715,3,3.9520601841438086,RSHO:338.5/334.9/err3.7;RUP:184.0/179.9/err4.1;RELB:82.3/86.4/err4.1,forward_short_gap_bridge
2886,RELA,2886,2886,2885,2887,1,1.6588491390529698,3,4.032232317059368,RSHO:338.6/334.9/err3.7;RUP:184.1/179.9/err4.2;RELB:82.2/86.4/err4.2,forward_short_gap_bridge
2519,RWRB,2519,2519,2518,2520,1,17.60425294313009,3,7.0394804077161695,RDW:145.2/150.1/err4.9;RFIN:78.6/92.9/err14.3;RWRA:71.4/69.6/err1.9,forward_short_gap_bridge
2521,RWRB,2521,2521,2520,2522,1,17.620934126740526,3,6.833485229183798,RDW:145.6/150.1/err4.5;RFIN:78.3/92.9/err14.6;RWRA:70.9/69.6/err1.4,forward_short_gap_bridge
2523,RWRB,2523,2523,2522,2524,1,17.217701487623607,3,7.007770341868678,RDW:146.0/150.1/err4.2;RFIN:78.0/92.9/err14.9;RWRA:71.5/69.6/err2.0,forward_short_gap_bridge
2525,RWRB,2525,2526,2524,2527,2,16.51920150805293,3,6.97771629145177,RDW:146.1/150.1/err4.0;RFIN:77.7/92.9/err15.2;RWRA:71.3/69.6/err1.7,forward_short_gap_bridge
2526,RWRB,2525,2526,2524,2527,2,16.51920150805293,3,6.708626583656951,RDW:146.3/150.1/err3.9;RFIN:78.3/92.9/err14.6;RWRA:71.2/69.6/err1.6,forward_short_gap_bridge
2528,RWRB,2528,2528,2527,2529,1,15.579725236165428,3,6.538170196386422,RDW:146.9/150.1/err3.3;RFIN:78.0/92.9/err14.9;RWRA:71.0/69.6/err1.4,forward_short_gap_bridge
2531,RWRB,2531,2531,2530,2532,1,13.236287226302142,3,5.7396274600347255,RDW:147.0/150.1/err3.1;RFIN:78.9/92.9/err14.0;RWRA:69.5/69.6/err0.1,forward_short_gap_bridge
2533,RWRB,2533,2533,2532,2534,1,14.427245051769106,3,5.50938850508398,RDW:147.4/150.1/err2.7;RFIN:79.3/92.9/err13.7;RWRA:69.4/69.6/err0.2,forward_short_gap_bridge
2535,RWRB,2535,2535,2534,2536,1,12.761333955862316,3,6.019477597989398,RDW:148.1/150.1/err2.1;RFIN:77.2/92.9/err15.8;RWRA:69.8/69.6/err0.2,forward_short_gap_bridge
2537,RWRB,2537,2537,2536,2538,1,11.911036129281065,3,6.119862706881373,RDW:148.4/150.1/err1.7;RFIN:76.3/92.9/err16.6;RWRA:69.6/69.6/err0.0,forward_short_gap_bridge
2539,RWRB,2539,2539,2538,2540,1,12.633214075306128,3,6.897971444944578,RDW:149.3/150.1/err0.8;RFIN:74.0/92.9/err18.9;RWRA:70.5/69.6/err0.9,forward_short_gap_bridge
2541,RWRB,2541,2542,2540,2543,2,9.956210149912101,3,7.764708520982059,RDW:150.1/150.1/err0.1;RFIN:71.5/92.9/err21.5;RWRA:71.3/69.6/err1.8,forward_short_gap_bridge
2542,RWRB,2541,2542,2540,2543,2,9.956210149912101,3,8.175368572167551,RDW:150.2/150.1/err0.1;RFIN:70.4/92.9/err22.6;RWRA:71.5/69.6/err1.9,forward_short_gap_bridge
2545,RWRA,2545,2545,2544,2546,1,8.260863245020545,2,5.312653161565315,RDW:164.0/166.6/err2.6;RFIN:96.6/104.6/err8.0,forward_short_gap_bridge
2547,RWRA,2547,2547,2546,2548,1,6.783941625392004,2,4.949996623040178,RDW:164.7/166.6/err1.9;RFIN:96.6/104.6/err8.0,forward_short_gap_bridge
2549,RWRA,2549,2549,2548,2550,1,6.65534554475329,2,5.362108482831019,RDW:164.2/166.6/err2.4;RFIN:96.3/104.6/err8.3,forward_short_gap_bridge
2551,RWRA,2551,2551,2550,2552,1,7.173995895853091,2,5.838904123785092,RDW:164.2/166.6/err2.4;RFIN:95.3/104.6/err9.3,forward_short_gap_bridge
2553,RWRA,2553,2553,2552,2554,1,7.134370921755474,2,6.192437658448455,RDW:164.4/166.6/err2.2;RFIN:94.4/104.6/err10.2,forward_short_gap_bridge
2555,RWRA,2555,2555,2554,2556,1,8.281639159313334,2,6.277477955797977,RDW:164.5/166.6/err2.1;RFIN:94.2/104.6/err10.5,forward_short_gap_bridge
2565,RWRA,2565,2565,2564,2566,1,17.315229651759935,2,7.938924417508822,RDW:166.6/166.6/err0.0;RFIN:88.7/104.6/err15.9,forward_short_gap_bridge
2627,RWRA,2627,2627,2626,2628,1,25.330040387887447,3,2.8869638727425317,RDW:168.1/166.6/err1.5;RWRB:71.1/69.6/err1.6;RFIN:110.2/104.6/err5.6,forward_short_gap_bridge
2352,RASIS,2352,2352,2351,2353,1,1.1127118283871626,3,1.1658511623742054,LASIS:261.9/262.3/err0.5;RPSIS:167.9/167.0/err0.9;LPSIS:240.0/242.2/err2.2,forward_short_gap_bridge
2356,RASIS,2356,2356,2355,2357,1,0.90962134120573,3,1.1120994001123659,LASIS:261.6/262.3/err0.7;RPSIS:167.3/167.0/err0.3;LPSIS:239.8/242.2/err2.4,forward_short_gap_bridge
2360,RASIS,2360,2360,2359,2361,1,0.9119495197457579,3,1.0191577845393454,LASIS:262.0/262.3/err0.3;RPSIS:167.7/167.0/err0.6;LPSIS:240.1/242.2/err2.1,forward_short_gap_bridge
2362,RASIS,2362,2362,2361,2363,1,0.9174256190368797,3,1.1153625081852188,LASIS:261.8/262.3/err0.5;RPSIS:167.5/167.0/err0.5;LPSIS:239.9/242.2/err2.3,forward_short_gap_bridge
2365,RASIS,2365,2365,2364,2366,1,0.8926061666863115,3,1.3209612858659245,LASIS:261.4/262.3/err1.0;RPSIS:167.5/167.0/err0.5;LPSIS:239.7/242.2/err2.5,forward_short_gap_bridge
2368,RASIS,2368,2368,2367,2369,1,0.9838790765470263,3,1.5400462210208257,LASIS:260.8/262.3/err1.5;RPSIS:167.2/167.0/err0.2;LPSIS:239.3/242.2/err2.9,forward_short_gap_bridge
2374,RASIS,2374,2374,2373,2375,1,1.0258262090570527,3,1.8946054431285877,LASIS:260.1/262.3/err2.3;RPSIS:166.9/167.0/err0.1;LPSIS:238.9/242.2/err3.3,forward_short_gap_bridge
2378,RASIS,2378,2379,2377,2380,2,1.32901809465173,3,2.2576251835302705,LASIS:259.6/262.3/err2.7;RPSIS:166.7/167.0/err0.3;LPSIS:238.5/242.2/err3.7,forward_short_gap_bridge
2379,RASIS,2378,2379,2377,2380,2,1.32901809465173,3,2.382702169993015,LASIS:259.5/262.3/err2.8;RPSIS:166.7/167.0/err0.4;LPSIS:238.3/242.2/err3.9,forward_short_gap_bridge
2386,RASIS,2386,2386,2385,2387,1,2.204617555524382,3,3.2457042499774027,LASIS:258.6/262.3/err3.7;RPSIS:166.1/167.0/err0.9;LPSIS:237.1/242.2/err5.1,forward_short_gap_bridge
2390,RASIS,2390,2390,2389,2391,1,2.713724348791739,3,3.66799409121244,LASIS:258.2/262.3/err4.1;RPSIS:165.7/167.0/err1.4;LPSIS:236.7/242.2/err5.5,forward_short_gap_bridge
2393,RASIS,2393,2393,2392,2394,1,3.1245331007137467,3,3.9592860377474324,LASIS:257.9/262.3/err4.5;RPSIS:165.5/167.0/err1.6;LPSIS:236.4/242.2/err5.8,forward_short_gap_bridge
2398,RASIS,2398,2398,2397,2399,1,3.8087775423257058,3,4.100357196491255,LASIS:257.5/262.3/err4.9;RPSIS:165.9/167.0/err1.2;LPSIS:236.0/242.2/err6.2,forward_short_gap_bridge
2400,RASIS,2400,2401,2399,2402,2,4.1572082066495994,3,3.9882828577224245,LASIS:257.3/262.3/err5.0;RPSIS:166.4/167.0/err0.6;LPSIS:235.9/242.2/err6.3,forward_short_gap_bridge
2401,RASIS,2400,2401,2399,2402,2,4.1572082066495994,3,4.174331701170047,LASIS:257.3/262.3/err5.0;RPSIS:165.9/167.0/err1.1;LPSIS:235.8/242.2/err6.4,forward_short_gap_bridge
2403,RASIS,2403,2403,2402,2404,1,4.522922768057855,3,4.41222013930216,LASIS:257.4/262.3/err5.0;RPSIS:165.2/167.0/err1.8;LPSIS:235.7/242.2/err6.5,forward_short_gap_bridge
2412,RASIS,2412,2412,2411,2413,1,5.635407131001117,3,5.2391924783902555,LASIS:257.0/262.3/err5.3;RPSIS:163.7/167.0/err3.3;LPSIS:235.1/242.2/err7.1,forward_short_gap_bridge
2414,RASIS,2414,2415,2413,2416,2,5.770255886714913,3,5.254678607019211,LASIS:257.0/262.3/err5.3;RPSIS:163.5/167.0/err3.5;LPSIS:235.3/242.2/err6.9,forward_short_gap_bridge
2415,RASIS,2414,2415,2413,2416,2,5.770255886714913,3,5.281365460899157,LASIS:257.0/262.3/err5.3;RPSIS:163.5/167.0/err3.5;LPSIS:235.2/242.2/err7.0,forward_short_gap_bridge
2418,RASIS,2418,2418,2417,2419,1,5.949414968483487,3,5.343892741186579,LASIS:257.0/262.3/err5.3;RPSIS:163.4/167.0/err3.6;LPSIS:235.1/242.2/err7.1,forward_short_gap_bridge
2429,RASIS,2429,2430,2428,2431,2,6.491146344694265,3,5.463963385258903,LASIS:257.2/262.3/err5.2;RPSIS:163.3/167.0/err3.7;LPSIS:234.7/242.2/err7.5,forward_short_gap_bridge
2430,RASIS,2429,2430,2428,2431,2,6.491146344694265,3,5.426915107397197,LASIS:257.3/262.3/err5.1;RPSIS:163.4/167.0/err3.6;LPSIS:234.7/242.2/err7.6,forward_short_gap_bridge
2432,RASIS,2432,2433,2431,2434,2,6.200329363577436,3,4.97274605216533,LASIS:257.8/262.3/err4.6;RPSIS:163.8/167.0/err3.2;LPSIS:235.1/242.2/err7.1,forward_short_gap_bridge
2433,RASIS,2432,2433,2431,2434,2,6.200329363577436,3,4.508591089067703,LASIS:258.3/262.3/err4.0;RPSIS:164.2/167.0/err2.8;LPSIS:235.5/242.2/err6.7,forward_short_gap_bridge
2439,RASIS,2439,2440,2438,2441,2,6.970625411622336,3,3.7234876017099148,LASIS:260.6/262.3/err1.7;RPSIS:163.7/167.0/err3.3;LPSIS:236.0/242.2/err6.2,forward_short_gap_bridge
2440,RASIS,2439,2440,2438,2441,2,6.970625411622336,3,3.2058240003662775,LASIS:260.3/262.3/err2.0;RPSIS:164.9/167.0/err2.1;LPSIS:236.7/242.2/err5.5,forward_short_gap_bridge
2444,RASIS,2444,2444,2443,2445,1,4.268537110707251,3,2.6056408843518852,LASIS:261.9/262.3/err0.4;RPSIS:164.6/167.0/err2.4;LPSIS:237.2/242.2/err5.0,forward_short_gap_bridge
2452,RASIS,2452,2452,2451,2453,1,4.864040625342001,3,3.238701968212117,LASIS:264.3/262.3/err1.9;RPSIS:164.0/167.0/err3.1;LPSIS:237.5/242.2/err4.7,forward_short_gap_bridge
2454,RASIS,2454,2455,2453,2456,2,4.404030613123767,3,3.0395557237712203,LASIS:264.4/262.3/err2.1;RPSIS:164.3/167.0/err2.7;LPSIS:237.9/242.2/err4.3,forward_short_gap_bridge
2455,RASIS,2454,2455,2453,2456,2,4.404030613123767,3,2.98068351619591,LASIS:264.6/262.3/err2.3;RPSIS:164.5/167.0/err2.5;LPSIS:238.1/242.2/err4.2,forward_short_gap_bridge
2457,RASIS,2457,2457,2456,2458,1,3.8330020249681453,3,2.8274757386887472,LASIS:264.8/262.3/err2.4;RPSIS:164.8/167.0/err2.2;LPSIS:238.4/242.2/err3.9,forward_short_gap_bridge
2763,RASIS,2763,2763,2762,2764,1,1.0367758272020982,3,1.0544615686259722,LASIS:260.9/262.3/err1.4;RPSIS:166.4/167.0/err0.7;LPSIS:241.1/242.2/err1.1,forward_short_gap_bridge
2767,RASIS,2767,2767,2766,2768,1,1.8457911113582643,3,1.7090880435102445,LASIS:259.9/262.3/err2.5;RPSIS:166.1/167.0/err0.9;LPSIS:240.5/242.2/err1.7,forward_short_gap_bridge
2771,RASIS,2771,2771,2770,2772,1,1.7744070057528205,3,1.7903051115369426,LASIS:259.7/262.3/err2.6;RPSIS:166.1/167.0/err1.0;LPSIS:240.4/242.2/err1.8,forward_short_gap_bridge
2775,RASIS,2775,2775,2774,2776,1,1.6601049547825901,3,1.7993910381932778,LASIS:259.6/262.3/err2.7;RPSIS:166.1/167.0/err0.9;LPSIS:240.5/242.2/err1.8,forward_short_gap_bridge
2779,RASIS,2779,2779,2778,2780,1,1.5594264274359568,3,1.917921577488907,LASIS:259.4/262.3/err2.9;RPSIS:166.1/167.0/err1.0;LPSIS:240.3/242.2/err1.9,forward_short_gap_bridge
2783,RASIS,2783,2783,2782,2784,1,1.4910965384111998,3,1.9372849171472524,LASIS:259.4/262.3/err2.9;RPSIS:166.1/167.0/err0.9;LPSIS:240.3/242.2/err1.9,forward_short_gap_bridge
2787,RASIS,2787,2787,2786,2788,1,7.481705231183321,3,1.5779576148572403,LASIS:261.0/262.3/err1.4;RPSIS:169.5/167.0/err2.5;LPSIS:243.1/242.2/err0.9,forward_short_gap_bridge
2791,RASIS,2791,2791,2790,2792,1,1.364788214199032,3,3.7949145821947163,LASIS:263.2/262.3/err0.9;RPSIS:173.3/167.0/err6.3;LPSIS:246.5/242.2/err4.3,forward_short_gap_bridge
2795,RASIS,2795,2795,2794,2796,1,1.2174590223750854,3,3.7747860238153614,LASIS:263.2/262.3/err0.9;RPSIS:173.4/167.0/err6.3;LPSIS:246.3/242.2/err4.1,forward_short_gap_bridge
2799,RASIS,2799,2799,2798,2800,1,1.1080191118230382,3,2.3084097477348187,LASIS:259.3/262.3/err3.1;RPSIS:165.9/167.0/err1.2;LPSIS:239.5/242.2/err2.7,forward_short_gap_bridge
2803,RASIS,2803,2803,2802,2804,1,1.081199804247539,3,4.039535123683464,LASIS:263.1/262.3/err0.8;RPSIS:174.0/167.0/err6.9;LPSIS:246.6/242.2/err4.4,forward_short_gap_bridge
2807,RASIS,2807,2807,2806,2808,1,1.1749095027944625,3,3.812894827950364,LASIS:263.1/262.3/err0.7;RPSIS:173.7/167.0/err6.6;LPSIS:246.3/242.2/err4.1,forward_short_gap_bridge
2811,RASIS,2811,2811,2810,2812,1,0.8874107679672806,3,1.949245323854863,LASIS:260.0/262.3/err2.3;RPSIS:166.1/167.0/err1.0;LPSIS:239.7/242.2/err2.6,forward_short_gap_bridge
2815,RASIS,2815,2815,2814,2816,1,0.7704353238363286,3,1.9226021193291178,LASIS:260.2/262.3/err2.1;RPSIS:166.1/167.0/err1.0;LPSIS:239.6/242.2/err2.7,forward_short_gap_bridge
2819,RASIS,2819,2819,2818,2820,1,1.4460327725195536,3,1.3049170425631853,LASIS:261.4/262.3/err1.0;RPSIS:166.4/167.0/err0.6;LPSIS:239.9/242.2/err2.3,forward_short_gap_bridge
2823,RASIS,2823,2823,2822,2824,1,0.8402031772901657,3,1.1582319444958198,LASIS:261.9/262.3/err0.4;RPSIS:166.3/167.0/err0.7;LPSIS:239.8/242.2/err2.4,forward_short_gap_bridge
2827,RASIS,2827,2827,2826,2828,1,0.4229396289654505,3,1.4228049154014666,LASIS:263.0/262.3/err0.6;RPSIS:165.8/167.0/err1.2;LPSIS:239.8/242.2/err2.5,forward_short_gap_bridge
2831,RASIS,2831,2831,2830,2832,1,0.9960725822245559,3,2.1254930702973525,LASIS:263.6/262.3/err1.2;RPSIS:164.9/167.0/err2.1;LPSIS:239.2/242.2/err3.0,forward_short_gap_bridge
2859,RASIS,2859,2859,2858,2860,1,6.247802943298698,3,1.6302320454037347,LASIS:263.2/262.3/err0.9;RPSIS:169.9/167.0/err2.9;LPSIS:241.1/242.2/err1.1,forward_short_gap_bridge
2641,LTROC,2641,2641,2640,2642,1,6.1622361947763356,3,4.5571294584918105,LTH:145.2/149.1/err3.9;LMEP:413.0/420.2/err7.2;LLEP:387.3/384.8/err2.6,forward_short_gap_bridge
2643,LTROC,2643,2643,2642,2644,1,5.9378694389221485,3,6.3144114510524405,LTH:138.9/149.1/err10.2;LMEP:413.5/420.2/err6.7;LLEP:386.8/384.8/err2.0,forward_short_gap_bridge
2679,LTROC,2679,2679,2678,2680,1,2.1239492046604225,3,3.4316828595578386,LTH:150.9/149.1/err1.8;LMEP:416.3/420.2/err4.0;LLEP:389.3/384.8/err4.6,forward_short_gap_bridge
2383,LMEP,2383,2383,2382,2384,1,3.8819191466191336,3,1.6891716253911397,LTROC:421.9/420.2/err1.7;LTH:298.4/300.1/err1.7;LLEP:124.1/125.8/err1.7,forward_short_gap_bridge
2387,LMEP,2387,2387,2386,2388,1,1.7560703707876006,3,1.4648885817911197,LTROC:420.5/420.2/err0.3;LTH:296.3/300.1/err3.9;LLEP:126.0/125.8/err0.3,forward_short_gap_bridge
2391,LMEP,2391,2391,2390,2392,1,2.103492547872599,3,2.1110564215491032,LTROC:419.2/420.2/err1.1;LTH:295.9/300.1/err4.2;LLEP:124.7/125.8/err1.0,forward_short_gap_bridge
2395,LMEP,2395,2395,2394,2396,1,2.608224675994194,3,3.0766715118751478,LTROC:417.9/420.2/err2.3;LTH:294.7/300.1/err5.4;LLEP:124.2/125.8/err1.5,forward_short_gap_bridge
2522,LMEP,2522,2522,2521,2523,1,12.477954154557043,3,3.3479624152104464,LTROC:421.7/420.2/err1.5;LTH:295.5/300.1/err4.7;LLEP:121.9/125.8/err3.9,forward_short_gap_bridge
2526,LMEP,2526,2526,2525,2527,1,14.14128028528134,3,5.113128550627214,LTROC:428.8/420.2/err8.5;LTH:305.3/300.1/err5.2;LLEP:124.1/125.8/err1.6,forward_short_gap_bridge
2530,LMEP,2530,2530,2529,2531,1,14.389931616384985,3,7.363543283616707,LTROC:432.0/420.2/err11.8;LTH:309.9/300.1/err9.8;LLEP:125.2/125.8/err0.5,forward_short_gap_bridge
2534,LMEP,2534,2534,2533,2535,1,11.891694732491572,3,5.004689465904083,LTROC:429.9/420.2/err9.6;LTH:304.6/300.1/err4.5;LLEP:126.7/125.8/err0.9,forward_short_gap_bridge
2548,LMEP,2548,2548,2547,2549,1,8.38833387668711,3,3.0577568178252554,LTROC:426.5/420.2/err6.3;LTH:302.0/300.1/err1.9;LLEP:124.8/125.8/err1.0,forward_short_gap_bridge
2557,LMEP,2557,2557,2556,2558,1,6.868995285243052,3,1.3290106127671397,LTROC:421.8/420.2/err1.6;LTH:301.4/300.1/err1.3;LLEP:124.7/125.8/err1.1,forward_short_gap_bridge
2565,LMEP,2565,2565,2564,2566,1,4.136793019147932,3,2.0690146955713637,LTROC:416.1/420.2/err4.2;LTH:299.3/300.1/err0.8;LLEP:124.5/125.8/err1.2,forward_short_gap_bridge
2573,LMEP,2573,2573,2572,2574,1,1.3210121888148671,3,4.191613091767721,LTROC:410.7/420.2/err9.5;LTH:297.9/300.1/err2.3;LLEP:125.0/125.8/err0.8,forward_short_gap_bridge
2581,LMEP,2581,2581,2580,2582,1,1.9790049584121459,3,5.176881776522701,LTROC:409.8/420.2/err10.4;LTH:296.4/300.1/err3.8;LLEP:124.4/125.8/err1.4,forward_short_gap_bridge
2589,LMEP,2589,2589,2588,2590,1,4.83319451140482,3,6.059463632063569,LTROC:406.6/420.2/err13.7;LTH:296.4/300.1/err3.8;LLEP:125.0/125.8/err0.7,forward_short_gap_bridge
2597,LMEP,2597,2597,2596,2598,1,6.487598508380405,3,4.668908602669329,LTROC:407.9/420.2/err12.3;LTH:298.7/300.1/err1.4;LLEP:125.5/125.8/err0.2,forward_short_gap_bridge
2604,LMEP,2604,2604,2603,2605,1,7.786093826045627,3,3.2917746134513286,LTROC:410.6/420.2/err9.6;LTH:300.0/300.1/err0.2;LLEP:125.6/125.8/err0.1,forward_short_gap_bridge
2606,LMEP,2606,2607,2605,2608,2,8.31892064991427,3,3.055119648055078,LTROC:411.3/420.2/err8.9;LTH:300.3/300.1/err0.2;LLEP:125.8/125.8/err0.0,forward_short_gap_bridge
2607,LMEP,2606,2607,2605,2608,2,8.31892064991427,3,3.044494175086806,LTROC:411.4/420.2/err8.8;LTH:300.4/300.1/err0.3;LLEP:125.8/125.8/err0.0,forward_short_gap_bridge
2614,LMEP,2614,2614,2613,2615,1,9.598689342427136,3,3.913908992018667,LTROC:410.6/420.2/err9.6;LTH:298.8/300.1/err1.3;LLEP:124.9/125.8/err0.8,forward_short_gap_bridge
2616,LMEP,2616,2616,2615,2617,1,10.823633350823386,3,3.731962901411478,LTROC:411.1/420.2/err9.1;LTH:298.6/300.1/err1.6;LLEP:125.3/125.8/err0.5,forward_short_gap_bridge
2622,LMEP,2622,2622,2621,2623,1,10.743498403291687,3,3.258243766050427,LTROC:413.1/420.2/err7.1;LTH:297.6/300.1/err2.5;LLEP:125.6/125.8/err0.1,forward_short_gap_bridge
2626,LMEP,2626,2626,2625,2627,1,11.410521638377432,3,3.314767092384107,LTROC:413.4/420.2/err6.8;LTH:297.5/300.1/err2.6;LLEP:125.3/125.8/err0.5,forward_short_gap_bridge
2630,LMEP,2630,2630,2629,2631,1,10.699898769206735,3,3.979429206086626,LTROC:412.7/420.2/err7.5;LTH:296.8/300.1/err3.4;LLEP:124.7/125.8/err1.1,forward_short_gap_bridge
2634,LMEP,2634,2634,2633,2635,1,7.74919087842994,3,7.320261325064526,LTROC:409.0/420.2/err11.2;LTH:292.2/300.1/err7.9;LLEP:122.9/125.8/err2.9,forward_short_gap_bridge
2638,LMEP,2638,2639,2637,2640,2,15.603706385294275,3,12.259586568024707,LTROC:406.9/420.2/err13.4;LTH:282.1/300.1/err18.1;LLEP:120.4/125.8/err5.3,forward_short_gap_bridge
2639,LMEP,2638,2639,2637,2640,2,15.603706385294275,3,11.425200167121142,LTROC:409.4/420.2/err10.9;LTH:282.3/300.1/err17.8;LLEP:120.2/125.8/err5.6,forward_short_gap_bridge
2645,LMEP,2645,2645,2644,2646,1,5.561098409413224,3,6.796949932583236,LTROC:411.6/420.2/err8.6;LTH:293.2/300.1/err6.9;LLEP:120.9/125.8/err4.8,forward_short_gap_bridge
2649,LMEP,2649,2649,2648,2650,1,4.452962051964898,3,15.24365395418503,LTROC:401.9/420.2/err18.3;LTH:279.8/300.1/err20.3;LLEP:118.6/125.8/err7.1,forward_short_gap_bridge
2653,LMEP,2653,2653,2652,2654,1,2.376247234692651,3,11.789573136442963,LTROC:409.0/420.2/err11.2;LTH:280.0/300.1/err20.2;LLEP:121.8/125.8/err4.0,forward_short_gap_bridge
2657,LMEP,2657,2657,2656,2658,1,2.7253862917875753,3,9.240401316465546,LTROC:412.4/420.2/err7.9;LTH:285.5/300.1/err14.7;LLEP:120.6/125.8/err5.2,forward_short_gap_bridge
2661,LMEP,2661,2661,2660,2662,1,2.8481852891826174,3,9.973372139425356,LTROC:412.0/420.2/err8.2;LTH:285.8/300.1/err14.4;LLEP:118.4/125.8/err7.3,forward_short_gap_bridge
2665,LMEP,2665,2665,2664,2666,1,2.6732182721252027,3,8.628932638015234,LTROC:413.9/420.2/err6.3;LTH:286.3/300.1/err13.8;LLEP:120.0/125.8/err5.7,forward_short_gap_bridge
2669,LMEP,2669,2669,2668,2670,1,1.7064025933729978,3,8.191847647104444,LTROC:414.6/420.2/err5.7;LTH:286.0/300.1/err14.1;LLEP:120.9/125.8/err4.8,forward_short_gap_bridge
2673,LMEP,2673,2673,2672,2674,1,1.240745583723612,3,8.500963572571612,LTROC:415.1/420.2/err5.2;LTH:285.5/300.1/err14.6;LLEP:120.0/125.8/err5.7,forward_short_gap_bridge
2677,LMEP,2677,2677,2676,2678,1,0.8399382396705279,3,7.800980687966269,LTROC:416.2/420.2/err4.0;LTH:286.1/300.1/err14.0;LLEP:120.4/125.8/err5.4,forward_short_gap_bridge
2681,LMEP,2681,2681,2680,2682,1,1.175064279112691,3,7.321556142283981,LTROC:416.5/420.2/err3.7;LTH:286.8/300.1/err13.3;LLEP:120.8/125.8/err4.9,forward_short_gap_bridge
2685,LMEP,2685,2685,2684,2686,1,1.462231357939988,3,7.213547722096483,LTROC:415.5/420.2/err4.8;LTH:287.7/300.1/err12.5;LLEP:121.3/125.8/err4.4,forward_short_gap_bridge
2689,LMEP,2689,2689,2688,2690,1,1.6289529022054359,3,6.618872396931432,LTROC:416.7/420.2/err3.5;LTH:288.0/300.1/err12.2;LLEP:121.6/125.8/err4.2,forward_short_gap_bridge
2693,LMEP,2693,2693,2692,2694,1,1.4350278447451583,2,7.770606917629635,LTROC:416.6/420.2/err3.6;LTH:288.2/300.1/err12.0,forward_short_gap_bridge
2697,LMEP,2697,2697,2696,2698,1,0.8282184937452013,3,5.952734047947629,LTROC:416.6/420.2/err3.6;LTH:288.4/300.1/err11.7;LLEP:123.3/125.8/err2.5,forward_short_gap_bridge
2701,LMEP,2701,2701,2700,2702,1,0.6632485641925966,3,5.898162883369973,LTROC:416.5/420.2/err3.8;LTH:288.7/300.1/err11.5;LLEP:123.3/125.8/err2.5,forward_short_gap_bridge
2705,LMEP,2705,2705,2704,2706,1,0.6462939998514344,3,6.143657556411729,LTROC:415.7/420.2/err4.6;LTH:288.9/300.1/err11.2;LLEP:123.1/125.8/err2.6,forward_short_gap_bridge
2709,LMEP,2709,2709,2708,2710,1,0.6374999976917809,3,5.7787832817806715,LTROC:416.0/420.2/err4.2;LTH:289.0/300.1/err11.1;LLEP:123.7/125.8/err2.1,forward_short_gap_bridge
2713,LMEP,2713,2713,2712,2714,1,0.7933273650003977,3,6.436449792180696,LTROC:415.5/420.2/err4.7;LTH:289.0/300.1/err11.1;LLEP:122.3/125.8/err3.5,forward_short_gap_bridge
2717,LMEP,2717,2717,2716,2718,1,1.5855170750474006,3,6.749536849949233,LTROC:415.1/420.2/err5.1;LTH:288.8/300.1/err11.4;LLEP:122.0/125.8/err3.7,forward_short_gap_bridge
2721,LMEP,2721,2721,2720,2722,1,0.774050918812759,3,7.31773617087094,LTROC:413.7/420.2/err6.5;LTH:286.4/300.1/err13.7;LLEP:127.5/125.8/err1.7,forward_short_gap_bridge
2726,LMEP,2726,2726,2725,2727,1,0.9669795354146137,3,7.2782558342429695,LTROC:413.7/420.2/err6.5;LTH:286.3/300.1/err13.9;LLEP:127.2/125.8/err1.5,forward_short_gap_bridge
2744,LMEP,2744,2744,2743,2745,1,1.3872529391374868,3,5.592772216835509,LTROC:415.8/420.2/err4.4;LTH:291.0/300.1/err9.2;LLEP:122.6/125.8/err3.2,forward_short_gap_bridge
2752,LMEP,2752,2752,2751,2753,1,1.3170394357387813,3,5.908781856882238,LTROC:415.3/420.2/err4.9;LTH:290.7/300.1/err9.4;LLEP:122.3/125.8/err3.4,forward_short_gap_bridge
2760,LMEP,2760,2760,2759,2761,1,1.2578798478591118,3,6.2203713493532335,LTROC:414.9/420.2/err5.4;LTH:290.5/300.1/err9.7;LLEP:122.1/125.8/err3.6,forward_short_gap_bridge
2768,LMEP,2768,2768,2767,2769,1,1.1468292979680068,3,5.827145472775935,LTROC:415.4/420.2/err4.8;LTH:290.8/300.1/err9.3;LLEP:122.4/125.8/err3.4,forward_short_gap_bridge
2771,LMEP,2771,2772,2770,2773,2,1.181070068777576,3,6.086508837923039,LTROC:415.1/420.2/err5.1;LTH:290.7/300.1/err9.4;LLEP:122.1/125.8/err3.7,forward_short_gap_bridge
2772,LMEP,2771,2772,2770,2773,2,1.181070068777576,3,6.09417759399859,LTROC:414.9/420.2/err5.4;LTH:290.9/300.1/err9.2;LLEP:122.0/125.8/err3.7,forward_short_gap_bridge
2775,LMEP,2775,2776,2774,2777,2,1.1252308109926985,3,6.050574662821082,LTROC:414.9/420.2/err5.3;LTH:291.0/300.1/err9.1;LLEP:122.0/125.8/err3.7,forward_short_gap_bridge
2776,LMEP,2775,2776,2774,2777,2,1.1252308109926985,3,5.982064503185096,LTROC:415.0/420.2/err5.2;LTH:291.2/300.1/err9.0;LLEP:122.0/125.8/err3.7,forward_short_gap_bridge
2782,LMEP,2782,2782,2781,2783,1,1.0768963344163291,3,5.454571006921451,LTROC:415.7/420.2/err4.6;LTH:292.1/300.1/err8.1;LLEP:122.0/125.8/err3.7,forward_short_gap_bridge
2785,LMEP,2785,2785,2784,2786,1,8.310315154282858,3,7.548655210326108,LTROC:412.3/420.2/err7.9;LTH:288.2/300.1/err12.0;LLEP:123.0/125.8/err2.8,forward_short_gap_bridge
2789,LMEP,2789,2789,2788,2790,1,8.409959155769016,3,7.124220520018554,LTROC:412.9/420.2/err7.3;LTH:288.7/300.1/err11.4;LLEP:123.1/125.8/err2.6,forward_short_gap_bridge
2793,LMEP,2793,2794,2792,2795,2,5.576083121344534,3,7.736552305694436,LTROC:411.7/420.2/err8.5;LTH:287.7/300.1/err12.4;LLEP:123.5/125.8/err2.3,forward_short_gap_bridge
2794,LMEP,2793,2794,2792,2795,2,5.576083121344534,3,5.979114783189554,LTROC:414.4/420.2/err5.8;LTH:290.9/300.1/err9.2;LLEP:122.9/125.8/err2.9,forward_short_gap_bridge
2798,LMEP,2798,2798,2797,2799,1,0.7331128994765971,3,8.44881672657291,LTROC:410.2/420.2/err10.0;LTH:285.9/300.1/err14.2;LLEP:124.6/125.8/err1.1,forward_short_gap_bridge
2800,LMEP,2800,2801,2799,2802,2,5.209285247480879,3,6.636027109782745,LTROC:413.1/420.2/err7.2;LTH:289.2/300.1/err11.0;LLEP:124.0/125.8/err1.8,forward_short_gap_bridge
2801,LMEP,2800,2801,2799,2802,2,5.209285247480879,3,4.973574020387734,LTROC:415.5/420.2/err4.7;LTH:292.3/300.1/err7.9;LLEP:123.5/125.8/err2.3,forward_short_gap_bridge
2804,LMEP,2804,2805,2803,2806,2,0.7476610863992121,3,2.742527548774428,LTROC:418.6/420.2/err1.7;LTH:295.9/300.1/err4.2;LLEP:123.4/125.8/err2.4,forward_short_gap_bridge
2805,LMEP,2804,2805,2803,2806,2,0.7476610863992121,3,2.5542993918049937,LTROC:418.8/420.2/err1.4;LTH:296.2/300.1/err4.0;LLEP:123.5/125.8/err2.3,forward_short_gap_bridge
2813,LMEP,2813,2813,2812,2814,1,0.7801931748225188,3,1.5024373376453184,LTROC:419.8/420.2/err0.4;LTH:297.6/300.1/err2.5;LLEP:124.2/125.8/err1.6,forward_short_gap_bridge
2823,LMEP,2823,2824,2822,2825,2,0.3976805552025404,3,0.721199661322359,LTROC:419.9/420.2/err0.3;LTH:298.6/300.1/err1.5;LLEP:125.5/125.8/err0.3,forward_short_gap_bridge
2824,LMEP,2823,2824,2822,2825,2,0.3976805552025404,3,0.48073436390889884,LTROC:420.2/420.2/err0.0;LTH:299.1/300.1/err1.1;LLEP:125.4/125.8/err0.3,forward_short_gap_bridge
2691,LLEP,2691,2691,2690,2692,1,2.062357034038302,3,3.1626450256877234,LTROC:389.2/384.8/err4.5;LTH:249.8/251.3/err1.5;LMEP:122.2/125.8/err3.5,forward_short_gap_bridge
2693,LLEP,2693,2693,2692,2694,1,1.0867480253375212,3,2.858644132659753,LTROC:388.7/384.8/err4.0;LTH:249.3/251.3/err1.9;LMEP:123.1/125.8/err2.7,forward_short_gap_bridge
2642,LSK,2642,2643,2641,2644,2,4.715733134975658,2,4.902027237700139,LLME:226.5/222.3/err4.2;LMME:248.0/242.3/err5.6,forward_short_gap_bridge
2643,LSK,2642,2643,2641,2644,2,4.715733134975658,2,3.2650364724513565,LLME:224.2/222.3/err1.9;LMME:247.0/242.3/err4.6,forward_short_gap_bridge
2654,LSK,2654,2654,2653,2655,1,1.4952930731474317,2,2.0764146954589506,LLME:218.6/222.3/err3.8;LMME:242.7/242.3/err0.4,forward_short_gap_bridge
2656,LSK,2656,2656,2655,2657,1,1.9194205615921716,2,1.7479354538861145,LLME:218.9/222.3/err3.5;LMME:242.3/242.3/err0.0,forward_short_gap_bridge
2680,LSK,2680,2680,2679,2681,1,0.6946731755142659,2,2.9681245596005397,LLME:219.2/222.3/err3.2;LMME:239.5/242.3/err2.8,forward_short_gap_bridge
2706,LSK,2706,2706,2705,2707,1,1.01820156703323,2,1.4420121617506823,LLME:220.8/222.3/err1.6;LMME:241.0/242.3/err1.3,forward_short_gap_bridge
2306,RMEP,2306,2307,2305,2308,2,1.0159986593145132,3,0.7723147421413898,RTROC:423.2/423.8/err0.6;RTH:290.8/291.7/err0.9;RLEP:130.4/131.3/err0.8,forward_short_gap_bridge
2307,RMEP,2306,2307,2305,2308,2,1.0159986593145132,3,0.8861789174457897,RTROC:423.1/423.8/err0.7;RTH:290.7/291.7/err1.0;RLEP:130.3/131.3/err1.0,forward_short_gap_bridge
2332,RMEP,2332,2333,2331,2334,2,3.419829985968251,3,3.18435413819851,RTROC:420.1/423.8/err3.7;RTH:288.1/291.7/err3.6;RLEP:129.0/131.3/err2.3,forward_short_gap_bridge
2333,RMEP,2332,2333,2331,2334,2,3.419829985968251,3,3.514218507680899,RTROC:420.8/423.8/err3.0;RTH:288.2/291.7/err3.5;RLEP:127.3/131.3/err4.0,forward_short_gap_bridge
2337,RMEP,2337,2337,2336,2338,1,1.285325405568292,3,3.714794021291747,RTROC:418.5/423.8/err5.3;RTH:287.0/291.7/err4.7;RLEP:130.1/131.3/err1.1,forward_short_gap_bridge
2340,RMEP,2340,2340,2339,2341,1,1.0084433493200835,3,3.942390932182178,RTROC:418.2/423.8/err5.6;RTH:286.8/291.7/err5.0;RLEP:130.0/131.3/err1.3,forward_short_gap_bridge
2354,RMEP,2354,2355,2353,2356,2,0.7716752240269845,3,4.784325916800829,RTROC:417.0/423.8/err6.8;RTH:285.8/291.7/err5.9;RLEP:129.6/131.3/err1.7,forward_short_gap_bridge
2355,RMEP,2354,2355,2353,2356,2,0.7716752240269845,3,4.808950380538552,RTROC:417.0/423.8/err6.7;RTH:285.8/291.7/err6.0;RLEP:129.6/131.3/err1.7,forward_short_gap_bridge
2358,RMEP,2358,2359,2357,2360,2,2.5166720087250236,3,5.0721600937109015,RTROC:417.4/423.8/err6.3;RTH:285.8/291.7/err6.0;RLEP:128.3/131.3/err2.9,forward_short_gap_bridge
2359,RMEP,2358,2359,2357,2360,2,2.5166720087250236,3,5.308839551132688,RTROC:417.9/423.8/err5.9;RTH:285.8/291.7/err5.9;RLEP:127.2/131.3/err4.1,forward_short_gap_bridge
2365,RMEP,2365,2365,2364,2366,1,0.585952010819442,3,5.37646727957527,RTROC:417.6/423.8/err6.2;RTH:285.6/291.7/err6.1;RLEP:127.5/131.3/err3.8,forward_short_gap_bridge
2367,RMEP,2367,2367,2366,2368,1,0.5897899016532917,3,5.511868614308658,RTROC:417.3/423.8/err6.5;RTH:285.4/291.7/err6.3;RLEP:127.6/131.3/err3.7,forward_short_gap_bridge
2369,RMEP,2369,2369,2368,2370,1,0.46560282604662173,3,5.563172144819153,RTROC:417.1/423.8/err6.7;RTH:285.2/291.7/err6.5;RLEP:127.8/131.3/err3.5,forward_short_gap_bridge
2371,RMEP,2371,2371,2370,2372,1,0.7672724227669809,3,5.665562621142797,RTROC:416.8/423.8/err6.9;RTH:285.0/291.7/err6.7;RLEP:127.9/131.3/err3.3,forward_short_gap_bridge
2373,RMEP,2373,2373,2372,2374,1,0.8559073188186217,3,5.927247633830523,RTROC:416.6/423.8/err7.2;RTH:284.7/291.7/err7.1;RLEP:127.7/131.3/err3.5,forward_short_gap_bridge
2375,RMEP,2375,2375,2374,2376,1,0.9915511548069211,3,6.311461170162299,RTROC:416.4/423.8/err7.4;RTH:283.9/291.7/err7.8;RLEP:127.5/131.3/err3.7,forward_short_gap_bridge
2377,RMEP,2377,2377,2376,2378,1,1.0833028722958409,3,6.439606810207934,RTROC:416.2/423.8/err7.6;RTH:283.9/291.7/err7.8;RLEP:127.4/131.3/err3.9,forward_short_gap_bridge
2379,RMEP,2379,2379,2378,2380,1,1.0709069705606562,3,6.78036853078514,RTROC:415.9/423.8/err7.9;RTH:283.5/291.7/err8.3;RLEP:127.1/131.3/err4.2,forward_short_gap_bridge
2381,RMEP,2381,2381,2380,2382,1,1.5528262330870555,3,7.090333028469611,RTROC:415.5/423.8/err8.2;RTH:283.0/291.7/err8.7;RLEP:127.0/131.3/err4.3,forward_short_gap_bridge
2383,RMEP,2383,2383,2382,2384,1,1.4289377403291,3,7.387707935557576,RTROC:415.2/423.8/err8.6;RTH:282.6/291.7/err9.2;RLEP:126.8/131.3/err4.4,forward_short_gap_bridge
2385,RMEP,2385,2385,2384,2386,1,2.616020881987769,3,7.8707320048415,RTROC:414.4/423.8/err9.4;RTH:281.8/291.7/err9.9;RLEP:127.0/131.3/err4.3,forward_short_gap_bridge
2400,RMEP,2400,2400,2399,2401,1,2.586536016515471,3,11.84619740011207,RTROC:408.9/423.8/err14.8;RTH:277.3/291.7/err14.5;RLEP:125.0/131.3/err6.2,forward_short_gap_bridge
2405,RMEP,2405,2406,2404,2407,2,2.9992411633088536,3,13.256205445367693,RTROC:406.7/423.8/err17.1;RTH:276.1/291.7/err15.6;RLEP:124.2/131.3/err7.0,forward_short_gap_bridge
2406,RMEP,2405,2406,2404,2407,2,2.9992411633088536,3,13.594165720952981,RTROC:406.1/423.8/err17.7;RTH:275.8/291.7/err15.9;RLEP:124.1/131.3/err7.2,forward_short_gap_bridge
2409,RMEP,2409,2410,2408,2411,2,3.199552315297488,3,14.88478006459735,RTROC:404.2/423.8/err19.6;RTH:274.5/291.7/err17.2;RLEP:123.4/131.3/err7.9,forward_short_gap_bridge
2410,RMEP,2409,2410,2408,2411,2,3.199552315297488,3,15.338750372534482,RTROC:403.5/423.8/err20.3;RTH:274.0/291.7/err17.7;RLEP:123.2/131.3/err8.0,forward_short_gap_bridge
2416,RMEP,2416,2416,2415,2417,1,3.232418486366124,3,17.413155905115804,RTROC:399.7/423.8/err24.1;RTH:271.6/291.7/err20.1;RLEP:123.2/131.3/err8.1,forward_short_gap_bridge
2419,RMEP,2419,2419,2418,2420,1,2.966036068834435,3,18.274331355637788,RTROC:398.3/423.8/err25.4;RTH:270.3/291.7/err21.4;RLEP:123.3/131.3/err8.0,forward_short_gap_bridge
2423,RMEP,2423,2423,2422,2424,1,2.892858017969258,3,19.411555261846164,RTROC:396.1/423.8/err27.6;RTH:268.9/291.7/err22.8;RLEP:123.5/131.3/err7.8,forward_short_gap_bridge
2428,RMEP,2428,2428,2427,2429,1,2.6580675321671885,3,20.535701554687652,RTROC:393.5/423.8/err30.2;RTH:267.4/291.7/err24.3;RLEP:124.2/131.3/err7.1,forward_short_gap_bridge
2430,RMEP,2430,2431,2429,2432,2,2.4789118854075323,3,21.043155907769144,RTROC:392.3/423.8/err31.5;RTH:266.8/291.7/err24.9;RLEP:124.6/131.3/err6.7,forward_short_gap_bridge
2431,RMEP,2430,2431,2429,2432,2,2.4789118854075323,3,21.318226895956006,RTROC:391.6/423.8/err32.2;RTH:266.5/291.7/err25.2;RLEP:124.8/131.3/err6.5,forward_short_gap_bridge
2434,RMEP,2434,2434,2433,2435,1,2.3050857138578755,3,22.239888924898178,RTROC:389.3/423.8/err34.4;RTH:265.6/291.7/err26.2;RLEP:125.1/131.3/err6.1,forward_short_gap_bridge
2438,RMEP,2438,2439,2437,2440,2,2.2572716711709044,3,23.637076254747367,RTROC:386.3/423.8/err37.4;RTH:264.2/291.7/err27.6;RLEP:125.4/131.3/err5.9,forward_short_gap_bridge
2439,RMEP,2438,2439,2437,2440,2,2.2572716711709044,3,23.90693231052246,RTROC:385.7/423.8/err38.1;RTH:263.9/291.7/err27.8;RLEP:125.5/131.3/err5.8,forward_short_gap_bridge
2447,RMEP,2447,2447,2446,2448,1,2.1432908029474653,3,24.84895495567695,RTROC:382.1/423.8/err41.6;RTH:262.6/291.7/err29.1;RLEP:127.5/131.3/err3.8,forward_short_gap_bridge
2452,RMEP,2452,2452,2451,2453,1,2.0506038181574904,2,16.077895430324077,RTH:262.1/291.7/err29.6;RLEP:128.7/131.3/err2.5,forward_short_gap_bridge
2454,RMEP,2454,2454,2453,2455,1,7.125533015096992,2,19.109513945219568,RTH:259.5/291.7/err32.2;RLEP:125.3/131.3/err6.0,forward_short_gap_bridge
2456,RMEP,2456,2456,2455,2457,1,7.977162902169379,2,18.88562979588297,RTH:259.5/291.7/err32.3;RLEP:125.8/131.3/err5.5,forward_short_gap_bridge
2458,RMEP,2458,2458,2457,2459,1,1.8297902511093727,2,15.12337407376502,RTH:262.2/291.7/err29.6;RLEP:130.6/131.3/err0.7,forward_short_gap_bridge
2463,RMEP,2463,2463,2462,2464,1,1.6763731951973206,2,15.227728931851871,RTH:261.6/291.7/err30.1;RLEP:130.9/131.3/err0.3,forward_short_gap_bridge
2465,RMEP,2465,2465,2464,2466,1,1.4933875362187896,2,15.156618466746949,RTH:261.7/291.7/err30.0;RLEP:131.0/131.3/err0.3,forward_short_gap_bridge
2467,RMEP,2467,2467,2466,2468,1,1.32305553741854,2,15.237567073324954,RTH:261.7/291.7/err30.0;RLEP:131.7/131.3/err0.4,forward_short_gap_bridge
2469,RMEP,2469,2469,2468,2470,1,1.2117934997931954,2,15.30112358681032,RTH:261.7/291.7/err30.0;RLEP:131.8/131.3/err0.6,forward_short_gap_bridge
2474,RMEP,2474,2474,2473,2475,1,0.9656185795806751,2,15.281821984397567,RTH:262.7/291.7/err29.0;RLEP:132.8/131.3/err1.6,forward_short_gap_bridge
2476,RMEP,2476,2476,2475,2477,1,1.0701292348602773,2,15.348116170494421,RTH:262.8/291.7/err28.9;RLEP:133.1/131.3/err1.8,forward_short_gap_bridge
2478,RMEP,2478,2478,2477,2479,1,0.7758762636947674,2,15.440908241590463,RTH:262.9/291.7/err28.8;RLEP:133.3/131.3/err2.1,forward_short_gap_bridge
2481,RMEP,2481,2481,2480,2482,1,0.6687597060794341,2,14.861199657687095,RTH:263.2/291.7/err28.5;RLEP:132.5/131.3/err1.2,forward_short_gap_bridge
2484,RMEP,2484,2484,2483,2485,1,0.5105427309149583,2,14.567794924900184,RTH:263.3/291.7/err28.4;RLEP:132.0/131.3/err0.7,forward_short_gap_bridge
2487,RMEP,2487,2487,2486,2488,1,0.5034608184601057,2,14.193003195210068,RTH:263.6/291.7/err28.1;RLEP:131.6/131.3/err0.3,forward_short_gap_bridge
2490,RMEP,2490,2490,2489,2491,1,0.6935570639873322,3,23.668567872425985,RTROC:380.6/423.8/err43.1;RTH:264.1/291.7/err27.6;RLEP:131.0/131.3/err0.3,forward_short_gap_bridge
2492,RMEP,2492,2492,2491,2493,1,0.8786620592621326,3,23.364211325733994,RTROC:381.7/423.8/err42.1;RTH:264.5/291.7/err27.2;RLEP:130.5/131.3/err0.8,forward_short_gap_bridge
2495,RMEP,2495,2495,2494,2496,1,1.1711410534342122,3,23.069743191276746,RTROC:383.5/423.8/err40.3;RTH:265.1/291.7/err26.6;RLEP:129.0/131.3/err2.3,forward_short_gap_bridge
2511,RMEP,2511,2511,2510,2512,1,4.060982711981351,3,18.115782231436018,RTROC:396.6/423.8/err27.1;RTH:271.3/291.7/err20.4;RLEP:124.5/131.3/err6.8,forward_short_gap_bridge
2771,RMEP,2771,2771,2770,2772,1,1.4345205175341402,3,10.135460767070512,RTROC:404.1/423.8/err19.6;RTH:285.2/291.7/err6.5;RLEP:127.0/131.3/err4.3,forward_short_gap_bridge
