frame,marker,raw,gap_start,gap_end,gap_len,left_frame,right_frame,pred_dist,support,mean_error,margin,risk,method
2305,RBHD,*56,2303,2593,291,2302,2594,6.076604687516082,2,1.4184539902016269,999.0,high,bold_grey_connect
2306,RBHD,*56,2303,2593,291,2302,2594,8.092225951267489,2,1.4667723059011308,999.0,high,bold_grey_connect
2308,RBHD,*56,2303,2593,291,2302,2594,12.200993266469343,2,1.6653184090170186,999.0,high,bold_grey_connect
2309,RBHD,*56,2303,2593,291,2302,2594,14.282420914080294,2,1.7829029039539819,999.0,high,bold_grey_connect
2310,RBHD,*56,2303,2593,291,2302,2594,16.12660801326725,2,1.640382757072885,999.0,high,bold_grey_connect
2312,RBHD,*59,2303,2593,291,2302,2594,20.570565851231525,2,2.0525495719190587,999.0,high,bold_grey_connect
2314,RBHD,*59,2303,2593,291,2302,2594,24.818897553636525,2,2.21431748588617,999.0,high,bold_grey_connect
2317,RBHD,*59,2303,2593,291,2302,2594,31.310272242379792,2,2.353051951293722,999.0,high,bold_grey_connect
2304,LBHD,*53,2303,2661,359,2302,2662,3.521779452145502,3,2.440437207758445,999.0,high,bold_grey_connect
2305,LBHD,*53,2303,2661,359,2302,2662,5.146103293091316,3,3.135136817542488,999.0,high,bold_grey_connect
2308,LBHD,*53,2303,2661,359,2302,2662,10.398713678315971,3,2.94527933991237,999.0,high,bold_grey_connect
2309,LBHD,*53,2303,2661,359,2302,2662,12.083150481086145,3,2.92989177737509,999.0,high,bold_grey_connect
2310,LBHD,*53,2303,2661,359,2302,2662,21.314951696589485,3,2.022910831605183,999.0,high,bold_grey_connect
2311,LBHD,*53,2303,2661,359,2302,2662,15.565329548761058,3,2.3496230522524635,999.0,high,bold_grey_connect
2312,LBHD,*53,2303,2661,359,2302,2662,17.318291518143408,3,2.765973877601553,59.29873500564251,high,bold_grey_connect
2313,LBHD,*56,2303,2661,359,2302,2662,59.22712614943386,3,17.513475556426133,999.0,high,bold_grey_connect
2314,LBHD,*53,2303,2661,359,2302,2662,20.706993157272926,3,2.7487010358085846,57.78067996947438,high,bold_grey_connect
2315,LBHD,*53,2303,2661,359,2302,2662,22.469751958999968,3,3.535762900172543,999.0,high,bold_grey_connect
2316,LBHD,*53,2303,2661,359,2302,2662,31.89573414066005,3,6.064106100282487,40.36330532977773,high,bold_grey_connect
2317,LBHD,*53,2303,2661,359,2302,2662,26.01463284761333,3,2.529154675987764,48.51657438739481,high,bold_grey_connect
2318,LBHD,*56,2303,2661,359,2302,2662,56.296513510720985,3,16.514972599345977,999.0,high,bold_grey_connect
2319,LBHD,*53,2303,2661,359,2302,2662,29.48989666377725,3,4.57449647964486,999.0,high,bold_grey_connect
2321,LBHD,*53,2303,2661,359,2302,2662,56.99882210433177,3,16.696047536322435,999.0,high,bold_grey_connect
2322,LBHD,*56,2303,2661,359,2302,2662,34.86260986021378,3,5.266765890067532,40.05050182575056,high,bold_grey_connect
2323,LBHD,*56,2303,2661,359,2302,2662,36.584923686458765,3,5.388385996153744,34.92205470747477,high,bold_grey_connect
2326,LBHD,*56,2303,2661,359,2302,2662,42.09366038056002,3,6.042777685142373,30.963637048020374,high,bold_grey_connect
2327,LBHD,*56,2303,2661,359,2302,2662,43.972260915984926,3,6.203080141273939,29.581557800675355,high,bold_grey_connect
2328,LBHD,*56,2303,2661,359,2302,2662,45.77702722732854,3,6.3412863028147655,28.615079367738872,high,bold_grey_connect
2329,LBHD,*53,2303,2661,359,2302,2662,62.55789240371326,3,16.753033134713323,999.0,high,bold_grey_connect
2330,LBHD,*56,2303,2661,359,2302,2662,49.33982782933341,3,6.350953667385032,26.749464581980583,high,bold_grey_connect
2331,LBHD,*56,2303,2661,359,2302,2662,51.357207662296766,3,6.887889228667201,28.359693005119468,high,bold_grey_connect
2332,LBHD,*53,2303,2661,359,2302,2662,65.9998026067984,3,16.607831213510725,999.0,high,bold_grey_connect
2333,LBHD,*56,2303,2661,359,2302,2662,54.89668398741975,3,7.0395062039328975,26.561258412334823,high,bold_grey_connect
2334,LBHD,*56,2303,2661,359,2302,2662,56.744123820219144,3,6.852704064384501,999.0,high,bold_grey_connect
2335,LBHD,*56,2303,2661,359,2302,2662,58.63725772414408,3,6.886918452596835,999.0,high,bold_grey_connect
2336,LBHD,*56,2303,2661,359,2302,2662,60.48464667249841,3,7.173711404459847,23.81260448078912,high,bold_grey_connect
2337,LBHD,*53,2303,2661,359,2302,2662,71.85791777105928,3,15.847704433568046,999.0,high,bold_grey_connect
2338,LBHD,*53,2303,2661,359,2302,2662,75.4772197382725,3,16.24679346756668,999.0,high,bold_grey_connect
2339,LBHD,*58,2303,2661,359,2302,2662,65.8372530230635,3,6.938538680799117,999.0,high,bold_grey_connect
2340,LBHD,*58,2303,2661,359,2302,2662,67.77066836905311,3,6.723904266834485,999.0,high,bold_grey_connect
2341,LBHD,*58,2303,2661,359,2302,2662,69.46488310310484,3,6.790140978090283,17.355071327570272,high,bold_grey_connect
2342,LBHD,*58,2303,2661,359,2302,2662,71.25905973535178,3,6.8118593906965215,19.878070721520785,high,bold_grey_connect
2343,LBHD,*58,2303,2661,359,2302,2662,73.02822606915583,3,6.8558186134770125,999.0,high,bold_grey_connect
2344,LBHD,*58,2303,2661,359,2302,2662,74.98044004887286,3,6.830514818087214,999.0,high,bold_grey_connect
2345,LBHD,*58,2303,2661,359,2302,2662,76.76444516131025,3,6.815577791552703,14.756103199487995,high,bold_grey_connect
2346,LBHD,*53,2303,2661,359,2302,2662,83.86510437549562,3,14.244950784999537,999.0,high,bold_grey_connect
2347,LBHD,*53,2303,2661,359,2302,2662,83.90574481554904,3,13.761800772052714,999.0,high,bold_grey_connect
2348,LBHD,*53,2303,2661,359,2302,2662,85.33595162053895,3,13.657372004558814,999.0,high,bold_grey_connect
2349,LBHD,*58,2303,2661,359,2302,2662,84.21329818547783,3,6.542795924936191,12.557636368455846,high,bold_grey_connect
2350,LBHD,*58,2303,2661,359,2302,2662,86.16579172409098,3,6.574567442591321,14.419728231724676,high,bold_grey_connect
2351,LBHD,*53,2303,2661,359,2302,2662,91.32108130254673,3,13.587714944306597,999.0,high,bold_grey_connect
2353,LBHD,*58,2303,2661,359,2302,2662,91.78187660668087,3,6.500876653145705,999.0,high,bold_grey_connect
2651,LBHD,*62,2303,2661,359,2302,2662,72.95186134226812,3,3.2803533887647753,999.0,high,bold_grey_connect
2653,LBHD,*62,2303,2661,359,2302,2662,58.4119622822853,3,3.0388101644104686,999.0,high,bold_grey_connect
2654,LBHD,*62,2303,2661,359,2302,2662,51.43274818565245,3,2.993895010651594,999.0,high,bold_grey_connect
2657,LBHD,*62,2303,2661,359,2302,2662,31.70221972559214,3,3.050564768678877,999.0,high,bold_grey_connect
2658,LBHD,*62,2303,2661,359,2302,2662,25.07016029920177,3,3.1628856992906598,999.0,high,bold_grey_connect
2312,C7,*56,2309,2596,288,2308,2597,5.177920862867913,3,6.940331040157503,999.0,high,bold_grey_connect
2314,C7,*56,2309,2596,288,2308,2597,9.890957528019317,3,7.459856497829766,999.0,high,bold_grey_connect
2316,C7,*56,2309,2596,288,2308,2597,12.843755148692775,3,7.726663231597087,999.0,high,bold_grey_connect
2317,C7,*56,2309,2596,288,2308,2597,12.340819296205103,3,7.40082091801447,999.0,high,bold_grey_connect
2322,C7,*53,2309,2596,288,2308,2597,22.4337617110461,3,8.354288030296042,999.0,high,bold_grey_connect
2323,C7,*53,2309,2596,288,2308,2597,22.175048629937024,3,8.092257608203331,999.0,high,bold_grey_connect
2326,C7,*53,2309,2596,288,2308,2597,27.553153487518223,3,8.622059917663051,999.0,high,bold_grey_connect
2327,C7,*53,2309,2596,288,2308,2597,29.288560330852725,3,8.73594030268913,999.0,high,bold_grey_connect
2328,C7,*53,2309,2596,288,2308,2597,31.20706643477892,3,8.896111125292558,999.0,high,bold_grey_connect
2330,C7,*53,2309,2596,288,2308,2597,34.84467951751203,3,9.118890252756444,999.0,high,bold_grey_connect
2331,C7,*53,2309,2596,288,2308,2597,38.562829962664225,3,9.371010724301593,999.0,high,bold_grey_connect
2333,C7,*53,2309,2596,288,2308,2597,42.29879222134766,3,9.3525053315093,999.0,high,bold_grey_connect
2336,C7,*53,2309,2596,288,2308,2597,47.87224019673896,3,9.739738761802423,999.0,high,bold_grey_connect
2340,C7,*53,2309,2596,288,2308,2597,94.71177498934404,3,14.529353295174436,999.0,high,bold_grey_connect
2341,C7,*56,2309,2596,288,2308,2597,54.9361438363661,3,9.581943694752104,999.0,high,bold_grey_connect
2342,C7,*56,2309,2596,288,2308,2597,58.6197359768481,3,10.020685679935772,999.0,high,bold_grey_connect
2345,C7,*53,2309,2596,288,2308,2597,61.82408380380619,3,9.938314099235242,999.0,high,bold_grey_connect
2349,C7,*53,2309,2596,288,2308,2597,68.55501530057474,3,9.763636026190056,999.0,high,bold_grey_connect
2350,C7,*53,2309,2596,288,2308,2597,72.08438928727045,3,10.104215628031247,999.0,high,bold_grey_connect
2354,C7,*59,2309,2596,288,2308,2597,78.39342058462002,3,10.099406203690316,999.0,high,bold_grey_connect
2357,C7,*59,2309,2596,288,2308,2597,81.33602378090724,3,9.88639976399879,999.0,high,bold_grey_connect
2358,C7,*59,2309,2596,288,2308,2597,84.35105689679419,3,10.017079775981708,999.0,high,bold_grey_connect
2360,C7,*58,2309,2596,288,2308,2597,87.20658412534756,3,9.742902989076205,999.0,high,bold_grey_connect
2362,C7,*58,2309,2596,288,2308,2597,90.33020798952172,3,9.937932819537528,999.0,high,bold_grey_connect
2569,C7,*63,2309,2596,288,2308,2597,86.88418180590013,3,10.963951854979294,999.0,high,bold_grey_connect
2570,C7,*63,2309,2596,288,2308,2597,84.29113786448606,3,11.493924123973736,999.0,high,bold_grey_connect
2571,C7,*63,2309,2596,288,2308,2597,83.11242355676282,3,10.614907194503198,999.0,high,bold_grey_connect
2572,C7,*63,2309,2596,288,2308,2597,82.59050019090078,3,8.70149977097005,999.0,high,bold_grey_connect
2574,C7,*62,2309,2596,288,2308,2597,80.46059730047116,3,6.314086126206888,999.0,high,bold_grey_connect
2546,T10,*62,2545,2568,24,2544,2569,5.746238355990664,3,9.991675649891922,999.0,medium,bold_grey_connect
2547,T10,*62,2545,2568,24,2544,2569,8.349120102113854,3,12.283526867709034,999.0,medium,bold_grey_connect
2548,T10,*62,2545,2568,24,2544,2569,10.603315971156842,3,13.706309027418124,999.0,medium,bold_grey_connect
2549,T10,*62,2545,2568,24,2544,2569,13.153504743872965,3,16.170795945472417,999.0,medium,bold_grey_connect
2550,T10,*62,2545,2568,24,2544,2569,13.955102296230159,3,18.019723210337464,999.0,medium,bold_grey_connect
2305,LELA,*54,2303,2841,539,2302,2842,4.087463343900796,3,0.914668336759514,999.0,high,bold_grey_connect
2306,LELA,*54,2303,2841,539,2302,2842,5.532632355393831,3,0.9163113199391167,999.0,high,bold_grey_connect
2307,LELA,*54,2303,2841,539,2302,2842,6.995289211438694,3,0.9003544261988262,999.0,high,bold_grey_connect
2308,LELA,*54,2303,2841,539,2302,2842,8.331017359870739,3,0.9065548513405162,999.0,high,bold_grey_connect
2309,LELA,*54,2303,2841,539,2302,2842,9.641463883075524,3,0.7700049040001223,999.0,high,bold_grey_connect
2310,LELA,*54,2303,2841,539,2302,2842,11.029930359445746,3,0.6824596816823316,999.0,high,bold_grey_connect
2311,LELA,*54,2303,2841,539,2302,2842,12.459669462398136,3,0.6307602879581964,999.0,high,bold_grey_connect
2312,LELA,*54,2303,2841,539,2302,2842,13.931417442687732,3,0.6293407886564069,999.0,high,bold_grey_connect
2313,LELA,*54,2303,2841,539,2302,2842,15.419982521245345,3,0.6189850372102986,999.0,high,bold_grey_connect
2314,LELA,*54,2303,2841,539,2302,2842,16.94502969121594,3,0.6115754738498017,999.0,high,bold_grey_connect
2315,LELA,*54,2303,2841,539,2302,2842,18.464410018909074,3,0.6160006892516824,999.0,high,bold_grey_connect
2316,LELA,*54,2303,2841,539,2302,2842,19.995358073441277,3,0.6069911600335018,999.0,high,bold_grey_connect
2317,LELA,*54,2303,2841,539,2302,2842,21.53171795445153,3,0.6035653283677126,999.0,high,bold_grey_connect
2318,LELA,*54,2303,2841,539,2302,2842,23.056825272855146,3,0.5933109649749326,999.0,high,bold_grey_connect
2319,LELA,*54,2303,2841,539,2302,2842,24.601218735470173,3,0.5607931676665933,999.0,high,bold_grey_connect
2320,LELA,*54,2303,2841,539,2302,2842,26.101736532456574,3,0.6038988378640274,999.0,high,bold_grey_connect
2321,LELA,*54,2303,2841,539,2302,2842,27.60290503423752,3,0.7082616377665308,999.0,high,bold_grey_connect
2322,LELA,*54,2303,2841,539,2302,2842,29.108916957977506,3,0.8009055387698775,999.0,high,bold_grey_connect
2323,LELA,*54,2303,2841,539,2302,2842,30.614534530670173,3,0.90751322862873,999.0,high,bold_grey_connect
2324,LELA,*54,2303,2841,539,2302,2842,32.116485971630865,3,0.9776122459060446,999.0,high,bold_grey_connect
2325,LELA,*54,2303,2841,539,2302,2842,33.64441085669612,3,1.175862131912325,999.0,high,bold_grey_connect
2326,LELA,*54,2303,2841,539,2302,2842,35.16538503626126,3,1.2418833281829318,999.0,high,bold_grey_connect
2327,LELA,*54,2303,2841,539,2302,2842,36.712203087758134,3,1.3037017433003133,999.0,high,bold_grey_connect
2328,LELA,*54,2303,2841,539,2302,2842,38.25601270684483,3,1.358272050287809,999.0,high,bold_grey_connect
2329,LELA,*54,2303,2841,539,2302,2842,39.81374512122269,3,1.421681697962531,999.0,high,bold_grey_connect
2330,LELA,*54,2303,2841,539,2302,2842,41.39518899078521,3,1.4771936539405222,999.0,high,bold_grey_connect
2331,LELA,*54,2303,2841,539,2302,2842,43.00667422696503,3,1.5273231685210646,999.0,high,bold_grey_connect
2332,LELA,*54,2303,2841,539,2302,2842,44.5907302014065,3,1.5935594796689116,999.0,high,bold_grey_connect
2333,LELA,*54,2303,2841,539,2302,2842,46.225055395061666,3,1.6382403194044077,999.0,high,bold_grey_connect
2334,LELA,*54,2303,2841,539,2302,2842,47.815161748597056,3,1.693450473859836,999.0,high,bold_grey_connect
2335,LELA,*54,2303,2841,539,2302,2842,49.52829187561178,3,1.745444948008161,999.0,high,bold_grey_connect
2336,LELA,*54,2303,2841,539,2302,2842,51.202346286962424,3,1.7932881669165965,999.0,high,bold_grey_connect
2337,LELA,*54,2303,2841,539,2302,2842,52.92899865024412,3,1.857698517732942,999.0,high,bold_grey_connect
2338,LELA,*54,2303,2841,539,2302,2842,54.71047788934825,3,1.9075281341527652,999.0,high,bold_grey_connect
2339,LELA,*54,2303,2841,539,2302,2842,56.53099322088751,3,1.9605257191604484,999.0,high,bold_grey_connect
2340,LELA,*54,2303,2841,539,2302,2842,58.44451436171429,3,1.971003218975677,999.0,high,bold_grey_connect
2341,LELA,*54,2303,2841,539,2302,2842,60.77394906374308,3,1.87568247890412,999.0,high,bold_grey_connect
2342,LELA,*54,2303,2841,539,2302,2842,62.84133918764374,3,1.942672286472207,999.0,high,bold_grey_connect
2343,LELA,*54,2303,2841,539,2302,2842,64.97198116223304,3,2.0015541439833933,999.0,high,bold_grey_connect
2344,LELA,*54,2303,2841,539,2302,2842,67.1747548516067,3,2.0808351883664593,999.0,high,bold_grey_connect
2347,LELA,*54,2303,2841,539,2302,2842,74.35185804486616,3,2.2963054674655865,999.0,high,bold_grey_connect
2348,LELA,*54,2303,2841,539,2302,2842,76.73742682970985,3,2.412087272351973,999.0,high,bold_grey_connect
2350,LELA,*52,2303,2841,539,2302,2842,81.9378958620853,3,2.6038062972927114,999.0,high,bold_grey_connect
2351,LELA,*52,2303,2841,539,2302,2842,84.61683488966618,3,2.702755403597839,999.0,high,bold_grey_connect
2353,LELA,*53,2303,2841,539,2302,2842,90.1647308182674,3,2.9430372814553514,999.0,high,bold_grey_connect
2354,LELA,*53,2303,2841,539,2302,2842,92.97726711244235,3,2.9897314840537965,999.0,high,bold_grey_connect
2797,LELA,*57,2303,2841,539,2302,2842,91.18499775535936,3,0.8916168609445853,999.0,high,bold_grey_connect
2800,LELA,*60,2303,2841,539,2302,2842,84.41739611493135,3,0.8639470521865652,999.0,high,bold_grey_connect
2805,LELA,*58,2303,2841,539,2302,2842,73.07191182433434,3,0.7655693400625173,999.0,high,bold_grey_connect
2806,LELA,*58,2303,2841,539,2302,2842,70.94539027848533,3,0.7308510042234057,999.0,high,bold_grey_connect
2807,LELA,*58,2303,2841,539,2302,2842,68.69825380608673,3,0.7331404001407359,999.0,high,bold_grey_connect
2808,LELA,*58,2303,2841,539,2302,2842,66.55765168983551,3,0.7563508117150377,999.0,high,bold_grey_connect
2814,LELA,*60,2303,2841,539,2302,2842,52.96888830000768,3,0.9177657742257423,999.0,high,bold_grey_connect
2818,LELA,*59,2303,2841,539,2302,2842,44.16252125691807,3,1.0662098707912548,999.0,high,bold_grey_connect
2823,LELA,*59,2303,2841,539,2302,2842,33.67975175850153,3,1.2335654785776977,999.0,high,bold_grey_connect
2828,LELA,*54,2303,2841,539,2302,2842,23.99206470609842,3,1.3092091217660453,999.0,high,bold_grey_connect
2830,LELA,*54,2303,2841,539,2302,2842,20.343831589692556,3,1.3072963238670923,999.0,high,bold_grey_connect
2831,LELA,*54,2303,2841,539,2302,2842,18.55030793775101,3,1.3044270213583313,999.0,high,bold_grey_connect
2495,LFIN,*56,2495,2736,242,2494,2737,21.36781272787124,3,33.37613362281613,999.0,high,bold_grey_connect
2496,LFIN,*56,2495,2736,242,2494,2737,45.12541555385483,3,31.446669137710312,999.0,high,bold_grey_connect
2497,LFIN,*56,2495,2736,242,2494,2737,68.51180849764103,3,31.296266801233628,999.0,high,bold_grey_connect
2498,LFIN,*56,2495,2736,242,2494,2737,91.24024552363282,3,32.81625460305847,999.0,high,bold_grey_connect
2729,LFIN,*57,2495,2736,242,2494,2737,77.10018963379194,3,1.6570978967694714,999.0,high,bold_grey_connect
2731,LFIN,*54,2495,2736,242,2494,2737,56.192877009682725,3,1.3298242886422333,999.0,high,bold_grey_connect
2733,LFIN,*54,2495,2736,242,2494,2737,37.438365155364714,3,0.7276054170584748,999.0,high,bold_grey_connect
2616,RSHO,*65,2568,2809,242,2567,2810,53.416465698786425,2,19.440817398623338,999.0,high,bold_grey_connect
2617,RSHO,*65,2568,2809,242,2567,2810,52.78076898486961,2,18.776292993005924,999.0,high,bold_grey_connect
2618,RSHO,*65,2568,2809,242,2567,2810,53.38249197054064,2,18.219295225881112,999.0,high,bold_grey_connect
2795,RSHO,*65,2568,2809,242,2567,2810,52.913074206893754,2,1.464709157520815,999.0,high,bold_grey_connect
2796,RSHO,*65,2568,2809,242,2567,2810,49.07566860482927,2,1.4457695497515317,999.0,high,bold_grey_connect
2797,RSHO,*65,2568,2809,242,2567,2810,46.39286219040072,2,1.5143631581156995,999.0,high,bold_grey_connect
2798,RSHO,*65,2568,2809,242,2567,2810,42.405375757828615,2,1.5248423468097911,999.0,high,bold_grey_connect
2799,RSHO,*65,2568,2809,242,2567,2810,39.402115719186696,2,1.3216418501754106,999.0,high,bold_grey_connect
2800,RSHO,*65,2568,2809,242,2567,2810,36.3132967699273,2,1.7592653417320605,999.0,high,bold_grey_connect
2801,RSHO,*65,2568,2809,242,2567,2810,31.815621737836096,2,1.8358631338098377,999.0,high,bold_grey_connect
2802,RSHO,*65,2568,2809,242,2567,2810,29.406463356023476,2,1.8066041851354555,999.0,high,bold_grey_connect
2803,RSHO,*65,2568,2809,242,2567,2810,25.917464749911247,2,1.8287099399222768,999.0,high,bold_grey_connect
2804,RSHO,*65,2568,2809,242,2567,2810,22.035453808693454,2,1.4046955495582267,999.0,high,bold_grey_connect
2805,RSHO,*65,2568,2809,242,2567,2810,20.045371205363914,2,1.956719393592536,999.0,high,bold_grey_connect
2806,RSHO,*65,2568,2809,242,2567,2810,16.947003809143776,2,1.7539038367703483,999.0,high,bold_grey_connect
2807,RSHO,*65,2568,2809,242,2567,2810,13.238455770924377,2,1.764058419405771,999.0,high,bold_grey_connect
2808,RSHO,*65,2568,2809,242,2567,2810,7.694400540945651,2,1.4481906957326487,999.0,high,bold_grey_connect
2377,RELA,*58,2376,2876,501,2375,2877,6.053404242933991,3,6.064290894914156,999.0,high,bold_grey_connect
2379,RELA,*58,2376,2876,501,2375,2877,11.422867431889712,3,6.115905744680087,999.0,high,bold_grey_connect
2381,RELA,*58,2376,2876,501,2375,2877,16.861053164073038,3,6.179125136237441,999.0,high,bold_grey_connect
2520,RWRB,*62,2519,2605,87,2518,2606,28.58078310556424,3,7.063085779147319,999.0,high,bold_grey_connect
2521,RWRB,*62,2519,2605,87,2518,2606,43.08160778229909,3,7.044658848001139,999.0,high,bold_grey_connect
2522,RWRB,*62,2519,2605,87,2518,2606,57.45863328772436,3,7.276984564317577,999.0,high,bold_grey_connect
2523,RWRB,*62,2519,2605,87,2518,2606,71.70852277462443,3,7.226151897502713,999.0,high,bold_grey_connect
2524,RWRB,*62,2519,2605,87,2518,2606,85.75485085569545,3,7.22475447955684,999.0,high,bold_grey_connect
2605,RFIN,*66,2575,2605,31,2574,2606,35.17613087091259,2,8.590994574111654,999.0,medium,bold_grey_connect
2623,RWRA,*56,2545,2625,81,2544,2626,71.74306602717837,3,1.9710265907089923,999.0,high,bold_grey_connect
2353,RASIS,*52,2352,2852,501,2351,2853,3.2450360243561565,3,1.1478568038806334,999.0,high,bold_grey_connect
2354,RASIS,*52,2352,2852,501,2351,2853,4.917403959368467,3,1.1810144482545393,999.0,high,bold_grey_connect
2355,RASIS,*52,2352,2852,501,2351,2853,6.58585593861323,3,0.7800493546558206,999.0,high,bold_grey_connect
2357,RASIS,*52,2352,2852,501,2351,2853,8.937640374340285,3,1.2840233362357576,999.0,high,bold_grey_connect
2358,RASIS,*52,2352,2852,501,2351,2853,11.259093494193438,3,0.8364157872738929,999.0,high,bold_grey_connect
2359,RASIS,*52,2352,2852,501,2351,2853,12.784030954414042,3,0.9021078799081295,999.0,high,bold_grey_connect
2360,RASIS,*52,2352,2852,501,2351,2853,14.275640290654556,3,0.912116575380954,999.0,high,bold_grey_connect
2361,RASIS,*52,2352,2852,501,2351,2853,15.74391126874025,3,0.9368387655185586,999.0,high,bold_grey_connect
2363,RASIS,*52,2352,2852,501,2351,2853,18.707389822047727,3,1.0763135966326445,999.0,high,bold_grey_connect
2364,RASIS,*52,2352,2852,501,2351,2853,20.245928197735164,3,1.1358236450496217,999.0,high,bold_grey_connect
2366,RASIS,*52,2352,2852,501,2351,2853,23.090385364396802,3,1.3343504279472806,999.0,high,bold_grey_connect
2367,RASIS,*52,2352,2852,501,2351,2853,24.59310644710407,3,1.3771308164599343,999.0,high,bold_grey_connect
2369,RASIS,*52,2352,2852,501,2351,2853,27.52358779429521,3,1.4850426208272154,999.0,high,bold_grey_connect
2370,RASIS,*52,2352,2852,501,2351,2853,29.05954684798916,3,1.5106044627448416,999.0,high,bold_grey_connect
2371,RASIS,*52,2352,2852,501,2351,2853,30.394499969923654,3,1.5566371868034519,999.0,high,bold_grey_connect
2372,RASIS,*52,2352,2852,501,2351,2853,31.79761220010158,3,1.5965803802072003,999.0,high,bold_grey_connect
2373,RASIS,*52,2352,2852,501,2351,2853,33.16933183169199,3,1.6824091520308286,999.0,high,bold_grey_connect
2374,RASIS,*52,2352,2852,501,2351,2853,34.53224845412187,3,1.7083875084300928,999.0,high,bold_grey_connect
2375,RASIS,*52,2352,2852,501,2351,2853,35.85275000513269,3,1.783004562419895,999.0,high,bold_grey_connect
2376,RASIS,*52,2352,2852,501,2351,2853,37.17649889800869,3,1.8496708854108874,999.0,high,bold_grey_connect
2377,RASIS,*52,2352,2852,501,2351,2853,38.48917842446142,3,1.9032732645916137,999.0,high,bold_grey_connect
2378,RASIS,*52,2352,2852,501,2351,2853,39.81052289372442,3,1.9405376205899454,999.0,high,bold_grey_connect
2380,RASIS,*52,2352,2852,501,2351,2853,42.51827409859752,3,2.0940913087543342,999.0,high,bold_grey_connect
2381,RASIS,*52,2352,2852,501,2351,2853,43.905069651987404,3,2.153091475621096,999.0,high,bold_grey_connect
2382,RASIS,*52,2352,2852,501,2351,2853,45.3600012315449,3,2.2485238097342894,999.0,high,bold_grey_connect
2383,RASIS,*52,2352,2852,501,2351,2853,46.901047456564,3,2.411270481845501,999.0,high,bold_grey_connect
2384,RASIS,*52,2352,2852,501,2351,2853,48.51646341204665,3,2.561357976737137,999.0,high,bold_grey_connect
2385,RASIS,*52,2352,2852,501,2351,2853,50.21326280529178,3,2.6673736780561703,999.0,high,bold_grey_connect
2386,RASIS,*52,2352,2852,501,2351,2853,52.01358686195857,3,2.7746510813489635,999.0,high,bold_grey_connect
2387,RASIS,*52,2352,2852,501,2351,2853,53.88890018885334,3,2.9480504599817245,999.0,high,bold_grey_connect
2388,RASIS,*52,2352,2852,501,2351,2853,55.91372902621126,3,2.9477760784564757,999.0,high,bold_grey_connect
2389,RASIS,*52,2352,2852,501,2351,2853,58.0024847171207,3,3.1686567691429275,999.0,high,bold_grey_connect
2391,RASIS,*52,2352,2852,501,2351,2853,62.51042633243426,3,3.308235296614716,999.0,high,bold_grey_connect
2392,RASIS,*52,2352,2852,501,2351,2853,64.95011847262953,3,3.413422617006271,999.0,high,bold_grey_connect
2394,RASIS,*52,2352,2852,501,2351,2853,70.1442488606339,3,3.322739972786773,999.0,high,bold_grey_connect
2395,RASIS,*52,2352,2852,501,2351,2853,72.92823916010553,3,3.4500741537601507,999.0,high,bold_grey_connect
2396,RASIS,*52,2352,2852,501,2351,2853,75.81613475906333,3,3.7781714388460728,999.0,high,bold_grey_connect
2397,RASIS,*52,2352,2852,501,2351,2853,78.82520502311321,3,3.392813123677873,999.0,high,bold_grey_connect
2398,RASIS,*52,2352,2852,501,2351,2853,81.93738634165734,3,3.633343179137455,999.0,high,bold_grey_connect
2399,RASIS,*52,2352,2852,501,2351,2853,85.17095666745743,3,3.4701883260308555,999.0,high,bold_grey_connect
2762,RASIS,*55,2352,2852,501,2351,2853,63.19422221795284,3,1.0205486450546648,999.0,high,bold_grey_connect
2763,RASIS,*55,2352,2852,501,2351,2853,62.77451645268016,3,1.4108674810620225,999.0,high,bold_grey_connect
2764,RASIS,*55,2352,2852,501,2351,2853,61.45973503016908,3,1.3893993075151532,999.0,high,bold_grey_connect
2765,RASIS,*55,2352,2852,501,2351,2853,60.636762445499464,3,1.3724828111247878,999.0,high,bold_grey_connect
2766,RASIS,*55,2352,2852,501,2351,2853,59.907231379676126,3,1.2807448098777645,999.0,high,bold_grey_connect
2767,RASIS,*55,2352,2852,501,2351,2853,59.171410338498475,3,1.3153424417871993,999.0,high,bold_grey_connect
2768,RASIS,*55,2352,2852,501,2351,2853,58.42723757288937,3,1.3212755998659607,999.0,high,bold_grey_connect
2769,RASIS,*55,2352,2852,501,2351,2853,57.695659306957864,3,1.3151592551193214,999.0,high,bold_grey_connect
2770,RASIS,*55,2352,2852,501,2351,2853,56.994592241652214,3,1.3520211624080407,999.0,high,bold_grey_connect
2771,RASIS,*55,2352,2852,501,2351,2853,56.325497685251634,3,1.352154470788965,999.0,high,bold_grey_connect
2772,RASIS,*55,2352,2852,501,2351,2853,55.69625525490432,3,1.3487418122072843,999.0,high,bold_grey_connect
2773,RASIS,*55,2352,2852,501,2351,2853,54.99224187975272,3,1.3676433783018542,999.0,high,bold_grey_connect
2774,RASIS,*55,2352,2852,501,2351,2853,54.446150305447865,3,1.3522441981414108,999.0,high,bold_grey_connect
2775,RASIS,*55,2352,2852,501,2351,2853,53.74848418804514,3,1.3873194115290157,999.0,high,bold_grey_connect
2776,RASIS,*55,2352,2852,501,2351,2853,53.18542253395054,3,1.3837630045873273,999.0,high,bold_grey_connect
2777,RASIS,*55,2352,2852,501,2351,2853,52.58520116214267,3,1.454507744728507,999.0,high,bold_grey_connect
2778,RASIS,*55,2352,2852,501,2351,2853,52.02458908968347,3,1.447487967369445,999.0,high,bold_grey_connect
2779,RASIS,*55,2352,2852,501,2351,2853,51.3281189555747,3,1.463069325702558,999.0,high,bold_grey_connect
2780,RASIS,*55,2352,2852,501,2351,2853,50.76726066553685,3,1.4821718487761661,999.0,high,bold_grey_connect
2781,RASIS,*55,2352,2852,501,2351,2853,50.12112233325651,3,1.5242684146341123,999.0,high,bold_grey_connect
2782,RASIS,*55,2352,2852,501,2351,2853,49.45764269105703,3,1.4913493759294738,999.0,high,bold_grey_connect
2783,RASIS,*55,2352,2852,501,2351,2853,38.49391808904461,3,4.509027372676418,999.0,high,bold_grey_connect
2784,RASIS,*55,2352,2852,501,2351,2853,48.32876604114215,3,1.4808922882976578,999.0,high,bold_grey_connect
2785,RASIS,*55,2352,2852,501,2351,2853,37.49288890176581,3,4.531872065197509,999.0,high,bold_grey_connect
2786,RASIS,*55,2352,2852,501,2351,2853,45.796655478538135,3,1.9175664999112314,999.0,high,bold_grey_connect
2787,RASIS,*55,2352,2852,501,2351,2853,36.71985206471132,3,4.468734795514649,999.0,high,bold_grey_connect
2788,RASIS,*55,2352,2852,501,2351,2853,36.26980817105051,3,4.394639969036319,999.0,high,bold_grey_connect
2789,RASIS,*55,2352,2852,501,2351,2853,35.91059364954862,3,4.32684865996697,999.0,high,bold_grey_connect
2790,RASIS,*55,2352,2852,501,2351,2853,35.56529614581788,3,4.2479846966985235,999.0,high,bold_grey_connect
2791,RASIS,*55,2352,2852,501,2351,2853,35.12501494154646,3,4.374199713116458,999.0,high,bold_grey_connect
2792,RASIS,*55,2352,2852,501,2351,2853,34.66436876015972,3,4.369054402680774,999.0,high,bold_grey_connect
2793,RASIS,*55,2352,2852,501,2351,2853,34.25864860334004,3,4.353646256816982,999.0,high,bold_grey_connect
2794,RASIS,*55,2352,2852,501,2351,2853,33.87147448486493,3,4.297745903963015,999.0,high,bold_grey_connect
2795,RASIS,*55,2352,2852,501,2351,2853,33.47087647281532,3,4.296977566367597,999.0,high,bold_grey_connect
2796,RASIS,*55,2352,2852,501,2351,2853,33.10543920689741,3,4.296558973580754,999.0,high,bold_grey_connect
2797,RASIS,*55,2352,2852,501,2351,2853,39.105738808125416,3,1.801537390825473,999.0,high,bold_grey_connect
2798,RASIS,*55,2352,2852,501,2351,2853,38.304404881882625,3,1.9047941919963403,999.0,high,bold_grey_connect
2799,RASIS,*55,2352,2852,501,2351,2853,37.658662940350716,3,1.8837401886773364,999.0,high,bold_grey_connect
2800,RASIS,*55,2352,2852,501,2351,2853,37.248463540976026,3,1.8171978740964316,999.0,high,bold_grey_connect
2801,RASIS,*55,2352,2852,501,2351,2853,36.77523433578064,3,1.8081531966279367,999.0,high,bold_grey_connect
2802,RASIS,*55,2352,2852,501,2351,2853,31.056992705908442,3,4.63529005589091,999.0,high,bold_grey_connect
2803,RASIS,*55,2352,2852,501,2351,2853,36.08854187404095,3,1.624295965669944,999.0,high,bold_grey_connect
2804,RASIS,*55,2352,2852,501,2351,2853,30.23876256435383,3,4.674368545686614,999.0,high,bold_grey_connect
2805,RASIS,*55,2352,2852,501,2351,2853,29.833963735135313,3,4.628553113052334,999.0,high,bold_grey_connect
2806,RASIS,*55,2352,2852,501,2351,2853,29.403826372974702,3,4.624911335197528,999.0,high,bold_grey_connect
2808,RASIS,*55,2352,2852,501,2351,2853,28.238628729324816,3,4.178316800115293,999.0,high,bold_grey_connect
2809,RASIS,*55,2352,2852,501,2351,2853,32.54194673389376,3,1.5558185325755762,999.0,high,bold_grey_connect
2810,RASIS,*55,2352,2852,501,2351,2853,31.903283444914383,3,1.5174260735404062,999.0,high,bold_grey_connect
2811,RASIS,*55,2352,2852,501,2351,2853,31.177693385166943,3,1.4905171467534615,999.0,high,bold_grey_connect
2812,RASIS,*55,2352,2852,501,2351,2853,30.498032360868066,3,1.4969777851968615,999.0,high,bold_grey_connect
2813,RASIS,*55,2352,2852,501,2351,2853,29.839343480346383,3,1.5795077018365664,999.0,high,bold_grey_connect
2814,RASIS,*55,2352,2852,501,2351,2853,29.17460993842376,3,1.5636404689132728,999.0,high,bold_grey_connect
2815,RASIS,*55,2352,2852,501,2351,2853,28.472606054444753,3,1.4733873270600004,999.0,high,bold_grey_connect
2816,RASIS,*55,2352,2852,501,2351,2853,27.972468380309515,3,1.4828394019636448,999.0,high,bold_grey_connect
2817,RASIS,*55,2352,2852,501,2351,2853,24.15999355202558,3,1.8257223717551578,999.0,high,bold_grey_connect
2818,RASIS,*55,2352,2852,501,2351,2853,26.476937431831438,3,1.5548526587064468,999.0,high,bold_grey_connect
2820,RASIS,*55,2352,2852,501,2351,2853,26.70847395544644,3,0.48217471579982885,999.0,high,bold_grey_connect
2821,RASIS,*55,2352,2852,501,2351,2853,24.80380372985623,3,1.3878247860445942,999.0,high,bold_grey_connect
2822,RASIS,*55,2352,2852,501,2351,2853,25.717146322155603,3,0.36427081242411913,999.0,high,bold_grey_connect
2823,RASIS,*55,2352,2852,501,2351,2853,25.042368567817245,3,0.28901042517351055,999.0,high,bold_grey_connect
2824,RASIS,*55,2352,2852,501,2351,2853,23.124578712183972,3,1.4909608910786194,999.0,high,bold_grey_connect
2825,RASIS,*55,2352,2852,501,2351,2853,23.76538788658787,3,0.2047404964701419,999.0,high,bold_grey_connect
2826,RASIS,*55,2352,2852,501,2351,2853,23.150925966570494,3,0.3692514516258332,999.0,high,bold_grey_connect
2827,RASIS,*55,2352,2852,501,2351,2853,22.516300857694368,3,0.5366896935243517,999.0,high,bold_grey_connect
2828,RASIS,*55,2352,2852,501,2351,2853,21.89274615537358,3,0.6937442223833349,999.0,high,bold_grey_connect
2829,RASIS,*55,2352,2852,501,2351,2853,21.545509201927846,3,0.85548158083436,999.0,high,bold_grey_connect
2830,RASIS,*55,2352,2852,501,2351,2853,20.82300724372903,3,0.9531514009657466,999.0,high,bold_grey_connect
2832,RASIS,*55,2352,2852,501,2351,2853,20.151393156696884,3,1.2525610874476836,999.0,high,bold_grey_connect
2833,RASIS,*55,2352,2852,501,2351,2853,18.507168421340964,3,0.23372910413896383,999.0,high,bold_grey_connect
2839,RASIS,*54,2352,2852,501,2351,2853,14.118250676359562,3,0.3512433057443521,999.0,high,bold_grey_connect
2840,RASIS,*54,2352,2852,501,2351,2853,13.37747411961605,3,0.3821774388100039,999.0,high,bold_grey_connect
2841,RASIS,*54,2352,2852,501,2351,2853,12.6358643242762,3,0.43282810156437296,999.0,high,bold_grey_connect
2848,RASIS,*55,2352,2852,501,2351,2853,7.917657848640888,3,0.6495129130727738,999.0,high,bold_grey_connect
2849,RASIS,*55,2352,2852,501,2351,2853,7.440955175742879,3,0.6388679755266461,999.0,high,bold_grey_connect
2384,LMEP,*61,2383,2817,435,2382,2818,7.040835411171417,3,2.169225742347038,999.0,high,bold_grey_connect
2385,LMEP,*61,2383,2817,435,2382,2818,7.343838964109664,3,2.3224806751312976,999.0,high,bold_grey_connect
2386,LMEP,*61,2383,2817,435,2382,2818,7.935062292691723,3,2.1695944412629964,999.0,high,bold_grey_connect
2387,LMEP,*61,2383,2817,435,2382,2818,8.813155835785604,3,2.2396938552420096,999.0,high,bold_grey_connect
2388,LMEP,*61,2383,2817,435,2382,2818,9.881790468345146,3,2.6738045083256594,999.0,high,bold_grey_connect
2389,LMEP,*61,2383,2817,435,2382,2818,11.122415048548362,3,2.7058218242547745,999.0,high,bold_grey_connect
2390,LMEP,*61,2383,2817,435,2382,2818,12.5765798105286,3,2.6924766774848954,999.0,high,bold_grey_connect
2391,LMEP,*61,2383,2817,435,2382,2818,14.175945530335959,3,3.1397605855756296,999.0,high,bold_grey_connect
2392,LMEP,*61,2383,2817,435,2382,2818,15.988127092852036,3,3.191293767867274,999.0,high,bold_grey_connect
2393,LMEP,*61,2383,2817,435,2382,2818,18.024682465270875,3,3.6785926795789456,999.0,high,bold_grey_connect
2394,LMEP,*61,2383,2817,435,2382,2818,20.246630400571036,3,3.773940602157007,999.0,high,bold_grey_connect
2395,LMEP,*61,2383,2817,435,2382,2818,22.61014790890116,3,4.069996340733795,999.0,high,bold_grey_connect
2396,LMEP,*61,2383,2817,435,2382,2818,25.030679721554456,3,4.466407969618686,999.0,high,bold_grey_connect
2397,LMEP,*61,2383,2817,435,2382,2818,27.614957636540684,3,4.352298891950421,999.0,high,bold_grey_connect
2398,LMEP,*61,2383,2817,435,2382,2818,30.415222554055475,3,4.876564404093372,999.0,high,bold_grey_connect
2399,LMEP,*61,2383,2817,435,2382,2818,33.32594731205724,3,4.976595554871731,999.0,high,bold_grey_connect
2402,LMEP,*61,2383,2817,435,2382,2818,41.20624653058479,3,5.452553125187198,999.0,high,bold_grey_connect
2525,LMEP,*54,2383,2817,435,2382,2818,92.58221021401857,3,3.7550596905258637,999.0,high,bold_grey_connect
2526,LMEP,*54,2383,2817,435,2382,2818,91.40991167626835,3,4.616373137093784,999.0,high,bold_grey_connect
2527,LMEP,*54,2383,2817,435,2382,2818,92.11352175871833,3,5.5435966832034085,999.0,high,bold_grey_connect
2528,LMEP,*54,2383,2817,435,2382,2818,94.90460288250753,3,6.337234344689833,999.0,high,bold_grey_connect
2739,LMEP,*54,2383,2817,435,2382,2818,88.92830509778541,3,6.504463901776234,999.0,high,bold_grey_connect
2740,LMEP,*54,2383,2817,435,2382,2818,87.4914219691848,3,6.5966753508621325,999.0,high,bold_grey_connect
2741,LMEP,*54,2383,2817,435,2382,2818,86.05628727654303,3,6.7928751300589125,999.0,high,bold_grey_connect
2742,LMEP,*54,2383,2817,435,2382,2818,84.63401958579819,3,6.971148285021272,999.0,high,bold_grey_connect
2743,LMEP,*54,2383,2817,435,2382,2818,83.12681079224582,3,6.609604316293456,999.0,high,bold_grey_connect
2744,LMEP,*54,2383,2817,435,2382,2818,81.95334422115458,3,7.366540183306266,999.0,high,bold_grey_connect
2745,LMEP,*54,2383,2817,435,2382,2818,80.20054280982431,3,6.522158911473781,999.0,high,bold_grey_connect
2746,LMEP,*54,2383,2817,435,2382,2818,78.74433099496265,3,6.530962393974941,999.0,high,bold_grey_connect
2747,LMEP,*54,2383,2817,435,2382,2818,77.30324196946593,3,6.620725871080334,999.0,high,bold_grey_connect
2748,LMEP,*54,2383,2817,435,2382,2818,75.87425444948684,3,6.639420314081069,999.0,high,bold_grey_connect
2749,LMEP,*54,2383,2817,435,2382,2818,74.38734808068351,3,6.765351510429109,999.0,high,bold_grey_connect
2750,LMEP,*54,2383,2817,435,2382,2818,72.97716604762805,3,6.7443978593252565,999.0,high,bold_grey_connect
2751,LMEP,*54,2383,2817,435,2382,2818,71.51488511275925,3,6.862119286494533,999.0,high,bold_grey_connect
2752,LMEP,*54,2383,2817,435,2382,2818,70.07672955651478,3,6.904451125442411,999.0,high,bold_grey_connect
2753,LMEP,*54,2383,2817,435,2382,2818,68.6381268319911,3,6.902035751410874,999.0,high,bold_grey_connect
2754,LMEP,*54,2383,2817,435,2382,2818,67.2651768140559,3,7.061966716271006,999.0,high,bold_grey_connect
2755,LMEP,*54,2383,2817,435,2382,2818,65.82996626912745,3,7.1307295434854625,999.0,high,bold_grey_connect
2756,LMEP,*54,2383,2817,435,2382,2818,64.41913936744257,3,7.032036989473137,999.0,high,bold_grey_connect
2757,LMEP,*54,2383,2817,435,2382,2818,63.01097073193851,3,7.122552816520122,999.0,high,bold_grey_connect
2758,LMEP,*54,2383,2817,435,2382,2818,61.655875226753366,3,7.120590766513156,999.0,high,bold_grey_connect
2759,LMEP,*54,2383,2817,435,2382,2818,60.31641864944553,3,7.068582693233462,999.0,high,bold_grey_connect
2760,LMEP,*54,2383,2817,435,2382,2818,58.951957828295534,3,7.255434340511343,999.0,high,bold_grey_connect
2761,LMEP,*54,2383,2817,435,2382,2818,57.61563264441787,3,7.2130514082950254,999.0,high,bold_grey_connect
2762,LMEP,*54,2383,2817,435,2382,2818,56.25677861460702,3,7.180967328208287,999.0,high,bold_grey_connect
2763,LMEP,*54,2383,2817,435,2382,2818,54.963313767870794,3,7.1814008357743075,999.0,high,bold_grey_connect
2764,LMEP,*54,2383,2817,435,2382,2818,53.62122128640181,3,7.133258308424398,999.0,high,bold_grey_connect
2765,LMEP,*54,2383,2817,435,2382,2818,52.34315650606682,3,7.225269011531689,999.0,high,bold_grey_connect
2766,LMEP,*54,2383,2817,435,2382,2818,51.02070308869616,3,7.09199226502994,999.0,high,bold_grey_connect
2767,LMEP,*54,2383,2817,435,2382,2818,49.76027774040409,3,7.220638488910268,999.0,high,bold_grey_connect
2768,LMEP,*54,2383,2817,435,2382,2818,48.83169740500774,3,7.431040792905908,999.0,high,bold_grey_connect
2769,LMEP,*54,2383,2817,435,2382,2818,47.37315085655518,3,6.6474765294447975,999.0,high,bold_grey_connect
2770,LMEP,*54,2383,2817,435,2382,2818,46.051244351221975,3,7.152015146177955,999.0,high,bold_grey_connect
2773,LMEP,*57,2383,2817,435,2382,2818,42.45826846636727,3,7.012200524888267,999.0,high,bold_grey_connect
2774,LMEP,*57,2383,2817,435,2382,2818,41.27015778394724,3,7.1346974994028285,999.0,high,bold_grey_connect
2777,LMEP,*57,2383,2817,435,2382,2818,37.846832013344596,3,6.840320287475213,999.0,high,bold_grey_connect
2778,LMEP,*57,2383,2817,435,2382,2818,36.71037761539921,3,6.685571908768267,999.0,high,bold_grey_connect
2779,LMEP,*57,2383,2817,435,2382,2818,35.635251776932996,3,6.687666716505632,999.0,high,bold_grey_connect
2780,LMEP,*57,2383,2817,435,2382,2818,34.5371325220579,3,6.56565784618626,999.0,high,bold_grey_connect
2781,LMEP,*57,2383,2817,435,2382,2818,33.459110787590085,3,6.51141381688421,999.0,high,bold_grey_connect
2782,LMEP,*57,2383,2817,435,2382,2818,32.39491903617126,3,6.4657484585850495,999.0,high,bold_grey_connect
2783,LMEP,*57,2383,2817,435,2382,2818,31.35453025703129,3,6.379879031793503,999.0,high,bold_grey_connect
2784,LMEP,*57,2383,2817,435,2382,2818,31.3240094697811,3,10.724635712986204,999.0,high,bold_grey_connect
2786,LMEP,*57,2383,2817,435,2382,2818,28.359943008560734,3,6.024444776066464,999.0,high,bold_grey_connect
2787,LMEP,*57,2383,2817,435,2382,2818,27.254324477401582,3,5.861748195775391,999.0,high,bold_grey_connect
2788,LMEP,*57,2383,2817,435,2382,2818,27.453240973576428,3,10.527822433673967,999.0,high,bold_grey_connect
2790,LMEP,*57,2383,2817,435,2382,2818,24.3641187121709,3,5.55545871248987,999.0,high,bold_grey_connect
2791,LMEP,*57,2383,2817,435,2382,2818,24.65633638838303,3,10.348575063745281,999.0,high,bold_grey_connect
2792,LMEP,*57,2383,2817,435,2382,2818,23.73274639463644,3,10.25651543494294,999.0,high,bold_grey_connect
2795,LMEP,*52,2383,2817,435,2382,2818,19.847665782552223,3,5.022797319167675,999.0,high,bold_grey_connect
2796,LMEP,*52,2383,2817,435,2382,2818,20.886593488904843,3,10.145316758719204,999.0,high,bold_grey_connect
2797,LMEP,*52,2383,2817,435,2382,2818,20.641330455956968,3,9.554447851433318,999.0,high,bold_grey_connect
2799,LMEP,*52,2383,2817,435,2382,2818,19.70192908857935,3,9.2962466992022,999.0,high,bold_grey_connect
2802,LMEP,*59,2383,2817,435,2382,2818,13.867051639115584,3,4.1236811308023675,999.0,high,bold_grey_connect
2803,LMEP,*59,2383,2817,435,2382,2818,13.014177279230815,3,3.920844847881734,999.0,high,bold_grey_connect
2806,LMEP,*59,2383,2817,435,2382,2818,10.538381239535997,3,3.407643230452109,999.0,high,bold_grey_connect
2807,LMEP,*59,2383,2817,435,2382,2818,9.702403541652918,3,3.191650627451717,999.0,high,bold_grey_connect
2812,LMEP,*58,2383,2817,435,2382,2818,5.782457680522641,3,2.6364188367922075,999.0,high,bold_grey_connect
2814,LMEP,*58,2383,2817,435,2382,2818,4.389057069614319,3,2.375391630125511,999.0,high,bold_grey_connect
2449,RTROC,*61,2448,2487,40,2447,2488,7.942929066874513,2,24.94618993036734,999.0,medium,bold_grey_connect
2451,RTROC,*61,2448,2487,40,2447,2488,15.493782335869536,2,26.31955333434206,999.0,medium,bold_grey_connect
2453,RTROC,*59,2448,2487,40,2447,2488,22.502870419386692,2,27.634948756764075,999.0,medium,bold_grey_connect
2454,RTROC,*59,2448,2487,40,2447,2488,25.840031014475105,2,28.174490902700036,999.0,medium,bold_grey_connect
2455,RTROC,*59,2448,2487,40,2447,2488,28.878634381799483,2,28.83149342382621,999.0,medium,bold_grey_connect
2457,RTROC,*52,2448,2487,40,2447,2488,34.52490982707504,2,29.382870785081302,999.0,medium,bold_grey_connect
2458,RTROC,*52,2448,2487,40,2447,2488,37.01089854669633,2,29.699928523889277,999.0,medium,bold_grey_connect
2308,RMEP,*58,2306,2499,194,2305,2500,3.1625078275728016,3,2.388663553981805,999.0,high,bold_grey_connect
2309,RMEP,*58,2306,2499,194,2305,2500,4.5520925373414025,3,2.762360744270211,999.0,high,bold_grey_connect
2310,RMEP,*58,2306,2499,194,2305,2500,5.39415108623505,3,2.68230546409157,999.0,high,bold_grey_connect
2311,RMEP,*58,2306,2499,194,2305,2500,5.324474608105739,3,2.750889224708961,999.0,high,bold_grey_connect
2312,RMEP,*58,2306,2499,194,2305,2500,7.103498806312939,3,2.4720366542408954,999.0,high,bold_grey_connect
2313,RMEP,*58,2306,2499,194,2305,2500,7.671557579279185,3,2.278588401039343,999.0,high,bold_grey_connect
2314,RMEP,*58,2306,2499,194,2305,2500,8.589856833066913,3,2.1880696811709206,999.0,high,bold_grey_connect
2315,RMEP,*58,2306,2499,194,2305,2500,9.496334931159385,3,2.0467432994407013,999.0,high,bold_grey_connect
2316,RMEP,*58,2306,2499,194,2305,2500,10.348759962577217,3,1.9532488539900517,999.0,high,bold_grey_connect
2317,RMEP,*58,2306,2499,194,2305,2500,11.168968688031562,3,1.855655373692353,999.0,high,bold_grey_connect
2318,RMEP,*58,2306,2499,194,2305,2500,11.938148440002701,3,1.810705265423593,999.0,high,bold_grey_connect
2319,RMEP,*58,2306,2499,194,2305,2500,12.69609160780083,3,1.734283122106035,999.0,high,bold_grey_connect
2320,RMEP,*58,2306,2499,194,2305,2500,13.458945589576663,3,1.671357787266885,999.0,high,bold_grey_connect
2321,RMEP,*58,2306,2499,194,2305,2500,14.218260665353897,3,1.636719392635418,999.0,high,bold_grey_connect
2322,RMEP,*58,2306,2499,194,2305,2500,14.985025057315497,3,1.5848417416498914,999.0,high,bold_grey_connect
2323,RMEP,*58,2306,2499,194,2305,2500,15.720072469432592,3,1.571036659841667,999.0,high,bold_grey_connect
2324,RMEP,*58,2306,2499,194,2305,2500,16.41466706737879,3,1.653138230915469,999.0,high,bold_grey_connect
2325,RMEP,*58,2306,2499,194,2305,2500,17.076543956028793,3,1.7991929676667742,999.0,high,bold_grey_connect
2326,RMEP,*58,2306,2499,194,2305,2500,17.738771018970045,3,1.9304585827221104,999.0,high,bold_grey_connect
2327,RMEP,*58,2306,2499,194,2305,2500,18.49474200165537,3,2.4683887360978836,999.0,high,bold_grey_connect
2328,RMEP,*58,2306,2499,194,2305,2500,19.166986885583174,3,2.4478082523142555,999.0,high,bold_grey_connect
2329,RMEP,*58,2306,2499,194,2305,2500,19.805993002649174,3,2.3329572770709177,999.0,high,bold_grey_connect
2330,RMEP,*58,2306,2499,194,2305,2500,21.176903520369372,3,0.8974204880447587,999.0,high,bold_grey_connect
2331,RMEP,*58,2306,2499,194,2305,2500,21.870548985126458,3,0.9404248669067291,999.0,high,bold_grey_connect
2334,RMEP,*58,2306,2499,194,2305,2500,23.40993775056836,3,2.9426664127861812,999.0,high,bold_grey_connect
2335,RMEP,*58,2306,2499,194,2305,2500,24.463563027425643,3,0.8511018866532444,999.0,high,bold_grey_connect
2336,RMEP,*58,2306,2499,194,2305,2500,25.05462049249121,3,0.8615973949288787,999.0,high,bold_grey_connect
2338,RMEP,*56,2306,2499,194,2305,2500,26.088502867269607,3,0.8826370608196896,999.0,high,bold_grey_connect
2339,RMEP,*56,2306,2499,194,2305,2500,26.54606743587546,3,0.9065022477718875,999.0,high,bold_grey_connect
2341,RMEP,*59,2306,2499,194,2305,2500,27.515447276600366,3,0.8452701679464573,999.0,high,bold_grey_connect
2342,RMEP,*59,2306,2499,194,2305,2500,28.01862051649123,3,0.9182959863021836,999.0,high,bold_grey_connect
2343,RMEP,*59,2306,2499,194,2305,2500,28.552202779908953,3,0.8840245804551804,999.0,high,bold_grey_connect
2344,RMEP,*59,2306,2499,194,2305,2500,29.290552854845867,3,1.2717637687764238,999.0,high,bold_grey_connect
2345,RMEP,*59,2306,2499,194,2305,2500,30.703007636014906,3,2.256709532100009,999.0,high,bold_grey_connect
2346,RMEP,*59,2306,2499,194,2305,2500,29.856064836716016,3,0.9773025007694495,999.0,high,bold_grey_connect
2350,RMEP,*54,2306,2499,194,2305,2500,32.73894203675508,3,1.2790611064658037,999.0,high,bold_grey_connect
2351,RMEP,*54,2306,2499,194,2305,2500,33.50556628721784,3,1.30971924307471,999.0,high,bold_grey_connect
2352,RMEP,*54,2306,2499,194,2305,2500,35.21106632401548,3,2.9249668399873108,999.0,high,bold_grey_connect
2353,RMEP,*54,2306,2499,194,2305,2500,35.152986653372395,3,1.37293390142266,999.0,high,bold_grey_connect
2356,RMEP,*58,2306,2499,194,2305,2500,38.027733166517706,3,1.4230800675862174,999.0,high,bold_grey_connect
2357,RMEP,*58,2306,2499,194,2305,2500,39.07996750422556,3,1.4443239480742989,999.0,high,bold_grey_connect
2360,RMEP,*59,2306,2499,194,2305,2500,43.65988720830728,3,2.565513529584038,999.0,high,bold_grey_connect
2361,RMEP,*59,2306,2499,194,2305,2500,44.326065140715365,3,2.1704398705220833,999.0,high,bold_grey_connect
2362,RMEP,*59,2306,2499,194,2305,2500,45.42195888800035,3,2.1173793198298703,999.0,high,bold_grey_connect
2363,RMEP,*59,2306,2499,194,2305,2500,46.53915142576471,3,2.0393266635927936,999.0,high,bold_grey_connect
2364,RMEP,*59,2306,2499,194,2305,2500,47.645085609386115,3,1.968478718107633,999.0,high,bold_grey_connect
2365,RMEP,*59,2306,2499,194,2305,2500,48.74417906948586,3,2.000255531855231,999.0,high,bold_grey_connect
2366,RMEP,*59,2306,2499,194,2305,2500,49.8563910257234,3,2.074559203075111,999.0,high,bold_grey_connect
2367,RMEP,*59,2306,2499,194,2305,2500,50.94493779151207,3,2.143078721073588,999.0,high,bold_grey_connect
2368,RMEP,*59,2306,2499,194,2305,2500,52.00709030531921,3,2.2392260987730404,999.0,high,bold_grey_connect
2369,RMEP,*59,2306,2499,194,2305,2500,52.77811426689118,3,2.0426309397188427,999.0,high,bold_grey_connect
2370,RMEP,*59,2306,2499,194,2305,2500,53.76821168095281,3,2.1660466627591006,999.0,high,bold_grey_connect
2371,RMEP,*59,2306,2499,194,2305,2500,54.70005216355423,3,2.3082248222939654,999.0,high,bold_grey_connect
2372,RMEP,*59,2306,2499,194,2305,2500,55.56313611276893,3,2.4460003689278693,999.0,high,bold_grey_connect
2373,RMEP,*59,2306,2499,194,2305,2500,56.356846715938566,3,2.589424131585043,999.0,high,bold_grey_connect
2374,RMEP,*59,2306,2499,194,2305,2500,57.037275052782135,3,2.8741693829029438,999.0,high,bold_grey_connect
2375,RMEP,*59,2306,2499,194,2305,2500,57.645527653227056,3,2.9539812366075133,999.0,high,bold_grey_connect
2376,RMEP,*59,2306,2499,194,2305,2500,58.18464649092368,3,3.0183967764975677,999.0,high,bold_grey_connect
2377,RMEP,*59,2306,2499,194,2305,2500,58.652092834843316,3,3.0780752763030628,999.0,high,bold_grey_connect
2378,RMEP,*59,2306,2499,194,2305,2500,59.06968472833034,3,3.190759539820102,999.0,high,bold_grey_connect
2379,RMEP,*59,2306,2499,194,2305,2500,59.43270056811998,3,3.3162827766222356,999.0,high,bold_grey_connect
2380,RMEP,*59,2306,2499,194,2305,2500,60.01436759901946,3,3.6670956215517947,999.0,high,bold_grey_connect
2381,RMEP,*59,2306,2499,194,2305,2500,59.90699175446266,3,3.570012455640883,999.0,high,bold_grey_connect
2382,RMEP,*59,2306,2499,194,2305,2500,60.1952399759206,3,3.813945550365574,999.0,high,bold_grey_connect
2383,RMEP,*59,2306,2499,194,2305,2500,60.36486613271589,3,4.017023180234157,999.0,high,bold_grey_connect
2384,RMEP,*59,2306,2499,194,2305,2500,60.48653602632285,3,4.253825466636253,999.0,high,bold_grey_connect
2385,RMEP,*59,2306,2499,194,2305,2500,60.4854025057589,3,4.448751546086153,999.0,high,bold_grey_connect
2386,RMEP,*59,2306,2499,194,2305,2500,60.50538696619519,3,4.773725698415205,999.0,high,bold_grey_connect
2387,RMEP,*59,2306,2499,194,2305,2500,60.34641443482931,3,4.91626120158369,999.0,high,bold_grey_connect
2388,RMEP,*59,2306,2499,194,2305,2500,60.168535961487365,3,5.12092792141966,999.0,high,bold_grey_connect
2389,RMEP,*59,2306,2499,194,2305,2500,59.9407717843022,3,5.307028132698112,999.0,high,bold_grey_connect
2390,RMEP,*59,2306,2499,194,2305,2500,59.49077476185511,3,5.378909409909269,999.0,high,bold_grey_connect
2394,RMEP,*59,2306,2499,194,2305,2500,58.16456232264187,3,6.530313369066088,999.0,high,bold_grey_connect
2395,RMEP,*59,2306,2499,194,2305,2500,57.2458375759528,3,5.559141370514756,999.0,high,bold_grey_connect
2396,RMEP,*59,2306,2499,194,2305,2500,57.19976764760789,3,7.180525004980647,999.0,high,bold_grey_connect
2397,RMEP,*59,2306,2499,194,2305,2500,56.71539417773526,3,7.539246550713027,999.0,high,bold_grey_connect
2398,RMEP,*59,2306,2499,194,2305,2500,56.16386275888407,3,7.8570926329225586,999.0,high,bold_grey_connect
2399,RMEP,*59,2306,2499,194,2305,2500,55.595771364473684,3,8.199512747583768,999.0,high,bold_grey_connect
2401,RMEP,*58,2306,2499,194,2305,2500,54.2274164543636,3,8.79110238015942,999.0,high,bold_grey_connect
2402,RMEP,*58,2306,2499,194,2305,2500,53.47866419323312,3,9.123665785000592,999.0,high,bold_grey_connect
2403,RMEP,*58,2306,2499,194,2305,2500,52.6550192624544,3,9.398035714324337,999.0,high,bold_grey_connect
2404,RMEP,*58,2306,2499,194,2305,2500,51.758505996323436,3,9.614942499509633,999.0,high,bold_grey_connect
2407,RMEP,*59,2306,2499,194,2305,2500,49.191160241606646,3,10.618414819423839,999.0,high,bold_grey_connect
2408,RMEP,*59,2306,2499,194,2305,2500,48.37310839025833,3,11.069169371671535,999.0,high,bold_grey_connect
2411,RMEP,*61,2306,2499,194,2305,2500,46.30923314536999,3,12.416110863305358,999.0,high,bold_grey_connect
2412,RMEP,*61,2306,2499,194,2305,2500,45.851664546200105,3,12.816823625538666,999.0,high,bold_grey_connect
2413,RMEP,*61,2306,2499,194,2305,2500,45.340798956106255,3,13.128664475975725,999.0,high,bold_grey_connect
2414,RMEP,*61,2306,2499,194,2305,2500,44.930702420662875,3,13.440611914180034,999.0,high,bold_grey_connect
2415,RMEP,*61,2306,2499,194,2305,2500,44.5877676234574,3,13.738075528362097,999.0,high,bold_grey_connect
2416,RMEP,*61,2306,2499,194,2305,2500,44.279357445072606,3,13.997145368227649,999.0,high,bold_grey_connect
2417,RMEP,*61,2306,2499,194,2305,2500,44.09382663363526,3,14.30414047738823,999.0,high,bold_grey_connect
2418,RMEP,*61,2306,2499,194,2305,2500,43.88438277491622,3,14.52733154525435,999.0,high,bold_grey_connect
2420,RMEP,*59,2306,2499,194,2305,2500,43.62466503179067,3,15.25332165033113,999.0,high,bold_grey_connect
2421,RMEP,*59,2306,2499,194,2305,2500,43.61246848315198,3,15.606084580130494,999.0,high,bold_grey_connect
2422,RMEP,*59,2306,2499,194,2305,2500,43.58606350481557,3,15.720289070894728,999.0,high,bold_grey_connect
2423,RMEP,*59,2306,2499,194,2305,2500,43.680975951171824,3,16.050015292367203,999.0,high,bold_grey_connect
2424,RMEP,*59,2306,2499,194,2305,2500,43.757334019888134,3,16.090410921994703,999.0,high,bold_grey_connect
2425,RMEP,*59,2306,2499,194,2305,2500,43.89544882471686,3,16.387624364853973,999.0,high,bold_grey_connect
2426,RMEP,*59,2306,2499,194,2305,2500,44.039525788573755,3,16.747139644679176,999.0,high,bold_grey_connect
2427,RMEP,*59,2306,2499,194,2305,2500,44.19545804526915,3,16.928556898548635,999.0,high,bold_grey_connect
2429,RMEP,*59,2306,2499,194,2305,2500,44.41240989404905,3,17.38874168557565,999.0,high,bold_grey_connect
2432,RMEP,*53,2306,2499,194,2305,2500,44.35420627217447,3,18.214260515739014,999.0,high,bold_grey_connect
2433,RMEP,*53,2306,2499,194,2305,2500,44.25645990270585,3,18.516130021466264,999.0,high,bold_grey_connect
2435,RMEP,*61,2306,2499,194,2305,2500,43.920204998363666,3,19.19384529382864,999.0,high,bold_grey_connect
2436,RMEP,*61,2306,2499,194,2305,2500,43.71322096992108,3,19.6114205116619,999.0,high,bold_grey_connect
2437,RMEP,*61,2306,2499,194,2305,2500,43.505453517038305,3,19.97465355619255,999.0,high,bold_grey_connect
2440,RMEP,*53,2306,2499,194,2305,2500,43.083062530326416,3,20.795280055600248,999.0,high,bold_grey_connect
2446,RMEP,*59,2306,2499,194,2305,2500,41.51771426133792,3,22.071152916402728,999.0,high,bold_grey_connect
2448,RMEP,*58,2306,2499,194,2305,2500,40.500751329744375,3,21.16642704030656,999.0,high,bold_grey_connect
2449,RMEP,*58,2306,2499,194,2305,2500,39.92343912455556,3,21.827508201460105,999.0,high,bold_grey_connect
2450,RMEP,*58,2306,2499,194,2305,2500,39.34760259910383,3,20.688447153193465,999.0,high,bold_grey_connect
2451,RMEP,*58,2306,2499,194,2305,2500,38.744015782485135,3,22.17896409305924,999.0,high,bold_grey_connect
2453,RMEP,*61,2306,2499,194,2305,2500,37.64750560893752,3,22.25886140052585,999.0,high,bold_grey_connect
2454,RMEP,*61,2306,2499,194,2305,2500,37.19414982647387,3,22.438908740538125,999.0,high,bold_grey_connect
2455,RMEP,*61,2306,2499,194,2305,2500,41.03919944180191,3,27.60132843066395,999.0,high,bold_grey_connect
2456,RMEP,*61,2306,2499,194,2305,2500,36.22447246973566,3,18.993855203743596,999.0,high,bold_grey_connect
2457,RMEP,*61,2306,2499,194,2305,2500,35.73437730155303,3,22.40526328312897,999.0,high,bold_grey_connect
2459,RMEP,*61,2306,2499,194,2305,2500,34.74871925477352,3,18.757537927871464,999.0,high,bold_grey_connect
2460,RMEP,*61,2306,2499,194,2305,2500,34.858143375541154,3,20.24057623687915,999.0,high,bold_grey_connect
2461,RMEP,*61,2306,2499,194,2305,2500,33.97484691617672,3,18.73927383464286,999.0,high,bold_grey_connect
2462,RMEP,*61,2306,2499,194,2305,2500,33.57706829786772,3,18.71992148939834,999.0,high,bold_grey_connect
2463,RMEP,*61,2306,2499,194,2305,2500,33.25118935523691,3,18.688068648211345,999.0,high,bold_grey_connect
2464,RMEP,*61,2306,2499,194,2305,2500,32.90195925397691,3,18.648920856718235,999.0,high,bold_grey_connect
2465,RMEP,*61,2306,2499,194,2305,2500,32.5716532668356,3,18.579319048602997,999.0,high,bold_grey_connect
2466,RMEP,*61,2306,2499,194,2305,2500,32.20903280065576,3,18.595160751330734,999.0,high,bold_grey_connect
2467,RMEP,*61,2306,2499,194,2305,2500,31.849505555640373,3,18.830177772140797,999.0,high,bold_grey_connect
2468,RMEP,*61,2306,2499,194,2305,2500,31.49096950802021,3,18.880029461451205,999.0,high,bold_grey_connect
2469,RMEP,*61,2306,2499,194,2305,2500,31.146411501316948,3,18.926794707515654,999.0,high,bold_grey_connect
2470,RMEP,*61,2306,2499,194,2305,2500,30.71665772346231,3,19.018179099943882,999.0,high,bold_grey_connect
2471,RMEP,*61,2306,2499,194,2305,2500,30.29817206839372,3,19.10915839162331,999.0,high,bold_grey_connect
2472,RMEP,*61,2306,2499,194,2305,2500,29.812538710244738,3,19.211553089821184,999.0,high,bold_grey_connect
2473,RMEP,*61,2306,2499,194,2305,2500,29.36529558467534,3,19.220510379978787,999.0,high,bold_grey_connect
2475,RMEP,*59,2306,2499,194,2305,2500,28.347795469365263,3,19.311675396154083,999.0,high,bold_grey_connect
2477,RMEP,*59,2306,2499,194,2305,2500,27.54717717076092,3,19.747332654435223,999.0,high,bold_grey_connect
2479,RMEP,*61,2306,2499,194,2305,2500,26.59986649115387,3,19.721654122559624,999.0,high,bold_grey_connect
2480,RMEP,*61,2306,2499,194,2305,2500,26.110944354093537,3,19.98032442150834,999.0,high,bold_grey_connect
2482,RMEP,*61,2306,2499,194,2305,2500,25.088467314028303,3,20.1899321568375,999.0,high,bold_grey_connect
2483,RMEP,*61,2306,2499,194,2305,2500,24.47977759850484,3,20.40444810921581,999.0,high,bold_grey_connect
2485,RMEP,*59,2306,2499,194,2305,2500,23.044864282706413,3,20.73524528085582,999.0,high,bold_grey_connect
2486,RMEP,*59,2306,2499,194,2305,2500,22.337763979228395,3,20.918351026852623,999.0,high,bold_grey_connect
2488,RMEP,*52,2306,2499,194,2305,2500,20.310273944979578,3,21.4710129924172,999.0,high,bold_grey_connect
2489,RMEP,*52,2306,2499,194,2305,2500,19.197873312869394,3,21.08941660140213,999.0,high,bold_grey_connect
2491,RMEP,*52,2306,2499,194,2305,2500,16.719106903817543,3,20.46082984343991,999.0,high,bold_grey_connect
2493,RMEP,*58,2306,2499,194,2305,2500,13.8015259685511,3,19.739835991887663,999.0,high,bold_grey_connect
2494,RMEP,*58,2306,2499,194,2305,2500,12.159035790192572,3,19.588627490601727,999.0,high,bold_grey_connect
2496,RMEP,*58,2306,2499,194,2305,2500,8.556694989866974,3,19.51782363338458,999.0,high,bold_grey_connect
